Time	left hip X	left hip Y	left hip Z	left hip Length	left hip v(X)	left hip v(Y)	left hip v(Z)	left hip v(abs)	left hip a(X)	left hip a(Y)	left hip a(Z)	left hip a(abs)	left hip #2D	left knee X	left knee Y	left knee Z	left knee Length	left knee v(X)	left knee v(Y)	left knee v(Z)	left knee v(abs)	left knee a(X)	left knee a(Y)	left knee a(Z)	left knee a(abs)	left knee #2D	left ankle-bone X	left ankle-bone Y	left ankle-bone Z	left ankle-bone Length	left ankle-bone v(X)	left ankle-bone v(Y)	left ankle-bone v(Z)	left ankle-bone v(abs)	left ankle-bone a(X)	left ankle-bone a(Y)	left ankle-bone a(Z)	left ankle-bone a(abs)	left ankle-bone #2D	left foot X	left foot Y	left foot Z	left foot Length	left foot v(X)	left foot v(Y)	left foot v(Z)	left foot v(abs)	left foot a(X)	left foot a(Y)	left foot a(Z)	left foot a(abs)	left foot #2D
0.00000000	0.00000000	0.00000000	0.00000000	0.00000000	0.00000000	0.00000000	0.00000000	0.00000000	0.00000000	0.00000000	0.00000000	0.00000000	0.00000000	0.00000000	0.00000000	0.00000000	0.00000000	0.00000000	0.00000000	0.00000000	0.00000000	0.00000000	0.00000000	0.00000000	0.00000000	0.00000000	0.00000000	0.00000000	0.00000000	0.00000000	0.00000000	0.00000000	0.00000000	0.00000000	0.00000000	0.00000000	0.00000000	0.00000000	0.00000000	0.00000000	0.00000000	0.00000000	0.00000000	0.00000000	0.00000000	0.00000000	0.00000000	0.00000000	0.00000000	0.00000000	0.00000000	0.00000000
0.01000000	0.01000000	0.01000000	0.01000000	0.01000000	0.01000000	0.01000000	0.01000000	0.01000000	0.01000000	0.01000000	0.01000000	0.01000000	0.01000000	0.01000000	0.01000000	0.01000000	0.01000000	0.01000000	0.01000000	0.01000000	0.01000000	0.01000000	0.01000000	0.01000000	0.01000000	0.01000000	0.01000000	0.01000000	0.01000000	0.01000000	0.01000000	0.01000000	0.01000000	0.01000000	0.01000000	0.01000000	0.01000000	0.01000000	0.01000000	0.01000000	0.01000000	0.01000000	0.01000000	0.01000000	0.01000000	0.01000000	0.01000000	0.01000000	0.01000000	0.01000000	0.01000000	0.01000000
0.000000	0.00508813	-0.01020471	0.94257766	0.00000000	0.72993773	0.15347710	-0.08417468	0.75063288	-2.17478681	-3.90945911	-2.34858465	-2.49017000	2.00000000													1.00000000	-0.07033167	0.02181300	0.08389907	0.00000000	0.02029520	-0.01905231	0.01698137	0.03260755	-0.18333718	0.87399685	1.39798641	0.57420373	5.00000000	-0.09183455	0.15927093	0.07573362	0.00000000	0.00338846	-0.00216191	0.00197403	0.00447798	-0.57494009	0.20780951	-0.10655558	-0.01545525	5.00000000
0.010000	0.01258132	-0.00854915	0.94163615	0.00773145	0.70602298	0.11384892	-0.10751784	0.72318053	-2.68790722	-3.61519408	-2.27318621	-2.74012089	2.00000000													1.00000000	-0.07011934	0.02171746	0.08413040	0.00032822	0.01857392	-0.00882233	0.03502108	0.04061158	-0.09545926	1.40862751	2.44313169	2.04612446	5.00000000	-0.09180007	0.15925336	0.07575827	0.00004588	-0.00331998	-0.00130609	0.00380278	0.00521433	-0.76837647	0.06184851	0.44793695	0.65240288	5.00000000
0.020000	0.01940531	-0.00744370	0.94071645	0.01470531	0.68210822	0.07422075	-0.13086100	0.69850194	-3.20102763	-3.32092905	-2.19778776	-2.99007177	2.00000000													1.00000000	-0.06992600	0.02153604	0.08443258	0.00073022	0.01685265	0.00140766	0.05306080	0.05569059	-0.00758134	1.94325817	3.48827696	3.51804519	5.00000000	-0.09182179	0.15925235	0.07579508	0.00008863	-0.01002842	-0.00045026	0.00563152	0.01151025	-0.96181285	-0.08411249	1.00242949	1.32026100	5.00000000
0.030000	0.02631692	-0.00698092	0.93940461	0.02175551	0.65578693	0.05318855	-0.15044212	0.67492104	-3.62294698	-3.39926195	-1.92844975	-3.32440782	2.00000000													1.00000000	-0.06977761	0.02140891	0.08481524	0.00115988	0.01802922	0.02100165	0.08530921	0.08968714	-0.06355757	2.16476893	4.50938368	4.63896275	5.00000000	-0.09192126	0.15921977	0.07583120	0.00019936	-0.01757983	0.00140071	0.01156901	0.02109157	-1.00945020	-0.30745396	1.97233272	2.17463446	5.00000000
0.040000	0.03265125	-0.00646017	0.93780202	0.02831015	0.60704195	0.01113074	-0.17519642	0.63191581	-4.17460775	-3.18056083	-1.27134180	-3.74638462	2.00000000													1.00000000	-0.06964633	0.02170736	0.08572017	0.00212176	0.01817904	0.05106651	0.13884753	0.14905335	-0.35428452	2.53820610	5.68952370	6.05539513	5.00000000	-0.09212707	0.15922762	0.07593019	0.00042787	-0.03235557	-0.00210715	0.03168651	0.04533606	-0.60217571	-0.00872900	3.45745206	3.45716715	5.00000000
0.050000	0.03898084	-0.00660192	0.93561405	0.03500873	0.55999368	-0.01947459	-0.19020636	0.59173530	-4.80746508	-2.98765182	-0.38740522	-4.42378950	2.00000000													1.00000000	-0.06943897	0.02235108	0.08719661	0.00374572	0.01812645	0.08189700	0.21140909	0.22744118	-1.25519729	3.17071342	5.95695686	6.65724230	5.00000000	-0.09244850	0.15929933	0.07614005	0.00081839	-0.04681833	-0.01239218	0.07268370	0.08734095	0.27452859	1.24971437	5.07589054	5.05967617	5.00000000
0.060000	0.04397644	-0.00705547	0.93351448	0.04044656	0.51208788	-0.04976435	-0.18857071	0.54796845	-5.08446503	-2.07726145	0.81988704	-5.01464367	2.00000000													1.00000000	-0.06922039	0.02343052	0.08969353	0.00647474	0.00997086	0.10870760	0.29165259	0.31141290	-2.85482144	4.29164457	4.57928133	6.40819168	5.00000000	-0.09303448	0.15928958	0.07673803	0.00165567	-0.04720576	-0.01338944	0.13771877	0.14619890	1.12014723	3.56080294	6.20625162	6.87146950	5.00000000
0.070000	0.04869634	-0.00770552	0.93146741	0.04563216	0.45793879	-0.07879831	-0.17278045	0.49575216	-5.23196697	-0.38322636	2.21787095	-5.62946701	2.00000000	-0.03584000	0.09722233	0.53505254	0.00000000									2.00000000	-0.06902942	0.02495433	0.09304416	0.01016055	-0.01947588	0.14218800	0.35073066	0.37895742	-4.83977604	6.11447096	1.35324919	6.18316984	5.00000000	-0.09380181	0.15893456	0.07832021	0.00344959	-0.01971088	0.02592107	0.21896137	0.22136961	1.39292562	6.81431580	5.98899317	8.33696079	5.00000000
0.080000	0.05300201	-0.00863913	0.92988950	0.05031192	0.40376383	-0.08194954	-0.14241238	0.43591541	-5.80469561	1.52689064	3.25078845	-6.42578077	2.00000000	-0.03204355	0.10191436	0.53359997	0.00620791									2.00000000	-0.06900913	0.02615035	0.09743200	0.01470852	-0.08175249	0.20530054	0.35727724	0.42009380	-6.47576714	8.55094624	-3.41607928	6.80736780	5.00000000	-0.09439503	0.15848415	0.08094692	0.00617986	0.01895465	0.11688421	0.29710889	0.31983572	1.11426497	10.58426857	3.45576811	9.32997990	5.00000000
0.090000	0.05709274	-0.00970926	0.92869812	0.05470494	0.35211071	-0.04976485	-0.09892831	0.36911422	-6.59972048	3.71253061	3.67039108	-6.55193663	2.00000000													1.00000000	-0.06976573	0.02797421	0.10191031	0.01960282	-0.17287122	0.30666292	0.29550746	0.45962077	-6.78662014	10.39398193	-8.54720592	7.66329002	5.00000000	-0.09397835	0.15925319	0.08482606	0.01015638	0.03477726	0.25313136	0.34432417	0.42877042	0.37193787	13.29181671	-1.38841164	9.81881714	5.00000000
0.100000	0.06032310	-0.01083257	0.92767715	0.05827418	0.28616154	0.00766571	-0.05013396	0.29062107	-7.39782429	5.57257986	3.57154250	-5.31161880	2.00000000													1.00000000	-0.07177465	0.03076612	0.10524165	0.02439117	-0.26847583	0.44539660	0.16656493	0.54607809	-5.19593525	9.95450497	-12.15440369	7.38247156	5.00000000	-0.09242015	0.16268109	0.08906461	0.01582593	0.01644716	0.41980889	0.32284626	0.52984875	-0.82291228	13.04947758	-6.94509554	9.06215191	5.00000000
0.110000	0.06301424	-0.01047644	0.92741305	0.06100160	0.20194760	0.07902244	-0.01293967	0.21724369	-8.11256695	6.09436178	3.19022250	-3.35100460	2.00000000													1.00000000	-0.07548915	0.03614939	0.10628441	0.03101419	-0.32994962	0.58939737	-0.00955562	0.67553484	-1.95811331	6.60874891	-12.87178993	5.11605692	5.00000000	-0.09149471	0.16832355	0.09298827	0.02276054	-0.00670738	0.59461492	0.19838579	0.62687224	-1.74226534	9.53951073	-11.23837852	6.45622301	5.00000000
0.120000	0.06465709	-0.00884804	0.92774761	0.06333881	0.10788139	0.15745243	0.01040250	0.19114883	-8.33269691	5.08602190	2.80062079	-1.47582698	2.00000000													1.00000000	-0.08008965	0.04344452	0.10493942	0.03974303	-0.32862490	0.66534835	-0.17864747	0.76328087	1.92586076	1.01360333	-10.56681252	0.62673241	5.00000000	-0.09234676	0.17568848	0.09538287	0.03055171	-0.02905565	0.70155919	0.00866962	0.70221412	-1.57900393	3.78711724	-12.90280914	2.44551778	5.00000000
0.130000	0.06538337	-0.00649407	0.92843413	0.06589615	0.01604411	0.21865439	0.02697855	0.22089590	-7.74417353	3.35995507	2.68660235	0.46796077	2.00000000													1.00000000	-0.08425375	0.05220095	0.10148575	0.05003587	-0.26666403	0.63236398	-0.28365824	0.74260080	5.14464092	-5.59946537	-6.00155783	-5.62078714	5.00000000	-0.09432586	0.18373926	0.09461834	0.03887736	-0.04939828	0.69508910	-0.16737977	0.71666247	-0.80223554	-3.06120825	-11.03357506	-2.52584767	5.00000000
0.140000	0.06475297	-0.00386996	0.92865354	0.06860383	-0.06349481	0.23588331	0.05053232	0.24945149	-6.70800352	1.57953846	2.92981410	2.18684292	2.00000000													1.00000000	-0.08654551	0.05980290	0.09702327	0.05914387	-0.17381266	0.50483882	-0.30283698	0.61382675	6.59605217	-11.11790466	-0.61708641	-11.50845528	5.00000000	-0.09471674	0.19239727	0.09000641	0.04869488	-0.05585756	0.59234011	-0.27274755	0.65450603	-0.40551239	-9.33959103	-5.92562723	-7.95025253	5.00000000
0.150000	0.06348492	-0.00121297	0.92866337	0.07154791	-0.11951718	0.21856287	0.08451045	0.26305151	-5.71890068	0.10550270	3.18950367	2.94659185	2.00000000													1.00000000	-0.08691585	0.06379256	0.09324637	0.06465018	-0.08542953	0.33366308	-0.25594252	0.42911050	6.03092575	-13.35317802	3.70596266	-14.25418472	5.00000000	-0.09453528	0.19795217	0.08493278	0.05622028	-0.04176305	0.44235983	-0.29475713	0.53320551	-0.31576398	-12.74975872	0.07662904	-11.85207081	5.00000000
0.160000	0.06165848	0.00111937	0.92921919	0.07456198	-0.15970434	0.20262226	0.12603202	0.28713295	-4.92744875	-0.41106889	2.95869136	3.12365150	2.00000000													1.00000000	-0.08651662	0.06487563	0.09124248	0.06696275	-0.02582011	0.15926754	-0.17449613	0.23765884	4.22711134	-12.05075741	5.70841885	-13.25164032	5.00000000	-0.09410498	0.20103858	0.08145477	0.06089015	-0.03286730	0.27645913	-0.23816587	0.36637807	-0.10372692	-12.54915428	4.30373144	-12.59973431	5.00000000
0.170000	0.06001281	0.00262787	0.93114984	0.07751346	-0.20132343	0.19730918	0.16429324	0.32627335	-4.32684231	0.27841875	1.97528899	3.43444633	2.00000000													1.00000000	-0.08649187	0.06446621	0.09076089	0.06759534	-0.00423702	0.03380657	-0.09150524	0.09764244	2.29359102	-8.77785301	5.53377199	-10.08998489	5.00000000	-0.09504706	0.20139419	0.08097281	0.06200651	-0.04767043	0.12984411	-0.13319856	0.19202557	0.13916464	-10.01996326	5.87220860	-11.09588623	5.00000000
0.180000	0.05831797	0.00385832	0.93358898	0.08072841	-0.24947190	0.20422968	0.18448283	0.37145647	-3.80308580	1.40655112	0.50622529	3.59257340	2.00000000													1.00000000	-0.08683264	0.06450676	0.09063996	0.06795920	-0.00772029	-0.01686091	-0.03548749	0.04004067	0.89795595	-5.06875992	4.16540241	-6.27805233	5.00000000	-0.09587035	0.20200989	0.08079356	0.06305008	-0.06130331	0.04719818	-0.04333798	0.08867889	0.30106568	-6.73382473	5.42038488	-8.47835159	5.00000000
0.190000	0.05585126	0.00619460	0.93603855	0.08491687	-0.29354838	0.22700618	0.17762333	0.41140309	-2.95853877	2.08508897	-0.90164411	3.04577971	2.00000000													1.00000000	-0.08712788	0.06417139	0.09046034	0.06844077	-0.01317629	-0.01849147	-0.01428239	0.02682416	0.20203234	-1.84883130	2.47187829	-2.94058108	5.00000000	-0.09676211	0.20210038	0.08075040	0.06394745	-0.05387794	0.02310947	-0.00695822	0.05903640	0.71171248	-3.48917675	3.64914060	-5.02009106	5.00000000
0.200000	0.05218200	0.00865639	0.93742126	0.08954675	-0.32283020	0.26223460	0.14757165	0.44132042	-1.48861766	2.09361672	-1.79089379	1.72956383	2.00000000													1.00000000	-0.08715028	0.06393036	0.09026152	0.06875402	-0.00902340	-0.01222746	-0.01105883	0.01879442	0.06759492	0.01192929	1.08117235	-1.07480264	5.00000000	-0.09724349	0.20218706	0.08067687	0.06444208	-0.03039023	0.02371681	-0.00631052	0.03906246	1.22199166	-1.14619422	1.53295684	-2.12740731	5.00000000
0.210000	0.04808551	0.01191885	0.93849176	0.09489192	-0.33164832	0.29355782	0.11441956	0.45744798	0.30903491	1.48409963	-2.02831244	0.04621247	2.00000000													1.00000000	-0.08711321	0.06382971	0.09015673	0.06890397	-0.00162106	-0.00934179	-0.00886284	0.01297870	0.14597858	0.45364651	0.35508609	-0.49491912	5.00000000	-0.09723305	0.20242760	0.08061548	0.06469054	-0.01099389	0.02121218	-0.00588130	0.02460512	1.26345837	-0.24714369	0.24707323	-1.00022101	5.00000000
0.220000	0.04446644	0.01470738	0.93928993	0.09952987	-0.31621709	0.30450639	0.09360860	0.44886518	1.73434234	0.40645400	-1.68866241	-1.45099652	2.00000000													1.00000000	-0.08709433	0.06385723	0.09012222	0.06895198	0.00058928	-0.00310621	-0.00568250	0.00650281	0.11411370	0.31730264	0.16876021	-0.30505201	5.00000000	-0.09707355	0.20274021	0.08056525	0.06504506	0.00243410	0.02214015	-0.00610041	0.02309385	0.81727135	-0.24438176	-0.02235796	-0.73924077	5.00000000
0.230000	0.04191475	0.01793821	0.94014484	0.10373466	-0.27889979	0.29643396	0.08632888	0.41606593	2.42349410	-0.88606811	-1.11187828	-2.56758666	2.00000000													1.00000000	-0.08708561	0.06387936	0.09012347	0.06897580	-0.00216837	-0.00032640	-0.00330595	0.00396707	-0.05897835	0.21135828	0.14199322	-0.14350832	5.00000000	-0.09691738	0.20305458	0.08049638	0.06540278	0.00414184	0.01869102	-0.00558980	0.01994380	0.29314673	-0.36559254	0.04221208	-0.45238978	5.00000000
0.240000	0.03947543	0.02117016	0.94109571	0.10789398	-0.23868509	0.27571076	0.08190224	0.37375790	2.54020572	-1.96559119	-0.76735502	-3.28106642	2.00000000													1.00000000	-0.08710509	0.06389938	0.09009512	0.06901560	-0.00528470	0.00031237	-0.00258920	0.00589318	-0.18333985	0.13672177	0.09886599	-0.00629106	5.00000000	-0.09691477	0.20321532	0.08044305	0.06557215	-0.00009860	0.01259508	-0.00509266	0.01358606	-0.05295293	-0.39909828	0.05788108	-0.33017793	5.00000000
0.250000	0.03726399	0.02383031	0.94192320	0.11145089	-0.21530966	0.25093916	0.07811884	0.33975178	2.27960324	-2.59644008	-0.79821515	-3.53480339	2.00000000													1.00000000	-0.08718620	0.06384861	0.09004600	0.06912316	-0.00733224	-0.00013411	-0.00281011	0.00785344	-0.15562847	0.07261615	0.06569186	0.07989600	5.00000000	-0.09701850	0.20323123	0.08038141	0.06569386	-0.00399829	0.00655614	-0.00435642	0.00882880	-0.17415193	-0.37992305	0.06868814	-0.33683699	5.00000000
0.260000	0.03516201	0.02618149	0.94268417	0.11469518	-0.20613964	0.21934572	0.06955365	0.30893981	1.82009745	-2.86834741	-1.04155207	-3.45053005	2.00000000													1.00000000	-0.08730587	0.06384458	0.09001758	0.06924623	-0.00856196	0.00002241	-0.00270711	0.00897976	-0.04736861	0.06918847	0.06596257	0.05272753	5.00000000	-0.09714004	0.20321265	0.08035309	0.06582004	-0.00560284	0.00262298	-0.00347706	0.00709660	-0.09472761	-0.25758600	0.06561292	-0.25234357	5.00000000
0.270000	0.03329153	0.02792736	0.94329500	0.11732575	-0.19397192	0.18889031	0.05622556	0.27652481	1.47400546	-2.87196398	-1.32601357	-3.24571204	2.00000000													1.00000000	-0.08741646	0.06385676	0.08998822	0.06936129	-0.00866347	0.00147782	-0.00174046	0.00895929	0.04826482	0.08343832	0.09027961	-0.01529122	5.00000000	-0.09718005	0.20321444	0.08032174	0.06587090	-0.00475229	0.00176094	-0.00278484	0.00578278	0.02140562	-0.11502022	0.05551707	-0.13070273	5.00000000
0.280000	0.03135500	0.02971618	0.94388384	0.12002701	-0.17626628	0.15828669	0.04045218	0.24033488	1.40767276	-2.72167087	-1.51422608	-3.05875707	2.00000000													1.00000000	-0.08748238	0.06387407	0.08998029	0.06942991	-0.00721117	0.00318481	-0.00018987	0.00788543	0.11223001	0.09812693	0.11030202	-0.05335405	5.00000000	-0.09717786	0.20326798	0.08030613	0.06592672	-0.00304574	0.00253183	-0.00223387	0.00454718	0.09174977	-0.00642964	0.04001829	-0.06719635	5.00000000
0.290000	0.02944232	0.03132971	0.94423890	0.12255444	-0.15780526	0.13144353	0.02287924	0.20664792	1.38107169	-2.49686265	-1.44376612	-2.78617811	2.00000000													1.00000000	-0.08754569	0.06392461	0.08997991	0.06951091	-0.00503560	0.00404517	0.00124679	0.00657838	0.15005770	0.08714633	0.10984670	-0.06245542	5.00000000	-0.09717794	0.20330994	0.08028314	0.06597456	-0.00161628	0.00336940	-0.00200930	0.00424293	0.11079583	0.04466062	0.02845645	-0.04084768	5.00000000
0.300000	0.02797289	0.03256558	0.94435936	0.12447827	-0.14502066	0.11066237	0.00613530	0.18252341	1.16552413	-2.19973588	-1.14677513	-2.32160759	2.00000000													1.00000000	-0.08758879	0.06397515	0.08999583	0.06957921	-0.00321424	0.00447687	0.00233483	0.00598541	0.15417154	0.04891526	0.08865435	-0.05201513	5.00000000	-0.09721565	0.20333920	0.08026015	0.06602754	-0.00091214	0.00379284	-0.00196472	0.00436781	0.10459103	0.04851588	0.02171274	-0.00506884	5.00000000
0.310000	0.02683552	0.03333308	0.94426721	0.12585346	-0.13499494	0.08886331	-0.00600715	0.16172943	0.87267053	-1.85485423	-0.73595095	-1.78324187	2.00000000													1.00000000	-0.08761299	0.06402554	0.09004772	0.06965549	-0.00190840	0.00485467	0.00287555	0.00595640	0.12684135	0.01162911	0.05296381	-0.03643232	5.00000000	-0.09725030	0.20336123	0.08024618	0.06607091	-0.00027933	0.00387145	-0.00181782	0.00428609	0.09697210	0.03562227	0.01957288	0.02488781	5.00000000
0.320000	0.02576118	0.03400378	0.94401664	0.12714453	-0.12941951	0.07084601	-0.00902613	0.14781758	0.69686246	-1.57528591	-0.26311311	-1.40650260	2.00000000													1.00000000	-0.08761682	0.06407331	0.09007729	0.06971180	-0.00084974	0.00497152	0.00333550	0.00604679	0.08847243	-0.01167797	0.01270884	-0.03368894	5.00000000	-0.09724109	0.20339742	0.08022501	0.06611384	0.00058313	0.00424062	-0.00152259	0.00454326	0.08818383	0.02186123	0.02278812	0.02985357	5.00000000
0.330000	0.02433114	0.03471075	0.94385260	0.12874819	-0.12531856	0.05699424	-0.00699212	0.13784765	0.72512853	-1.34405601	0.16026114	-1.25950193	2.00000000													1.00000000	-0.08761097	0.06410306	0.09011682	0.06976162	-0.00009276	0.00456776	0.00336748	0.00567565	0.05240231	-0.03522903	-0.02412788	-0.05333972	5.00000000	-0.09720970	0.20345964	0.08020753	0.06618568	0.00200309	0.00459577	-0.00124897	0.00516656	0.07283697	0.00843198	0.02269984	0.01934724	5.00000000
0.340000	0.02290159	0.03527751	0.94380426	0.13028675	-0.11976276	0.04641004	-0.00236680	0.12846249	0.95004201	-1.17618918	0.34594366	-1.33586419	2.00000000													1.00000000	-0.08761264	0.06417660	0.09012813	0.06983604	0.00033292	0.00400034	0.00290461	0.00495483	0.02038654	-0.06183548	-0.05748722	-0.08241577	5.00000000	-0.09717052	0.20350841	0.08020197	0.06624849	0.00299532	0.00481668	-0.00096609	0.00575375	0.05003024	-0.01049993	0.01519162	0.00198000	5.00000000
0.350000	0.02154800	0.03576792	0.94397736	0.13173681	-0.11024307	0.03733765	0.00412514	0.11646738	1.22907197	-1.05239391	0.30326840	-1.50784898	2.00000000													1.00000000	-0.08761191	0.06421289	0.09017450	0.06989493	0.00027567	0.00337257	0.00198670	0.00392392	-0.00948852	-0.06896888	-0.09197357	-0.07873379	5.00000000	-0.09715811	0.20356467	0.08018903	0.06630754	0.00319214	0.00451828	-0.00077393	0.00558602	0.01629535	-0.03985253	0.00809392	-0.02982150	5.00000000
0.360000	0.02075181	0.03588212	0.94399649	0.13254137	-0.09431972	0.02681998	0.00851154	0.09842747	1.32461870	-0.83968401	0.21540038	-1.51021779	2.00000000													1.00000000	-0.08760486	0.06424141	0.09019788	0.06993248	-0.00010127	0.00243460	0.00086073	0.00258426	-0.03829091	-0.05842787	-0.11684889	-0.03923119	5.00000000	-0.09711353	0.20359276	0.08019231	0.06636033	0.00277267	0.00389976	-0.00083763	0.00485772	-0.02899797	-0.07559213	0.00215166	-0.07501193	5.00000000
0.370000	0.01993290	0.03611908	0.94407564	0.13339755	-0.07436974	0.01473663	0.00762294	0.07619800	1.22851455	-0.59461379	0.09657937	-1.34243953	2.00000000													1.00000000	-0.08759907	0.06425581	0.09021040	0.06995242	-0.00058028	0.00148316	-0.00038625	0.00163880	-0.06020544	-0.05070792	-0.12139872	0.00198571	5.00000000	-0.09709017	0.20364013	0.08018070	0.06641441	0.00236332	0.00301041	-0.00098888	0.00395294	-0.06385736	-0.10253734	-0.00408602	-0.09370767	5.00000000
0.380000	0.01922969	0.03631278	0.94417363	0.13413350	-0.06004648	0.00896327	0.00562618	0.06097191	0.97483963	-0.41128787	-0.04057585	-1.04950595	2.00000000													1.00000000	-0.08760641	0.06425384	0.09017854	0.06998517	-0.00127840	0.00141431	-0.00194808	0.00272572	-0.06846318	-0.04236626	-0.10899484	0.03997216	5.00000000	-0.09705080	0.20366320	0.08017088	0.06646109	0.00170606	0.00175697	-0.00095746	0.00262951	-0.07479048	-0.11810908	-0.00058466	-0.06735586	5.00000000
0.390000	0.01862302	0.03634724	0.94426209	0.13474755	-0.05562801	0.01090731	0.00602504	0.05700654	0.53564173	-0.29086185	-0.05884799	-0.58133650	2.00000000													1.00000000	-0.08762971	0.06427003	0.09015005	0.07002538	-0.00219432	0.00130900	-0.00315756	0.00406186	-0.06549402	-0.03024232	-0.09097893	0.07365042	5.00000000	-0.09705374	0.20368995	0.08015359	0.06649307	0.00054824	0.00021681	-0.00102613	0.00118343	-0.07074285	-0.13047063	0.01499595	-0.02580000	5.00000000
0.400000	0.01830804	0.03626293	0.94426227	0.13507362	-0.05421604	0.01252163	0.00530680	0.05589573	0.05901490	-0.27854472	0.04497504	-0.06893646	2.00000000													1.00000000	-0.08765627	0.06427895	0.09011034	0.07007399	-0.00300935	0.00100409	-0.00382625	0.00497037	-0.05414955	-0.03065315	-0.06654964	0.07543766	5.00000000	-0.09704264	0.20367853	0.08014057	0.06651364	-0.00039805	-0.00096684	-0.00097839	0.00143194	-0.06498313	-0.12804526	0.02631359	0.01596055	5.00000000
0.410000	0.01784546	0.03639138	0.94430006	0.13555519	-0.05556818	0.00938792	0.00496010	0.05657348	-0.19210523	-0.44325477	0.11522074	0.21467882	2.00000000													1.00000000	-0.08769128	0.06431738	0.09007223	0.07013844	-0.00347818	0.00059412	-0.00411024	0.00541708	-0.03418604	-0.04083674	-0.03937279	0.04731407	5.00000000	-0.09706481	0.20365077	0.08014427	0.06654935	-0.00087675	-0.00233389	-0.00052899	0.00254864	-0.04952586	-0.09689149	0.02726416	0.04650737	5.00000000
0.420000	0.01721518	0.03670136	0.94436461	0.13626054	-0.05995841	0.00127551	0.00698815	0.06037774	-0.19566916	-0.66378623	0.12630387	0.25165319	2.00000000													1.00000000	-0.08773056	0.06430810	0.09002847	0.07019797	-0.00360869	0.00013156	-0.00441453	0.00570333	-0.01147133	-0.03474216	-0.02071313	0.02108023	5.00000000	-0.09708140	0.20360754	0.08012821	0.06659836	-0.00099254	-0.00355567	0.00015125	0.00369469	-0.02664544	-0.05775813	0.02624736	0.04887756	5.00000000
0.430000	0.01647797	0.03691421	0.94442302	0.13703008	-0.06531844	-0.00795582	0.01044969	0.06662574	-0.08396273	-0.71154404	0.13121468	0.16825804	2.00000000													1.00000000	-0.08777067	0.06430017	0.08998378	0.07025854	-0.00353424	-0.00041636	-0.00454249	0.00577049	0.00497210	-0.01748951	-0.00953685	0.00338989	5.00000000	-0.09709257	0.20359764	0.08013120	0.06661359	-0.00129504	-0.00407360	0.00039078	0.00429233	-0.01458554	-0.02542075	0.01790964	0.02671961	5.00000000
0.440000	0.01577283	0.03661098	0.94454139	0.13780673	-0.06581292	-0.01719522	0.01191248	0.06905739	0.08891821	-0.49707669	0.09228618	-0.01488955	2.00000000													1.00000000	-0.08780792	0.06428212	0.08993459	0.07032283	-0.00331750	-0.00073450	-0.00461570	0.00573149	0.01291621	-0.00231154	0.00491996	-0.01196475	5.00000000	-0.09709442	0.20352507	0.08014321	0.06668717	-0.00131118	-0.00349892	0.00029566	0.00374820	-0.01608177	0.01038277	0.00185499	-0.00237996	5.00000000
0.450000	0.01515321	0.03610403	0.94470042	0.13862294	-0.06156240	-0.02321573	0.01178582	0.06684164	0.25704363	-0.21379386	-0.00616911	-0.21949686	2.00000000													1.00000000	-0.08783540	0.06427935	0.08988678	0.07037804	-0.00312248	-0.00026152	-0.00454218	0.00551812	0.01677995	0.01362887	0.02732333	-0.03117570	5.00000000	-0.09710250	0.20349891	0.08016025	0.06671941	-0.00135023	-0.00309000	0.00021327	0.00337887	-0.01592603	0.04627160	-0.00937490	-0.03144712	5.00000000
0.460000	0.01453704	0.03575846	0.94488168	0.13935228	-0.05561361	-0.02230052	0.01091957	0.06090504	0.33029097	-0.08671610	-0.09607100	-0.30719534	2.00000000													1.00000000	-0.08786336	0.06427946	0.08984283	0.07043014	-0.00299364	0.00010629	-0.00430650	0.00524587	0.02078619	0.02999748	0.05089822	-0.05014538	5.00000000	-0.09713109	0.20343810	0.08015867	0.06678662	-0.00156959	-0.00272070	-0.00003148	0.00314115	-0.00747541	0.06543514	-0.00887944	-0.04599654	5.00000000
0.470000	0.01401363	0.03566832	0.94494957	0.13988771	-0.05113843	-0.01567608	0.00944138	0.05431407	0.26066571	-0.09011682	-0.12595615	-0.22264926	2.00000000													1.00000000	-0.08789033	0.06428294	0.08979872	0.07048196	-0.00286891	0.00039476	-0.00361968	0.00463557	0.02591176	0.03162006	0.06877940	-0.06370246	5.00000000	-0.09714641	0.20347005	0.08014271	0.06682549	-0.00189698	-0.00215732	-0.00009214	0.00287420	0.00176755	0.06114506	-0.00190486	-0.04579486	5.00000000
0.480000	0.01355081	0.03572847	0.94500273	0.14035743	-0.04990117	-0.01445264	0.00748783	0.05248879	0.10634502	-0.14022495	-0.12550424	-0.04985618	2.00000000													1.00000000	-0.08792399	0.06429901	0.08976249	0.07053395	-0.00260063	0.00066372	-0.00258839	0.00372875	0.03300895	0.02223616	0.07563353	-0.07074162	5.00000000	-0.09716500	0.20342599	0.08013617	0.06687376	-0.00187475	-0.00109933	-0.00013498	0.00217749	0.01245695	0.05243407	0.00707298	-0.04566435	5.00000000
0.490000	0.01311780	0.03564186	0.94504380	0.14080092	-0.05033286	-0.02136932	0.00609408	0.05501984	-0.03433625	-0.22487347	-0.11739136	0.10766082	2.00000000													1.00000000	-0.08795387	0.06429285	0.08973194	0.07057714	-0.00215620	0.00097894	-0.00157077	0.00284163	0.03844718	0.01981637	0.07090966	-0.06619348	5.00000000	-0.09717997	0.20342779	0.08013727	0.06688888	-0.00145181	-0.00026673	0.00003905	0.00147662	0.02831292	0.04563190	0.01041850	-0.05034783	5.00000000
0.500000	0.01264764	0.03543336	0.94513613	0.14132346	-0.05227550	-0.02893082	0.00551343	0.06000098	-0.07112780	-0.21931833	-0.09902070	0.13177326	2.00000000													1.00000000	-0.08797421	0.06430773	0.08973259	0.07060235	-0.00166955	0.00103153	-0.00088277	0.00215192	0.03807951	0.01465053	0.05114193	-0.05160831	5.00000000	-0.09720166	0.20338657	0.08015789	0.06693982	-0.00100297	-0.00030423	0.00030771	0.00109233	0.04479393	0.03654779	0.00642726	-0.04194487	5.00000000
0.510000	0.01202300	0.03487151	0.94520205	0.14216618	-0.05406146	-0.03095797	0.00481953	0.06248412	0.02331818	0.04130184	-0.07979488	-0.04237055	2.00000000													1.00000000	-0.08798206	0.06431756	0.08973803	0.07061605	-0.00117477	0.00109964	-0.00059785	0.00171660	0.03049502	0.00107900	0.02154636	-0.03352069	5.00000000	-0.09721365	0.20343708	0.08015059	0.06699224	-0.00060399	-0.00025630	0.00050198	0.00082613	0.04687419	0.01892220	0.00436873	-0.02142939	5.00000000
0.520000	0.01147206	0.03440595	0.94524974	0.14288907	-0.05455231	-0.02797482	0.00395526	0.06143443	0.19082339	0.41091716	-0.06908178	-0.31104076	2.00000000													1.00000000	-0.08798642	0.06433947	0.08974153	0.07063866	-0.00093300	0.00134440	-0.00046827	0.00170210	0.01891434	-0.00487206	-0.00587933	-0.01092315	5.00000000	-0.09720802	0.20343310	0.08015611	0.06700107	-0.00004054	-0.00009872	0.00031597	0.00033350	0.03674854	0.00842123	0.00212745	-0.01100159	5.00000000
0.530000	0.01086687	0.03417556	0.94525415	0.14353664	-0.05161860	-0.02050667	0.00309199	0.05562880	0.35117888	0.65088814	-0.04386073	-0.51824856	2.00000000													1.00000000	-0.08799512	0.06434562	0.08972533	0.07065805	-0.00083838	0.00108176	-0.00077318	0.00157191	0.00574067	-0.00063134	-0.01959079	0.00756644	5.00000000	-0.09720391	0.20343241	0.08015216	0.06700681	0.00054445	0.00039674	0.00011045	0.00068267	0.02712021	0.00784753	-0.00426142	-0.00734086	5.00000000
0.540000	0.01041855	0.03418035	0.94527239	0.14398536	-0.04512732	-0.00959023	0.00243286	0.04619920	0.46200222	0.73564601	0.00450347	-0.60194969	2.00000000													1.00000000	-0.08800379	0.06435763	0.08970585	0.07068253	-0.00093567	0.00076902	-0.00119824	0.00170372	-0.00557479	-0.00035080	-0.02292647	0.01471432	5.00000000	-0.09719947	0.20339748	0.08016649	0.06704482	0.00063572	0.00022290	0.00022401	0.00070993	0.01545716	0.00709461	-0.00607440	-0.00158844	5.00000000
0.550000	0.00994379	0.03416962	0.94530338	0.14446126	-0.03843568	-0.00133775	0.00247707	0.03853865	0.51969546	0.71596444	0.04980880	-0.57738400	2.00000000													1.00000000	-0.08802020	0.06437117	0.08970568	0.07070380	-0.00102303	0.00089134	-0.00164782	0.00213457	-0.01131670	0.00576313	-0.02584079	0.02376129	5.00000000	-0.09718652	0.20341040	0.08015990	0.06706426	0.00056320	0.00018378	0.00029113	0.00066010	-0.00327991	-0.00362657	0.00170339	-0.00161290	5.00000000
0.560000	0.00961673	0.03413268	0.94534779	0.14479338	-0.03352069	0.00415090	0.00378142	0.03398773	0.49459440	0.56878740	0.07921623	-0.45803931	2.00000000													1.00000000	-0.08802268	0.06436160	0.08968534	0.07072641	-0.00121625	0.00115403	-0.00163311	0.00234053	-0.01041364	0.01836640	-0.02271846	0.03031303	5.00000000	-0.09718093	0.20344514	0.08016358	0.06709964	0.00050360	0.00003837	0.00015876	0.00052942	-0.01602951	-0.02057540	0.00234176	-0.00014189	5.00000000
0.570000	0.00937161	0.03415337	0.94535834	0.14503959	-0.02980116	0.00862675	0.00541160	0.03149310	0.43064329	0.33205217	0.08033379	-0.35912195	2.00000000													1.00000000	-0.08803975	0.06437794	0.08967455	0.07075238	-0.00136259	0.00133247	-0.00168849	0.00254620	-0.00501331	0.01218573	-0.00984677	0.01565463	5.00000000	-0.09718011	0.20344797	0.08016516	0.06710298	0.00031615	0.00018192	0.00016925	0.00040211	-0.01201044	-0.02485824	-0.00383332	0.00684955	5.00000000
0.580000	0.00910009	0.03425328	0.94541085	0.14533363	-0.02561638	0.01248571	0.00635385	0.02919697	0.42372960	0.08352153	0.03233054	-0.40007022	2.00000000													1.00000000	-0.08804535	0.06439871	0.08963328	0.07079892	-0.00143747	0.00172971	-0.00204059	0.00303681	0.00183626	-0.00641526	0.00107473	-0.00443184	5.00000000	-0.09717593	0.20343493	0.08016989	0.06711747	-0.00004601	-0.00032087	0.00034211	0.00047129	-0.00071070	-0.02201812	-0.00338712	0.01059396	5.00000000
0.590000	0.00881570	0.03449778	0.94549876	0.14571884	-0.02221175	0.01287982	0.00661313	0.02651387	0.48521864	-0.19117676	-0.05279398	-0.47485545	2.00000000													1.00000000	-0.08807455	0.06441944	0.08963399	0.07083474	-0.00130491	0.00170898	-0.00207188	0.00298598	0.01156082	-0.01470569	0.00129112	-0.01246509	5.00000000	-0.09717897	0.20340136	0.08016635	0.06715137	-0.00014026	-0.00095467	0.00013976	0.00097498	0.00918998	-0.02266612	-0.00270270	0.01754734	5.00000000
0.600000	0.00856926	0.03469794	0.94560879	0.14605486	-0.01751900	0.00902526	0.00558595	0.02048349	0.56080663	-0.48107982	-0.13956261	-0.35476354	2.00000000													1.00000000	-0.08808435	0.06444451	0.08960543	0.07087399	-0.00112355	0.00099875	-0.00178386	0.00233281	0.01862397	-0.01588940	0.00384450	-0.01821486	5.00000000	-0.09717732	0.20341681	0.08017869	0.06717121	0.00025916	-0.00101787	0.00006457	0.00105233	0.02310746	-0.01939552	-0.00770224	0.02458278	5.00000000
0.610000	0.00842253	0.03479917	0.94566602	0.14624208	-0.01108322	0.00175868	0.00334332	0.01170933	0.60585278	-0.68351531	-0.20150010	-0.12499987	2.00000000													1.00000000	-0.08809938	0.06445512	0.08958568	0.07090098	-0.00089748	0.00052620	-0.00152538	0.00184639	0.01858609	-0.01581883	0.00561236	-0.01933207	5.00000000	-0.09719077	0.20340490	0.08017468	0.06718962	0.00074015	-0.00098360	0.00005141	0.00123205	0.03711455	-0.00212072	-0.00504321	0.02303230	5.00000000
0.620000	0.00836313	0.03470805	0.94568139	0.14635193	-0.00347534	-0.00816071	0.00052849	0.00888564	0.59658682	-0.71835452	-0.21959177	0.05170363	2.00000000													1.00000000	-0.08809247	0.06444626	0.08957150	0.07091908	-0.00056742	0.00059872	-0.00165788	0.00185175	0.01222423	-0.00903435	-0.00221065	-0.00695502	5.00000000	-0.09717744	0.20339991	0.08016917	0.06720489	0.00104612	-0.00099503	-0.00005160	0.00144468	0.03352451	0.00728460	0.00502273	0.01608845	5.00000000
0.630000	0.00838289	0.03454527	0.94562703	0.14652470	0.00367887	-0.01742905	-0.00232706	0.01796444	0.52143806	-0.60844553	-0.18520156	0.23321402	2.00000000													1.00000000	-0.08810418	0.06443305	0.08955757	0.07094156	-0.00047597	0.00091456	-0.00171090	0.00199754	0.00548921	-0.00250743	-0.01182438	0.00682147	5.00000000	-0.09715106	0.20338334	0.08017313	0.06723628	0.00150974	-0.00091195	-0.00010710	0.00176704	0.01130284	0.00537683	0.00727601	0.00469757	5.00000000
0.640000	0.00844148	0.03434278	0.94560719	0.14673643	0.00821429	-0.02299563	-0.00415941	0.02477043	0.40207657	-0.40485677	-0.12563914	0.36146623	2.00000000													1.00000000	-0.08810441	0.06444535	0.08955226	0.07095496	-0.00050142	0.00102806	-0.00196422	0.00227299	0.00152333	-0.01467827	-0.00496902	0.00229332	5.00000000	-0.09713163	0.20335452	0.08016735	0.06727152	0.00175871	-0.00067155	0.00017807	0.00189096	-0.01165654	0.00590934	0.00581249	-0.01027022	5.00000000
0.650000	0.00858765	0.03404704	0.94555336	0.14707068	0.01069254	-0.02460958	-0.00480513	0.02725896	0.26249319	-0.14635307	-0.06595667	0.24516591	2.00000000													1.00000000	-0.08811428	0.06448214	0.08952145	0.07100395	-0.00071550	0.00075127	-0.00212044	0.00236063	0.00270249	-0.03942537	0.02075608	-0.00945557	5.00000000	-0.09711874	0.20336561	0.08017356	0.06728962	0.00144343	-0.00072420	0.00043505	0.00167249	-0.02871536	0.00801952	0.00459183	-0.02077848	5.00000000
0.660000	0.00873415	0.03376236	0.94550371	0.14739467	0.01213248	-0.02388582	-0.00436604	0.02714390	0.14976351	0.08470123	-0.01032404	0.00083496	2.00000000													1.00000000	-0.08811917	0.06450615	0.08949624	0.07103910	-0.00071283	0.00026313	-0.00213111	0.00226252	0.01128928	-0.06074810	0.05417058	0.00023782	5.00000000	-0.09710194	0.20336662	0.08017347	0.06730644	0.00065236	-0.00072569	0.00034850	0.00103617	-0.04603817	0.00703355	-0.00267952	-0.02312564	5.00000000
0.670000	0.00884023	0.03350655	0.94544631	0.14767750	0.01322643	-0.02217324	-0.00428110	0.02617095	0.10022856	0.21466225	0.03414434	-0.12672137	2.00000000													1.00000000	-0.08812510	0.06449230	0.08946590	0.07107298	-0.00051558	-0.00078976	-0.00126710	0.00157958	0.02644697	-0.06755254	0.08643284	0.02072044	5.00000000	-0.09709869	0.20336761	0.08018783	0.06732120	0.00004079	-0.00064311	0.00021749	0.00068012	-0.05488490	0.01475360	-0.01454622	-0.01437282	5.00000000
0.680000	0.00895701	0.03332529	0.94539714	0.14789866	0.01364361	-0.01847930	-0.00418524	0.02334842	0.10320818	0.24707216	0.04101957	-0.13385092	2.00000000													1.00000000	-0.08814027	0.06445788	0.08945472	0.07111222	-0.00014255	-0.00159182	0.00010245	0.00160147	0.04111116	-0.05632112	0.10699209	0.03385444	5.00000000	-0.09709223	0.20334359	0.08019347	0.06734671	-0.00033248	-0.00048243	-0.00000180	0.00058590	-0.04361476	0.03559246	-0.02031307	0.00545040	5.00000000
0.690000	0.00907288	0.03319487	0.94539779	0.14807312	0.01416819	-0.01497877	-0.00355045	0.02092144	0.11735649	0.24230899	0.02032930	-0.09858987	2.00000000													1.00000000	-0.08813647	0.06443950	0.08945444	0.07113099	0.00038923	-0.00231763	0.00161678	0.00285252	0.04655226	-0.02957301	0.10391860	0.04473218	5.00000000	-0.09712349	0.20332299	0.08018059	0.06738630	-0.00085713	-0.00027108	-0.00025338	0.00093400	-0.01944426	0.04646472	-0.02111505	0.02172713	5.00000000
0.700000	0.00926969	0.03300484	0.94533551	0.14835371	0.01556311	-0.01265158	-0.00254561	0.02021765	0.11513623	0.23064503	0.01653697	-0.06820422	2.00000000													1.00000000	-0.08813088	0.06441155	0.08950066	0.07118529	0.00102756	-0.00237580	0.00274684	0.00377432	0.04357937	-0.00101048	0.07598754	0.04861994	5.00000000	-0.09711976	0.20333429	0.08018077	0.06739820	-0.00113472	0.00051372	-0.00050937	0.00134572	0.00293791	0.03978714	-0.01994303	0.02142698	5.00000000
0.710000	0.00941822	0.03295546	0.94531077	0.14851218	0.01780192	-0.01180898	-0.00291516	0.02156058	0.12152597	0.21175741	0.01844928	-0.02087053	2.00000000													1.00000000	-0.08811430	0.06442006	0.08952933	0.07121949	0.00152159	-0.00200824	0.00333376	0.00417879	0.03413762	0.01745556	0.03776834	0.02691382	5.00000000	-0.09713517	0.20335151	0.08016550	0.06742590	-0.00093238	0.00146131	-0.00066018	0.00185488	0.02744473	0.03352740	-0.00955879	0.01782982	5.00000000
0.720000	0.00958541	0.03279832	0.94528735	0.14874282	0.01912773	-0.01018960	-0.00352909	0.02195797	0.13588245	0.24802662	-0.00020367	0.02815556	2.00000000													1.00000000	-0.08808971	0.06435611	0.08958886	0.07131025	0.00176951	-0.00144051	0.00328173	0.00399700	0.01779178	0.03144579	0.00124828	-0.00863896	5.00000000	-0.09714727	0.20336321	0.08017047	0.06744345	-0.00031472	0.00157530	-0.00083496	0.00181047	0.04594297	0.02051476	0.00350198	0.01014596	5.00000000
0.730000	0.00977877	0.03274883	0.94528419	0.14894244	0.01935429	-0.00739939	-0.00322213	0.02096955	0.13267784	0.38962120	-0.01806602	0.07733738	2.00000000													1.00000000	-0.08807504	0.06436332	0.08959779	0.07132888	0.00181968	-0.00117576	0.00297992	0.00368424	-0.00004532	0.03377441	-0.02023547	-0.03025256	5.00000000	-0.09714983	0.20340088	0.08016125	0.06748232	0.00033043	0.00123866	-0.00081634	0.00151982	0.04545920	-0.00931695	0.01439824	-0.00648747	5.00000000
0.740000	0.01001953	0.03259993	0.94521570	0.14923370	0.02070091	-0.00399776	-0.00291765	0.02128432	0.14581276	0.60512692	-0.01744758	0.20988271	2.00000000													1.00000000	-0.08805329	0.06433611	0.08963511	0.07137993	0.00173847	-0.00108282	0.00254350	0.00326561	-0.01006925	0.02614616	-0.02595192	-0.03438620	5.00000000	-0.09715286	0.20340069	0.08014705	0.06749684	0.00111666	0.00124611	-0.00034782	0.00170900	0.03308927	-0.02502587	0.02710128	-0.01379334	5.00000000
0.750000	0.01022225	0.03259868	0.94517577	0.14944032	0.02245009	0.00273675	-0.00319580	0.02284096	0.23615137	0.81576544	-0.03916935	0.46527159	2.00000000													1.00000000	-0.08804037	0.06436718	0.08964356	0.07141462	0.00144020	-0.00064236	0.00216644	0.00267960	-0.01064657	0.01689201	-0.02399459	-0.02945341	5.00000000	-0.09712065	0.20340742	0.08013394	0.06753226	0.00121084	0.00084676	-0.00008444	0.00147996	0.01627434	-0.01970451	0.03677068	-0.00649166	5.00000000
0.760000	0.01041436	0.03263786	0.94514865	0.14963824	0.02449964	0.01288050	-0.00387778	0.02794954	0.36421514	0.97997123	-0.08920085	0.73985136	2.00000000													1.00000000	-0.08802525	0.06434469	0.08968230	0.07146190	0.00121742	-0.00051403	0.00213161	0.00250801	-0.00840539	0.01578157	-0.02148571	-0.02555138	5.00000000	-0.09710050	0.20340499	0.08013652	0.06755272	0.00107437	0.00038296	0.00036663	0.00119806	-0.00411427	-0.02099346	0.02981629	-0.01078966	5.00000000
0.770000	0.01066704	0.03276652	0.94514936	0.14992179	0.02808113	0.02560140	-0.00461191	0.03827860	0.44567862	0.99668229	-0.12498599	0.88857841	2.00000000													1.00000000	-0.08800782	0.06432687	0.08969125	0.07148839	0.00120675	-0.00034639	0.00201842	0.00237703	-0.00161108	0.01667161	-0.01482086	-0.01525742	5.00000000	-0.09707939	0.20342942	0.08016317	0.06759458	0.00090220	0.00043114	0.00078275	0.00126986	-0.01915896	-0.02455711	0.01374736	-0.02159627	5.00000000
0.780000	0.01094999	0.03310791	0.94509578	0.15036842	0.03453748	0.03749955	-0.00642141	0.05138374	0.45004258	0.76945245	-0.11829784	0.81575185	2.00000000													1.00000000	-0.08801196	0.06432489	0.08971635	0.07151390	0.00138003	-0.00047858	0.00187326	0.00237542	0.01240231	0.01200185	-0.01135241	-0.00148843	5.00000000	-0.09710079	0.20341866	0.08016220	0.06761855	0.00069706	0.00036359	0.00100962	0.00127962	-0.01646723	-0.01219970	0.00143289	-0.01770189	5.00000000
0.790000	0.01132334	0.03356633	0.94501287	0.15096542	0.04126852	0.04668301	-0.00842810	0.06287628	0.36729375	0.36155510	-0.07988677	0.51884949	2.00000000													1.00000000	-0.08799154	0.06432281	0.08972920	0.07153812	0.00141369	-0.00017310	0.00155264	0.00210693	0.02166484	0.00374154	-0.01084763	0.00631032	5.00000000	-0.09709553	0.20342736	0.08018217	0.06764096	0.00043021	0.00001254	0.00066857	0.00079512	-0.01011365	0.00075189	-0.01102800	-0.01156962	5.00000000
0.800000	0.01176603	0.03418050	0.94490278	0.15173048	0.04522321	0.04802091	-0.00956059	0.06665247	0.18420722	-0.09060465	-0.01389617	0.08589749	2.00000000													1.00000000	-0.08797892	0.06434267	0.08975067	0.07156997	0.00169519	0.00004290	0.00163851	0.00235801	0.01996964	-0.00183615	-0.00057474	0.01300586	5.00000000	-0.09708840	0.20342276	0.08017370	0.06765295	0.00022377	-0.00017347	0.00030442	0.00041573	-0.00659087	0.01206270	-0.02110345	-0.00366326	5.00000000
0.810000	0.01232747	0.03475570	0.94477695	0.15254405	0.04529434	0.04172666	-0.00881354	0.06221230	-0.06836761	-0.47046477	0.07058763	-0.35922939	2.00000000													1.00000000	-0.08794972	0.06432628	0.08976081	0.07160496	0.00213521	-0.00004930	0.00149918	0.00260943	0.01311530	-0.00495133	0.01787694	0.02271406	5.00000000	-0.09706371	0.20342261	0.08019006	0.06768257	0.00048845	0.00021569	0.00012896	0.00054930	0.00085847	0.03336887	-0.02222280	0.01798556	5.00000000
0.820000	0.01283900	0.03519801	0.94469255	0.15322554	0.04246270	0.03216127	-0.00722657	0.05375548	-0.26590046	-0.63129342	0.11966459	-0.62015593	2.00000000													1.00000000	-0.08793876	0.06432692	0.08977266	0.07162112	0.00229962	-0.00040724	0.00169817	0.00288754	0.00777190	-0.01797411	0.02802589	0.02942320	5.00000000	-0.09707177	0.20341556	0.08017553	0.06770062	0.00045796	0.00067204	-0.00003508	0.00081400	0.01623688	0.05360485	-0.01548438	0.04451196	5.00000000
0.830000	0.01324063	0.03536141	0.94462365	0.15366457	0.03762203	0.02312443	-0.00497748	0.04444020	-0.30451688	-0.47682950	0.10236517	-0.55037391	2.00000000													1.00000000	-0.08790958	0.06432468	0.08979715	0.07165927	0.00220078	-0.00058158	0.00224101	0.00319434	0.00014767	-0.02983419	0.02729025	0.02620318	5.00000000	-0.09708033	0.20342293	0.08018259	0.06771395	0.00054116	0.00144814	-0.00015094	0.00155331	0.02622521	0.04767254	-0.01140601	0.04943089	5.00000000
0.840000	0.01351442	0.03543083	0.94461846	0.15394709	0.03221244	0.01749291	-0.00334978	0.03680848	-0.19814557	-0.15565750	0.04704380	-0.25623441	2.00000000													1.00000000	-0.08788411	0.06431442	0.08980295	0.07168734	0.00190946	-0.00068309	0.00286239	0.00350798	-0.00807530	-0.02532721	0.02592036	0.01916064	5.00000000	-0.09706996	0.20344707	0.08017519	0.06774125	0.00076964	0.00222040	-0.00028033	0.00236666	0.02817447	0.02396210	-0.00525732	0.03704859	5.00000000
0.850000	0.01378951	0.03553897	0.94458354	0.15424472	0.03006150	0.01878338	-0.00364284	0.03563396	-0.03817808	0.11630423	-0.00144209	0.04040391	2.00000000													1.00000000	-0.08786046	0.06431223	0.08985171	0.07174157	0.00194876	-0.00121643	0.00297508	0.00375879	-0.01016559	-0.01103814	0.01147877	0.00429492	5.00000000	-0.09706675	0.20347455	0.08017780	0.06776904	0.00143765	0.00261118	-0.00031019	0.00299689	0.02494941	-0.00486689	0.00610823	0.01477669	5.00000000
0.860000	0.01406113	0.03576610	0.94458866	0.15459883	0.03222550	0.02588431	-0.00508378	0.04164523	0.09516530	0.25569659	-0.02650338	0.22533700	2.00000000													1.00000000	-0.08785056	0.06429907	0.08988465	0.07177841	0.00189673	-0.00154711	0.00284016	0.00374936	-0.00451144	-0.00179808	-0.01646773	-0.01449159	5.00000000	-0.09702858	0.20351534	0.08017093	0.06782532	0.00177547	0.00191579	-0.00036440	0.00263730	0.01155906	-0.04397766	0.01729104	-0.01061053	5.00000000
0.870000	0.01437469	0.03604098	0.94451851	0.15502168	0.03661509	0.03188982	-0.00619143	0.04894854	0.14028335	0.22623263	-0.00522205	0.24174751	2.00000000													1.00000000	-0.08784323	0.06428083	0.08992830	0.07182628	0.00182086	-0.00129677	0.00275715	0.00354951	0.00135539	0.00955629	-0.03616180	-0.02648683	5.00000000	-0.09702461	0.20353830	0.08016794	0.06784881	0.00188978	0.00125393	0.00000168	0.00226795	-0.00697954	-0.07167789	0.02429044	-0.02511713	5.00000000
0.880000	0.01477514	0.03648092	0.94441611	0.15562534	0.03925597	0.03295982	-0.00576725	0.05158141	0.05486828	0.00527650	0.06283817	0.04280501	2.00000000													1.00000000	-0.08781093	0.06425203	0.08993497	0.07187006	0.00177169	-0.00083738	0.00215191	0.00291047	0.00003860	0.02665403	-0.03369648	-0.02962029	5.00000000	-0.09698766	0.20354664	0.08015969	0.06788758	0.00145448	0.00026015	0.00042189	0.00153661	-0.02635467	-0.06603263	0.02820976	-0.02882524	5.00000000
0.890000	0.01523531	0.03688776	0.94432229	0.15624669	0.03869240	0.03050022	-0.00449667	0.04947308	-0.13547030	-0.28431156	0.13817929	-0.28109044	2.00000000													1.00000000	-0.08779337	0.06424040	0.08994844	0.07189506	0.00189232	-0.00057978	0.00142331	0.00243779	-0.00181039	0.02878501	-0.02807678	-0.02862435	5.00000000	-0.09698930	0.20351307	0.08016711	0.06792200	0.00092890	-0.00080230	0.00081516	0.00147344	-0.03584412	-0.04293190	0.02161600	-0.02996329	5.00000000
0.900000	0.01570635	0.03720056	0.94428217	0.15681355	0.03560714	0.02553575	-0.00233253	0.04387919	-0.32751617	-0.46614730	0.16799651	-0.53813720	2.00000000													1.00000000	-0.08776853	0.06425992	0.08997511	0.07193641	0.00201079	-0.00031547	0.00109952	0.00231338	0.00019725	0.01300044	-0.02394244	-0.01982827	5.00000000	-0.09696610	0.20352958	0.08018731	0.06795692	0.00057841	-0.00105898	0.00095659	0.00153982	-0.03068169	-0.02325202	0.00041506	-0.02751093	5.00000000
0.910000	0.01602169	0.03734229	0.94432837	0.15716235	0.03060070	0.01862713	-0.00001689	0.03582419	-0.41877565	-0.51596153	0.13949141	-0.63106447	2.00000000													1.00000000	-0.08776316	0.06426551	0.08997475	0.07194417	0.00182682	0.00000484	0.00142387	0.00231618	0.00413581	-0.00225152	-0.01038280	-0.00247404	5.00000000	-0.09698562	0.20348628	0.08020299	0.06800695	0.00015001	-0.00073947	0.00102439	0.00127228	-0.01590564	0.00385113	-0.02144484	-0.01676304	5.00000000
0.920000	0.01624197	0.03747262	0.94434249	0.15741870	0.02465999	0.01218297	0.00189294	0.02757033	-0.39599422	-0.49410880	0.08031891	-0.58099610	2.00000000													1.00000000	-0.08774162	0.06425623	0.08998640	0.07197036	0.00175964	-0.00022209	0.00137116	0.00224181	0.00473577	-0.00913731	0.00088311	0.00696433	5.00000000	-0.09697270	0.20349836	0.08021391	0.06802773	0.00015038	-0.00038172	0.00056935	0.00070177	-0.00623924	0.02636719	-0.03270018	-0.01311223	5.00000000
0.930000	0.01643773	0.03757406	0.94436115	0.15763997	0.01993311	0.00804622	0.00207374	0.02159563	-0.30851734	-0.40205488	0.02094276	-0.44107407	2.00000000													1.00000000	-0.08771516	0.06424487	0.08999518	0.07200047	0.00187798	-0.00062287	0.00125753	0.00234439	0.00477841	-0.01258134	-0.00170566	0.00518588	5.00000000	-0.09698180	0.20348938	0.08020712	0.06804221	0.00026611	-0.00034695	-0.00011927	0.00045323	-0.00237963	0.02680532	-0.03381684	-0.01365915	5.00000000
0.940000	0.01661958	0.03766355	0.94436765	0.15784274	0.01788128	0.00510265	0.00111610	0.01862855	-0.20215450	-0.26480138	-0.01568844	-0.27830195	2.00000000													1.00000000	-0.08770510	0.06424081	0.09002683	0.07203393	0.00215943	-0.00090760	0.00124245	0.00265152	0.00514929	-0.00993307	-0.00556144	0.00238448	5.00000000	-0.09697451	0.20349745	0.08021486	0.06805556	0.00046901	0.00010493	-0.00063709	0.00079804	-0.00330112	0.01833505	-0.02682778	-0.00773058	5.00000000
0.950000	0.01680655	0.03767524	0.94440132	0.15803307	0.01789001	0.00264139	0.00006457	0.01808407	-0.10318040	-0.16531159	-0.02342545	-0.14447223	2.00000000													1.00000000	-0.08767805	0.06423443	0.09003275	0.07206234	0.00220432	-0.00083242	0.00118849	0.00263902	-0.00018223	-0.00158449	0.00270560	0.00177859	5.00000000	-0.09696354	0.20350370	0.08019301	0.06808079	0.00032342	0.00036694	-0.00069800	0.00085232	-0.01489950	0.01989740	-0.00916535	0.00752561	5.00000000
0.960000	0.01695441	0.03769264	0.94439876	0.15818198	0.01782235	0.00196254	0.00001987	0.01793009	-0.03580952	-0.10624632	0.00150253	-0.05617374	2.00000000													1.00000000	-0.08766386	0.06423045	0.09004394	0.07208084	0.00210349	-0.00064069	0.00114515	0.00247922	-0.01050502	0.00865881	0.01253333	-0.00167602	5.00000000	-0.09696079	0.20348193	0.08018786	0.06810333	0.00007773	0.00037936	-0.00056215	0.00068262	-0.02763638	0.02139434	0.00810696	0.01493623	5.00000000
0.970000	0.01712834	0.03764424	0.94438219	0.15836328	0.01711316	0.00190083	0.00075152	0.01723479	-0.01512521	-0.05599810	0.03878772	-0.02028417	2.00000000													1.00000000	-0.08762796	0.06420549	0.09004115	0.07212465	0.00191685	-0.00048280	0.00124723	0.00233730	-0.02010177	0.01744709	0.02014182	-0.00297973	5.00000000	-0.09695519	0.20351088	0.08017177	0.06813692	-0.00025282	0.00044107	-0.00037619	0.00063244	-0.02517065	0.01246048	0.01627952	0.00691491	5.00000000
0.980000	0.01734235	0.03769157	0.94434214	0.15858610	0.01666673	0.00119430	0.00135700	0.01676448	-0.01797080	-0.07498232	0.03818836	-0.01648570	2.00000000													1.00000000	-0.08761076	0.06421437	0.09005968	0.07215145	0.00163199	-0.00048975	0.00168694	0.00239771	-0.02121283	0.01742774	0.02531883	0.00176129	5.00000000	-0.09696898	0.20351020	0.08018292	0.06815467	-0.00082652	0.00081745	-0.00009257	0.00116616	-0.01046041	0.00993328	0.01607835	0.00358511	5.00000000
0.990000	0.01748984	0.03775235	0.94440025	0.15875588	0.01687536	0.00101573	0.00212739	0.01703923	-0.00784838	-0.16627811	-0.02528562	0.01407123	2.00000000													1.00000000	-0.08760069	0.06420685	0.09007929	0.07217475	0.00137060	-0.00020452	0.00203612	0.00246295	-0.01395039	0.01244009	0.02037807	0.00298239	5.00000000	-0.09698120	0.20351525	0.08018406	0.06816794	-0.00098981	0.00095802	0.00001676	0.00137761	0.00367283	0.01058831	0.01257813	0.00617019	5.00000000
1.000000	0.01765104	0.03777023	0.94444352	0.15892375	0.01701650	0.00009937	0.00236630	0.01718053	-0.00020441	-0.23086090	-0.10006875	0.05962001	2.00000000													1.00000000	-0.08759215	0.06421844	0.09010945	0.07220817	0.00110635	0.00008643	0.00235395	0.00260241	-0.00396330	0.00929160	-0.00211679	-0.00855513	5.00000000	-0.09698461	0.20353380	0.08018729	0.06818708	-0.00055172	0.00082999	0.00014721	0.00100745	0.02600335	0.00657079	0.00542692	0.00685554	5.00000000
1.010000	0.01778522	0.03772115	0.94449288	0.15907490	0.01700792	-0.00398923	0.00065515	0.01748178	-0.01621375	-0.25103906	-0.14665142	0.06979882	2.00000000													1.00000000	-0.08758634	0.06420090	0.09013517	0.07223984	0.00120296	0.00011145	0.00234457	0.00263753	-0.00674236	0.02188629	-0.03693077	-0.02103313	5.00000000	-0.09701647	0.20353071	0.08018225	0.06821948	-0.00006494	0.00095169	0.00013684	0.00096367	0.04947226	0.00675354	-0.00108551	0.00843028	5.00000000
1.020000	0.01798507	0.03770332	0.94449085	0.15927556	0.01708606	-0.00847935	-0.00261366	0.01925264	-0.04005876	-0.23549001	-0.16332749	0.04061179	2.00000000													1.00000000	-0.08756784	0.06421465	0.09015235	0.07226859	0.00144392	0.00005433	0.00181639	0.00232102	-0.04222389	0.06040785	-0.09292746	0.02612597	5.00000000	-0.09699006	0.20355457	0.08017882	0.06825523	0.00035757	0.00087569	0.00013231	0.00095509	0.03628753	-0.00518415	0.00659739	-0.00485562	5.00000000
1.030000	0.01818533	0.03760021	0.94444156	0.15950613	0.01635852	-0.01082048	-0.00488261	0.02021198	-0.04222842	-0.08420514	-0.09841388	-0.02611740	2.00000000													1.00000000	-0.08755548	0.06421047	0.09017859	0.07229790	0.00148602	0.00015218	0.00067471	0.00163910	-0.12480023	0.11484645	-0.18215613	0.15138569	5.00000000	-0.09698765	0.20355199	0.08018874	0.06826577	0.00111889	0.00105004	-0.00003222	0.00153477	-0.03435194	-0.09301221	0.02210515	0.06657411	5.00000000
1.040000	0.01834718	0.03743827	0.94434494	0.15975463	0.01546525	-0.01128064	-0.00570019	0.01997296	-0.01370163	0.22381705	0.12360099	-0.00167064	2.00000000													1.00000000	-0.08753386	0.06422099	0.09018642	0.07232319	0.00031684	0.00172177	-0.00099465	0.00201350	-0.24080174	0.14325872	-0.26964590	0.29251766	5.00000000	-0.09696925	0.20356658	0.08019155	0.06828941	0.00144144	0.00111361	0.00004359	0.00182203	-0.13980031	-0.24603990	0.03473781	0.25016132	5.00000000
1.050000	0.01849183	0.03726658	0.94425046	0.15999821	0.01474357	-0.00907509	-0.00474801	0.01795198	0.05973489	0.54640514	0.47023675	0.25210682	2.00000000													1.00000000	-0.08751928	0.06421414	0.09017392	0.07234358	-0.00277342	0.00439504	-0.00435772	0.00678218	-0.33220637	0.11152301	-0.30006269	0.38195348	5.00000000	-0.09695769	0.20357211	0.08019148	0.06830222	-0.00020886	-0.00093952	0.00090022	0.00131784	-0.23465466	-0.36335075	0.05063777	0.38724902	5.00000000
1.060000	0.01857749	0.03717607	0.94422126	0.16012621	0.01556999	-0.00097631	0.00029802	0.01560341	0.17502531	0.78633195	0.81704223	0.61786366	2.00000000													1.00000000	-0.08753011	0.06424131	0.09012726	0.07239865	-0.00785142	0.00686906	-0.00908381	0.01383273	-0.33737525	0.01156535	-0.25148949	0.37336394	5.00000000	-0.09694038	0.20359187	0.08017890	0.06833135	-0.00436418	-0.00746784	0.00157685	0.00879211	-0.28139561	-0.38992569	0.06343259	0.41200772	5.00000000
1.070000	0.01874401	0.03716875	0.94422567	0.16029295	0.01785726	0.01120934	0.01196215	0.02424096	0.29429063	0.95544577	1.06861687	0.96107179	2.00000000													1.00000000	-0.08762244	0.06436212	0.09003597	0.07257600	-0.01316120	0.00668373	-0.01283952	0.01956381	-0.22586420	-0.14536862	-0.12284960	0.22818601	5.00000000	-0.09695230	0.20356996	0.08019665	0.06836196	-0.00915720	-0.01479586	0.00219351	0.01753805	-0.24496508	-0.31250465	0.04586940	0.35910153	5.00000000
1.080000	0.01892381	0.03731472	0.94429934	0.16053598	0.02218530	0.02297501	0.02760192	0.04221261	0.40136781	0.99386096	1.13106918	1.23014855	2.00000000													1.00000000	-0.08780701	0.06449702	0.08984105	0.07287643	-0.01576971	0.00359745	-0.01341614	0.02101471	-0.00809588	-0.31383002	0.07953753	0.02926181	5.00000000	-0.09708252	0.20338105	0.08025987	0.06859995	-0.01204175	-0.01819407	0.00288058	0.02200740	-0.10111513	-0.08309717	0.00397333	0.10879990	5.00000000
1.090000	0.01919063	0.03768793	0.94461530	0.16109304	0.02724798	0.03225257	0.04193733	0.05950983	0.49731573	0.81955832	0.88092500	1.21251404	2.00000000													1.00000000	-0.08806881	0.06458177	0.08963145	0.07322234	-0.01433094	-0.00142691	-0.01075597	0.01797506	0.25698930	-0.40758106	0.29800797	-0.07222117	5.00000000	-0.09731979	0.20298016	0.08027724	0.06906611	-0.01219437	-0.01686600	0.00303897	0.02103330	0.11188024	0.26859733	-0.03321489	-0.17392600	5.00000000
1.100000	0.01946438	0.03813608	0.94523597	0.16190606	0.03222378	0.04073794	0.05130519	0.07300805	0.56205207	0.50869226	0.33162117	0.82097882	2.00000000													1.00000000	-0.08825894	0.06447660	0.08949305	0.07347996	-0.00906767	-0.00709742	-0.00577327	0.01288125	0.46902123	-0.36388519	0.43931165	-0.07675716	5.00000000	-0.09749468	0.20273598	0.08032479	0.06937021	-0.00943188	-0.01187858	0.00213676	0.01531753	0.29533193	0.54876769	-0.06321961	-0.20899135	5.00000000
1.110000	0.01983669	0.03857002	0.94597697	0.16284202	0.03800946	0.04538443	0.05247841	0.07911036	0.59901381	0.14749074	-0.31857574	0.32936877	2.00000000													1.00000000	-0.08830414	0.06430748	0.08951776	0.07365675	-0.00167135	-0.01184301	0.00047876	0.01196994	0.55733061	-0.22065838	0.45965815	-0.02696717	5.00000000	-0.09756409	0.20268260	0.08032504	0.06945776	-0.00423621	-0.00315172	0.00076592	0.00533530	0.38437250	0.62048781	-0.08667105	-0.15818253	5.00000000
1.120000	0.02021166	0.03897825	0.94658267	0.16366307	0.04469156	0.04457589	0.04331817	0.07655592	0.68732929	-0.24916817	-0.87518394	0.02828482	2.00000000													1.00000000	-0.08822155	0.06414340	0.08960776	0.07386131	0.00554485	-0.01330127	0.00622844	0.01569913	0.52164888	-0.05003637	0.39099577	0.07360048	5.00000000	-0.09750152	0.20285469	0.08033919	0.06964142	0.00148236	0.00668143	-0.00020657	0.00684701	0.37596396	0.52862799	-0.08899687	-0.10230290	5.00000000
1.130000	0.02069052	0.03951768	0.94694042	0.16446823	0.05123218	0.03951788	0.02774845	0.07040153	0.80883485	-0.57750100	-1.23017693	-0.00479072	2.00000000													1.00000000	-0.08808076	0.06402254	0.08971152	0.07407390	0.01053375	-0.01124094	0.00960833	0.01815595	0.40211350	0.10415868	0.27478868	0.14283761	5.00000000	-0.09743925	0.20296451	0.08032381	0.06976860	0.00542576	0.01214047	-0.00090413	0.01332844	0.29278505	0.35576165	-0.06364575	0.05635851	5.00000000
1.140000	0.02123782	0.03993852	0.94706327	0.16516946	0.05874559	0.03004242	0.01130203	0.06694271	0.83544219	-0.69629174	-1.29791081	0.12499180	2.00000000													1.00000000	-0.08796427	0.06392165	0.08980069	0.07425193	0.01314282	-0.00814746	0.01074144	0.01882800	0.25404766	0.20456883	0.14004672	0.09811240	5.00000000	-0.09737866	0.20309448	0.08029449	0.06991497	0.00722799	0.01224006	-0.00151185	0.01429506	0.16928050	0.12624680	-0.03157131	0.12765831	5.00000000
1.150000	0.02188844	0.04027103	0.94701755	0.16590156	0.06979250	0.01920598	-0.00232657	0.07242428	0.77959269	-0.71039772	-1.11470282	0.31535611	2.00000000													1.00000000	-0.08784173	0.06385918	0.08991174	0.07442871	0.01426854	-0.00562997	0.01101699	0.01888550	0.12381262	0.22235015	0.02497523	0.00679774	5.00000000	-0.09731287	0.20322688	0.08029118	0.07006285	0.00753415	0.01043566	-0.00180919	0.01299767	0.05593264	-0.07598986	-0.00721744	-0.01785717	5.00000000
1.160000	0.02255386	0.04032029	0.94695157	0.16657205	0.08002941	0.01214767	-0.01242707	0.08189447	0.73917544	-0.72644401	-0.85856998	0.53762311	2.00000000													1.00000000	-0.08770493	0.06381955	0.09002545	0.07461097	0.01470564	-0.00375447	0.01087046	0.01866866	0.02741068	0.18327639	-0.04585594	-0.05790399	5.00000000	-0.09723620	0.20332675	0.08027054	0.07019043	0.00743661	0.00927908	-0.00152861	0.01198921	-0.01477979	-0.15441926	0.01753721	-0.13357534	5.00000000
1.170000	0.02341381	0.04021343	0.94677842	0.16745575	0.08501370	0.00990564	-0.01770109	0.08740011	0.63471276	-0.67196220	-0.63817358	0.63143712	2.00000000													1.00000000	-0.08753121	0.06381050	0.09015808	0.07482972	0.01479542	-0.00218401	0.01013149	0.01806437	-0.04733615	0.13959903	-0.08677451	-0.11260480	5.00000000	-0.09713051	0.20340122	0.08024772	0.07032172	0.00686093	0.00733361	-0.00115167	0.01010844	-0.05443744	-0.14701216	0.03990293	-0.14978515	5.00000000
1.180000	0.02445433	0.04025556	0.94657046	0.16851768	0.08879260	0.00347588	-0.02134641	0.09138860	0.43533623	-0.52537555	-0.43163380	0.50075537	2.00000000													1.00000000	-0.08735688	0.06378295	0.09025443	0.07503080	0.01416200	-0.00100912	0.00885328	0.01673204	-0.10311966	0.10902952	-0.11327595	-0.15925112	5.00000000	-0.09706579	0.20346434	0.08024257	0.07041228	0.00625122	0.00565896	-0.00069284	0.00846060	-0.07892576	-0.13805449	0.05013216	-0.15597779	5.00000000
1.190000	0.02540685	0.04047610	0.94626164	0.16954300	0.09414764	-0.00546789	-0.02576957	0.09776373	0.32180279	-0.35588706	-0.24391727	0.36210105	2.00000000													1.00000000	-0.08722498	0.06378002	0.09033532	0.07518556	0.01263004	-0.00020253	0.00740054	0.01463990	-0.13540754	0.07472756	-0.12375011	-0.18469608	5.00000000	-0.09701581	0.20351355	0.08022532	0.07048450	0.00542384	0.00459788	-0.00002359	0.00711049	-0.09096952	-0.12745336	0.04833026	-0.15279955	5.00000000
1.200000	0.02619852	0.04067535	0.94607759	0.17037985	0.09670228	-0.01112350	-0.02933045	0.10166287	0.35443285	-0.13735367	-0.11810169	0.36679015	2.00000000													1.00000000	-0.08711322	0.06377602	0.09038188	0.07530670	0.01037978	0.00052415	0.00595581	0.01197857	-0.14407575	0.02930686	-0.11519372	-0.18391319	5.00000000	-0.09699144	0.20354447	0.08024687	0.07052939	0.00417257	0.00356920	0.00051036	0.00551453	-0.09486078	-0.10112631	0.03714062	-0.13591337	5.00000000
1.210000	0.02713550	0.04023236	0.94575268	0.17146601	0.09782435	-0.00951150	-0.02895643	0.10246242	0.36027628	0.13728154	0.01114996	0.35005546	2.00000000													1.00000000	-0.08703122	0.06379606	0.09043743	0.07540775	0.00866819	0.00094759	0.00487566	0.00999037	-0.12220895	-0.01363280	-0.09562831	-0.15107347	5.00000000	-0.09693610	0.20358324	0.08024820	0.07059697	0.00311347	0.00240741	0.00097298	0.00405414	-0.09445319	-0.09019113	0.02087632	-0.12617341	5.00000000
1.220000	0.02821118	0.03980502	0.94541734	0.17267106	0.10134259	-0.00327934	-0.02638201	0.10477158	0.27267411	0.26783872	0.19252196	0.21502654	2.00000000													1.00000000	-0.08695175	0.06381129	0.09048648	0.07550237	0.00769645	0.00044660	0.00404610	0.00870665	-0.07054693	-0.04339591	-0.07186353	-0.09051169	5.00000000	-0.09689369	0.20360583	0.08026610	0.07064825	0.00222754	0.00164161	0.00102880	0.00295216	-0.07793700	-0.08943904	0.00793725	-0.10271743	5.00000000
1.230000	0.02930878	0.03965775	0.94505423	0.17383650	0.10766780	0.00342848	-0.02446423	0.11046541	0.20803131	0.07969241	0.33112618	0.12877285	2.00000000													1.00000000	-0.08689142	0.06382882	0.09052674	0.07557698	0.00734031	-0.00067105	0.00360322	0.00820449	-0.01752966	-0.06066044	-0.04743214	-0.03117604	5.00000000	-0.09688329	0.20361587	0.08027340	0.07066444	0.00149881	0.00105177	0.00076393	0.00198400	-0.05167722	-0.07760938	0.00149115	-0.06278476	5.00000000
1.240000	0.03036657	0.04019459	0.94491637	0.17503071	0.11012175	0.00597679	-0.02097040	0.11225988	0.16529001	-0.36627075	0.33950463	0.15380891	2.00000000													1.00000000	-0.08681221	0.06381549	0.09055508	0.07566216	0.00766832	-0.00170792	0.00316352	0.00846924	0.01371647	-0.06321517	-0.03076106	0.00555447	5.00000000	-0.09688418	0.20360793	0.08028591	0.07067928	0.00096280	0.00005104	0.00065118	0.00116345	-0.03061744	-0.06357787	-0.00122283	-0.03087434	5.00000000
1.250000	0.03140562	0.04063530	0.94478327	0.17616719	0.10815273	-0.00052651	-0.01557022	0.10926904	0.03084497	-0.76959950	0.29433092	0.11042449	2.00000000													1.00000000	-0.08674590	0.06377593	0.09057229	0.07574128	0.00832031	-0.00209802	0.00300867	0.00909293	0.02804206	-0.04435507	-0.02901296	0.02146552	5.00000000	-0.09689755	0.20361648	0.08028461	0.07069521	0.00098372	-0.00070234	0.00072494	0.00140945	-0.01389109	-0.05872693	0.00346545	-0.00444018	5.00000000
1.260000	0.03264324	0.04054682	0.94462311	0.17741826	0.10731673	-0.01587563	-0.01143614	0.10908575	-0.16889951	-0.86947167	0.24335508	-0.07374485	2.00000000													1.00000000	-0.08665403	0.06373000	0.09060857	0.07585020	0.00866981	-0.00224585	0.00295471	0.00943079	0.01955098	-0.01370493	-0.03932540	0.00975715	5.00000000	-0.09687642	0.20361203	0.08028850	0.07071716	0.00107891	-0.00105066	0.00097932	0.00179638	-0.00079617	-0.04473659	0.01075605	0.01751533	5.00000000
1.270000	0.03365473	0.03995029	0.94447422	0.17860197	0.10714984	-0.03290943	-0.01089325	0.11261786	-0.27321488	-0.62729353	0.11108074	-0.21189506	2.00000000													1.00000000	-0.08655723	0.06371535	0.09063560	0.07595176	0.00877101	-0.00236103	0.00266582	0.00946634	-0.01317917	0.00648997	-0.05105221	-0.02490041	5.00000000	-0.09684944	0.20358548	0.08029374	0.07075537	0.00113100	-0.00135315	0.00100570	0.00203018	0.00626159	-0.01590057	0.01030136	0.01780066	5.00000000
1.280000	0.03468760	0.03932977	0.94442135	0.17980805	0.10414064	-0.03936561	-0.01086394	0.11186130	-0.25648940	-0.16063422	-0.12059841	-0.21651219	2.00000000													1.00000000	-0.08645760	0.06371927	0.09067980	0.07606084	0.00870308	-0.00212726	0.00189841	0.00915821	-0.04814391	0.01590161	-0.06201345	-0.06065831	5.00000000	-0.09682737	0.20357169	0.08032054	0.07079272	0.00114037	-0.00169973	0.00116571	0.00235550	0.00754589	0.00691393	0.00089986	0.00313691	5.00000000
1.290000	0.03572370	0.03891695	0.94435632	0.18092526	0.09808283	-0.03286858	-0.01146595	0.10407715	-0.16041204	0.43515477	-0.33925474	-0.15430047	2.00000000													1.00000000	-0.08638309	0.06370197	0.09069387	0.07613861	0.00790283	-0.00174834	0.00089655	0.00814342	-0.07978465	0.03574437	-0.06923700	-0.09506518	5.00000000	-0.09683264	0.20354842	0.08033428	0.07082026	0.00114720	-0.00147857	0.00121631	0.00223196	0.00936518	0.01962214	-0.00886847	-0.00480027	5.00000000
1.300000	0.03672372	0.03877611	0.94423890	0.18194196	0.09472264	-0.02068961	-0.01533876	0.09816169	0.01346550	1.00570583	-0.45079076	-0.01336131	2.00000000													1.00000000	-0.08630185	0.06365819	0.09069324	0.07623090	0.00669615	-0.00154388	0.00018173	0.00687423	-0.12652937	0.06246628	-0.07271022	-0.13030997	5.00000000	-0.09683656	0.20354128	0.08033799	0.07082921	0.00133974	-0.00083335	0.00106270	0.00190229	0.00764574	0.02557805	-0.01535306	-0.01607500	5.00000000
1.310000	0.03770096	0.03866255	0.94406456	0.18294111	0.09648936	-0.00976485	-0.02353340	0.09979665	0.29548624	1.31510031	-0.43871421	0.30420440	2.00000000													1.00000000	-0.08623825	0.06363726	0.09067413	0.07630052	0.00548692	-0.00108760	-0.00036644	0.00560566	-0.18112929	0.07241829	-0.08188394	-0.11090966	5.00000000	-0.09682315	0.20352523	0.08035007	0.07085336	0.00146329	-0.00038308	0.00071693	0.00167391	-0.01162394	0.00489151	-0.01850652	-0.01371045	5.00000000
1.320000	0.03844401	0.03864298	0.94383579	0.18371882	0.10328001	0.00395027	-0.03109922	0.10793297	0.62110043	1.34805071	-0.26465538	0.70337188	2.00000000													1.00000000	-0.08618935	0.06363185	0.09066316	0.07635093	0.00377347	0.00012517	-0.00089581	0.00388036	-0.22752915	0.05701225	-0.11085946	-0.02057037	5.00000000	-0.09678573	0.20353039	0.08035072	0.07089113	0.00160187	-0.00021594	0.00042828	0.00167214	-0.05849554	-0.05796199	-0.01379465	0.04609441	5.00000000
1.330000	0.03944899	0.03856927	0.94346678	0.18479194	0.11093759	0.02049804	-0.03366520	0.11773132	0.79498351	1.31340599	0.07723770	0.93239635	2.00000000													1.00000000	-0.08615781	0.06365261	0.09067285	0.07638991	0.00093505	0.00138314	-0.00191194	0.00253829	-0.27889663	0.01950272	-0.15187678	0.09378169	5.00000000	-0.09675784	0.20354103	0.08036715	0.07092521	0.00115211	-0.00070855	0.00027039	0.00137931	-0.12634072	-0.13806382	-0.00180800	0.14417656	5.00000000
1.340000	0.04068697	0.03874055	0.94296777	0.18613766	0.12132066	0.03466057	-0.02994488	0.12967943	0.84086752	1.25507557	0.44711500	1.00551295	2.00000000													1.00000000	-0.08614281	0.06366983	0.09066375	0.07641449	-0.00235569	0.00158983	-0.00376000	0.00471322	-0.31879762	-0.03671449	-0.17439421	0.19961855	5.00000000	-0.09675692	0.20353539	0.08035999	0.07093436	-0.00044635	-0.00259429	0.00038141	0.00265990	-0.19556291	-0.20388082	0.01503413	0.23276918	5.00000000
1.350000	0.04211336	0.03938392	0.94259381	0.18774650	0.13154419	0.04514002	-0.02086560	0.14063025	0.98083866	1.06924772	0.63066763	1.13157320	2.00000000													1.00000000	-0.08618091	0.06370266	0.09062605	0.07647734	-0.00581462	0.00045896	-0.00639458	0.00865512	-0.28751305	-0.09541740	-0.14937970	0.24786572	5.00000000	-0.09676179	0.20352116	0.08035729	0.07094964	-0.00322952	-0.00577730	0.00063255	0.00664885	-0.23261775	-0.22909606	0.02824960	0.28345934	5.00000000
1.360000	0.04344186	0.04007274	0.94244123	0.18925071	0.13744791	0.05505259	-0.00997931	0.14839913	1.20185542	0.83475053	0.53531766	1.31636202	2.00000000													1.00000000	-0.08627374	0.06371541	0.09053739	0.07660635	-0.00961255	-0.00141828	-0.00867049	0.01302268	-0.16333191	-0.11689143	-0.06253178	0.15582259	5.00000000	-0.09680057	0.20345338	0.08036176	0.07102787	-0.00659078	-0.00901483	0.00103371	0.01121491	-0.20169291	-0.18217683	0.02929826	0.25309885	5.00000000
1.370000	0.04483193	0.04064663	0.94254673	0.19075829	0.14751261	0.06290705	-0.00277211	0.16039000	1.39082360	0.82704288	0.19964905	1.55498028	2.00000000													1.00000000	-0.08639280	0.06369255	0.09041331	0.07677982	-0.01190168	-0.00320952	-0.00927572	0.01542693	0.02932284	-0.08032428	0.08316793	-0.04864073	5.00000000	-0.09687101	0.20332374	0.08037974	0.07117650	-0.00936345	-0.01129185	0.00155438	0.01475114	-0.09367596	-0.04914796	0.01485490	0.08686913	5.00000000
1.380000	0.04616869	0.04106198	0.94269490	0.19216591	0.16593315	0.06804255	-0.00323902	0.17937137	1.70726156	1.06263542	-0.26180589	2.00421882	2.00000000													1.00000000	-0.08653732	0.06362613	0.09028970	0.07698126	-0.01069798	-0.00424863	-0.00748684	0.01373136	0.28201845	-0.00545361	0.26515880	-0.06868555	5.00000000	-0.09700369	0.20316890	0.08040375	0.07138181	-0.01007672	-0.01138970	0.00178013	0.01531126	0.07111424	0.14022695	-0.00925372	-0.11715752	5.00000000
1.390000	0.04777292	0.04172080	0.94268489	0.19390018	0.18645589	0.07380340	-0.01062651	0.20081250	2.07459641	1.27095497	-0.67736119	2.47145677	2.00000000													1.00000000	-0.08669910	0.06355567	0.09020619	0.07717648	-0.00590564	-0.00359428	-0.00351183	0.00775425	0.55107802	0.07724927	0.43504933	0.11671361	5.00000000	-0.09715980	0.20302230	0.08042801	0.07159733	-0.00818074	-0.00880435	0.00156568	0.01211992	0.24357125	0.31929937	-0.03221135	-0.14709522	5.00000000
1.400000	0.04989610	0.04265941	0.94248319	0.19623032	0.20711374	0.09214443	-0.02217144	0.22776802	2.13202119	1.41577244	-0.87454349	2.60310960	2.00000000													1.00000000	-0.08676076	0.06350856	0.09019369	0.07725508	0.00157884	-0.00178268	0.00221729	0.00325378	0.72622037	0.14748889	0.54040915	0.30803207	5.00000000	-0.09726305	0.20293960	0.08044031	0.07173020	-0.00399097	-0.00363377	0.00078554	0.00545428	0.35816503	0.42082676	-0.04518177	-0.06904757	5.00000000
1.410000	0.05229520	0.04362591	0.94211841	0.19884238	0.23289183	0.11431304	-0.03410727	0.26166654	1.86588705	1.63407528	-0.80312216	2.46052265	2.00000000													1.00000000	-0.08670643	0.06350973	0.09025669	0.07733828	0.01133134	0.00042785	0.00902396	0.01449186	0.74216741	0.18955548	0.55725092	0.50531656	5.00000000	-0.09726585	0.20293871	0.08044966	0.07174000	0.00137277	0.00268941	-0.00002819	0.00301964	0.36862761	0.40756410	-0.03944968	-0.02129151	5.00000000
1.420000	0.05463857	0.04464150	0.94174051	0.20142417	0.25511524	0.13003691	-0.04304349	0.28956196	1.63122809	1.78627491	-0.56796342	2.31988955	2.00000000													1.00000000	-0.08650571	0.06355728	0.09037125	0.07757423	0.02079867	0.00247825	0.01552508	0.02607210	0.62036717	0.20204957	0.48335323	0.66784841	5.00000000	-0.09718774	0.20299765	0.08044035	0.07183830	0.00611711	0.00771644	-0.00044002	0.00985678	0.28013924	0.28152928	-0.00742502	0.03979305	5.00000000
1.430000	0.05713227	0.04634069	0.94127673	0.20447718	0.26693171	0.14319724	-0.04631181	0.30643559	1.49022353	1.76220500	-0.27679667	2.18086600	2.00000000													1.00000000	-0.08623333	0.06359024	0.09056985	0.07791293	0.02677142	0.00438076	0.02033847	0.03390507	0.39709768	0.20115127	0.33051592	0.55791652	5.00000000	-0.09706808	0.20314851	0.08042096	0.07203183	0.00865081	0.00987487	-0.00044008	0.01313557	0.13991867	0.07891241	0.03991865	0.07935120	5.00000000
1.440000	0.06004290	0.04779597	0.94073957	0.20777537	0.27200705	0.16107158	-0.04518181	0.31933257	1.31275463	1.93507493	-0.00959070	2.11195421	2.00000000													1.00000000	-0.08587594	0.06363297	0.09082343	0.07835322	0.02860650	0.00628636	0.02293109	0.03719792	0.11712107	0.22225095	0.17283557	0.24968734	5.00000000	-0.09696792	0.20329200	0.08041380	0.07220696	0.00841338	0.00890543	0.00023438	0.01225343	0.00834089	-0.11979707	0.07302561	-0.00856646	5.00000000
1.450000	0.06298937	0.04955377	0.94020981	0.21124700	0.28582627	0.18152979	-0.04342347	0.34137270	1.19617450	2.46125150	0.15238507	2.32460284	2.00000000													1.00000000	-0.08555654	0.06367709	0.09110279	0.07877985	0.02744881	0.00836650	0.02294350	0.03674017	-0.12849949	0.31836417	0.13347541	0.11298091	5.00000000	-0.09687730	0.20339710	0.08041772	0.07234579	0.00660345	0.00563997	0.00158921	0.00882838	-0.06751208	-0.22266845	0.07722145	-0.12936182	5.00000000
1.460000	0.06580533	0.05111173	0.93982840	0.21448773	0.30300277	0.20396799	-0.04090766	0.36754191	1.20011318	3.01002264	0.20076424	2.71580052	2.00000000													1.00000000	-0.08529799	0.06377947	0.09134551	0.07914896	0.02431640	0.01077751	0.02137056	0.03411954	-0.28698951	0.45299840	0.26651317	0.21709250	5.00000000	-0.09682852	0.20341949	0.08043879	0.07240345	0.00488143	0.00139189	0.00295366	0.00587281	-0.07218567	-0.19563815	0.05262367	-0.14735180	5.00000000
1.470000	0.06843344	0.05330926	0.93953013	0.21792649	0.31719542	0.23872770	-0.03877729	0.39888284	1.10800958	3.35737252	0.21764725	2.94214559	2.00000000													1.00000000	-0.08510312	0.06391949	0.09153634	0.07945554	0.02001307	0.01539874	0.02228233	0.03367708	-0.36875212	0.50095433	0.55938458	0.47986937	5.00000000	-0.09680867	0.20337085	0.08048443	0.07247304	0.00429333	-0.00150725	0.00343869	0.00570343	-0.01475965	-0.07359372	0.01341683	-0.05382463	5.00000000
1.480000	0.07196990	0.05587833	0.93915612	0.22231358	0.32590464	0.28118685	-0.03704478	0.43203264	0.75204545	3.63479090	0.19859022	2.93811560	2.00000000													1.00000000	-0.08492425	0.06407360	0.09167951	0.07973167	0.01602490	0.02377207	0.02963785	0.04123482	-0.35117033	0.50267482	0.98030597	0.88012725	5.00000000	-0.09678681	0.20332514	0.08053552	0.07254500	0.00484604	-0.00116912	0.00296477	0.00580007	0.09059353	0.10024074	-0.00288121	0.12594372	5.00000000
1.490000	0.07546438	0.05883011	0.93876487	0.22690460	0.33156243	0.32142836	-0.03507981	0.46312031	0.29728609	3.70688152	0.03279597	2.76881027	2.00000000													1.00000000	-0.08477189	0.06426226	0.09189167	0.08005387	0.01199618	0.03110077	0.04289554	0.05432489	-0.16722764	0.58343828	1.51496685	1.46575749	5.00000000	-0.09674466	0.20327565	0.08058178	0.07262478	0.00601218	0.00193020	0.00190462	0.00659542	0.21792953	0.28729272	0.05390618	0.32008883	5.00000000
1.500000	0.07920668	0.06250754	0.93830156	0.23217176	0.33337528	0.35524973	-0.03256500	0.48826420	-0.14012952	3.31104541	-0.24064216	2.32063556	2.00000000													1.00000000	-0.08465736	0.06463706	0.09236049	0.08066493	0.00893014	0.03308697	0.06112518	0.07007698	0.19936185	0.79574502	2.27966261	2.34403753	5.00000000	-0.09665341	0.20331110	0.08057911	0.07272272	0.00829690	0.00611196	0.00166191	0.01043823	0.30739516	0.34350258	0.13854438	0.42178610	5.00000000
1.510000	0.08212193	0.06625268	0.93803442	0.23692530	0.32895461	0.39009243	-0.03403971	0.51141173	-0.59453845	2.63098383	-0.49345201	1.64404702	2.00000000													1.00000000	-0.08459225	0.06518184	0.09314816	0.08162484	0.01041126	0.03755769	0.08346339	0.09211466	0.78534466	1.34066367	3.62273717	3.90226531	5.00000000	-0.09655552	0.20343168	0.08056648	0.07287855	0.01258775	0.01106945	0.00369928	0.01716593	0.46619573	0.62007487	0.54527020	0.92071748	5.00000000
1.520000	0.08520610	0.07022607	0.93781513	0.24195999	0.32091784	0.41640779	-0.04394849	0.52755588	-1.16700554	1.85125959	-0.67749858	0.78847951	2.00000000													1.00000000	-0.08458731	0.06556341	0.09410823	0.08265797	0.02035890	0.04948402	0.11605582	0.12779713	1.92288613	2.52856350	5.93252373	6.70214701	5.00000000	-0.09646114	0.20357229	0.08056124	0.07304797	0.01813682	0.01637042	0.00922543	0.02611596	0.95143396	1.42138934	1.51243234	2.24780250	5.00000000
1.530000	0.08843996	0.07447200	0.93755013	0.24730377	0.30770308	0.42996952	-0.05570352	0.53165579	-1.96302378	1.03969526	-0.62878513	-0.22956876	2.00000000													1.00000000	-0.08447026	0.06577741	0.09530618	0.08388050	0.03996497	0.07504690	0.17354016	0.19324964	4.20010519	4.53371572	9.36418915	11.16201496	5.00000000	-0.09627442	0.20374826	0.08066248	0.07332380	0.02324358	0.01886984	0.01627486	0.03407647	1.89847672	2.38583803	2.84476852	4.12553930	5.00000000
1.540000	0.09182177	0.07911278	0.93684947	0.25308859	0.28833535	0.43391651	-0.06437202	0.52494246	-3.01558018	0.53860813	-0.10882482	-1.07158637	2.00000000													1.00000000	-0.08404705	0.06644180	0.09680373	0.08557259	0.07628556	0.12439439	0.27673584	0.31285170	7.83626842	7.62275934	13.60813522	17.32139587	5.00000000	-0.09597614	0.20396790	0.08088282	0.07375480	0.03955594	0.05156745	0.05171019	0.08305310	3.77635193	4.31423092	5.06254768	7.59529734	5.00000000
1.550000	0.09485360	0.08366943	0.93579078	0.25866318	0.25637615	0.42787504	-0.06697923	0.50328124	-4.22270060	0.56056029	1.10765457	-1.32666099	2.00000000													1.00000000	-0.08316836	0.06764200	0.09948177	0.08863600	0.15498374	0.20658261	0.43790784	0.50838923	12.29529476	12.58551025	17.48462486	24.54507828	5.00000000	-0.09558729	0.20427488	0.08127878	0.07438901	0.07832491	0.10392281	0.11052272	0.17073375	7.35521793	9.15683651	8.62213707	14.52466488	5.00000000
1.560000	0.09713154	0.08792600	0.93502355	0.26355153	0.20577534	0.42634866	-0.05482683	0.47657385	-5.15547085	1.08866465	2.65951180	-0.71327686	2.00000000													1.00000000	-0.08176504	0.07007901	0.10412125	0.09406122	0.30514014	0.33666980	0.65440804	0.79668498	16.50975037	20.36042404	18.95335388	31.77127075	5.00000000	-0.09510761	0.20477866	0.08190932	0.07532787	0.14833218	0.17033355	0.19359432	0.29748061	12.37650585	17.64680290	12.05268860	24.64553452	5.00000000
1.570000	0.09882256	0.09180824	0.93450046	0.26781827	0.14070992	0.44227484	-0.02379467	0.46472842	-5.31302357	2.42362261	3.73396015	0.98152155	2.00000000													1.00000000	-0.07907771	0.07367058	0.11173242	0.10289586	0.52148372	0.54421479	0.89779234	1.17223978	18.96582985	31.54282379	16.11643028	38.71205139	5.00000000	-0.09357743	0.20773374	0.08479306	0.07973127	0.28591409	0.33475518	0.34384969	0.55860585	17.35491180	30.27989197	13.84429264	37.40063095	4.00000000
1.580000	0.10017426	0.09574843	0.93440557	0.27198496	0.07034025	0.46904179	0.03957251	0.47593480	-4.61721420	4.29940319	4.26273632	3.36563897	2.00000000													1.00000000	-0.07337304	0.07916633	0.12232404	0.11612194	0.76312518	0.88479584	1.10064161	1.60519016	17.87360764	45.92983246	8.49900627	46.21809769	5.00000000	-0.09075283	0.21040292	0.08795940	0.08474412	0.51205587	0.67606252	0.54152083	1.00623393	20.47479820	47.52635956	14.07751369	53.07856369	4.00000000
1.590000	0.10044172	0.10072443	0.93483216	0.27698636	0.02213928	0.51589906	0.09983132	0.52593565	-3.18696380	5.90534735	4.36722755	5.60852289	2.00000000													1.00000000	-0.06361700	0.08806761	0.13557976	0.13483363	0.97437471	1.40533400	1.17688346	2.07591534	12.34281254	62.37936020	-2.31542039	55.41599655	5.00000000	-0.08558165	0.21598084	0.09392745	0.09441221	0.78680760	1.22724342	0.70762497	1.62047088	20.63154793	67.62681580	12.22488117	70.24776459	4.00000000
1.600000	0.10025161	0.10649461	0.93586934	0.28285211	0.00495389	0.59619176	0.13351539	0.61097914	-1.06456733	7.30112028	3.31658435	7.44648027	2.00000000													1.00000000	-0.05107132	0.10263593	0.14976990	0.15872903	1.09675384	2.13041782	1.07490623	2.62620878	3.21778488	76.98638153	-13.38757515	64.76750946	5.00000000	-0.07605750	0.22858745	0.10328112	0.11277322	1.03709245	2.02753663	0.81241030	2.41794872	17.20600891	86.55133057	8.32407188	85.59145355	4.00000000
1.610000	0.09909704	0.11234245	0.93887466	0.28952760	0.00762418	0.68519634	0.16240676	0.70422161	1.03911436	8.68775749	1.30090415	8.84881687	3.00000000													1.00000000	-0.03806299	0.12649927	0.16187747	0.18848249	1.08149552	3.03464866	0.81747019	3.32370019	-5.61447906	88.65834045	-22.07901192	74.91888428	5.00000000	-0.06270771	0.25154895	0.11363142	0.14127895	1.18870640	3.04023385	0.86638981	3.37737703	8.40774441	95.17057800	4.59345531	91.01731110	4.00000000
1.620000	0.09954338	0.11946295	0.94028032	0.29679924	0.03022055	0.77080357	0.17845780	0.79176927	2.03886580	9.51877213	-0.35706764	9.48692417	3.00000000													1.00000000	-0.02678907	0.16106634	0.16888180	0.22551011	0.92610651	4.05806923	0.49866050	4.19216681	-11.52294540	94.29731750	-25.76116180	82.73500824	5.00000000	-0.04769738	0.28766271	0.12290685	0.18147284	1.24777544	4.19785833	0.86420900	4.46383429	-3.92085409	88.82868958	3.38278556	83.10915375	4.00000000
1.630000	0.10029706	0.12788206	0.94184250	0.30539516	0.07345732	0.86915421	0.15514393	0.88594282	2.26108313	10.02682018	-1.82449508	9.82967567	3.00000000													1.00000000	-0.01815982	0.20768389	0.17024431	0.27293918	0.68251669	5.01617670	0.20040905	5.06636190	-15.04615021	86.88128662	-22.16205788	79.27585602	5.00000000	-0.03440712	0.33663929	0.13023333	0.23274674	1.19000697	5.30739069	0.85678738	5.50623274	-12.67525196	74.03134155	5.44710493	69.02098083	4.00000000
1.640000	0.10140926	0.13711128	0.94338924	0.31481895	0.10742483	0.97686678	0.11741369	0.98974478	2.05454183	10.89078140	-3.51498961	10.58346939	3.00000000													1.00000000	-0.01285829	0.26478979	0.16836683	0.33032137	0.53544950	6.03217030	-0.04918265	6.05608845	-15.90565014	65.19935608	-12.68532181	61.25254059	5.00000000	-0.02465655	0.39584625	0.13747334	0.29318643	0.90151304	5.88757515	0.88976741	6.02228785	-15.83934021	53.76615906	9.41378880	50.83466339	4.00000000
1.650000	0.10258878	0.14736523	0.94460338	0.32521167	0.11079292	1.08256841	0.08279681	1.09136832	0.81885505	11.67710304	-4.70657730	11.37790394	3.00000000													1.00000000	-0.01045364	0.33112913	0.16709003	0.39671656	0.42408004	6.72905827	-0.16264865	6.74436951	-13.08920860	35.52957153	-2.12478089	34.01984406	5.00000000	-0.01426582	0.46723035	0.14607237	0.36583352	0.57918274	6.10369635	1.01783943	6.21502686	-16.83497429	25.62237167	12.78014565	24.87827873	4.00000000
1.660000	0.10397486	0.15852912	0.94540220	0.33648962	0.11905965	1.20522892	0.02912233	1.21144545	-0.99565428	11.99318218	-5.22345591	11.80830002	3.00000000													1.00000000	-0.00930529	0.39964786	0.16551152	0.46526310	0.29467732	6.90320826	-0.07094803	6.90985918	-9.16675186	1.44180059	6.70268822	1.13615990	4.00000000	-0.00870138	0.53615505	0.15719204	0.43587083	0.46083891	6.26713753	1.23445225	6.40415907	-13.36870193	-0.51833785	13.54864216	0.60672361	4.00000000
1.670000	0.10500616	0.17098475	0.94546938	0.34898806	0.10920651	1.33860373	-0.03244877	1.34344292	-2.33861685	12.41639423	-5.44710493	12.37473774	3.00000000													1.00000000	-0.00143018	0.48613048	0.16252893	0.55215472	0.17627735	6.57286167	0.14015113	6.57671881	-6.76483965	-33.82445526	12.43385029	-33.65255356	4.00000000	-0.01204075	0.58610523	0.16975148	0.48748392	0.43777919	6.24016523	1.42824388	6.41647816	-4.77800703	-16.15727234	9.66828156	-14.23080349	5.00000000
1.680000	0.10588882	0.18485069	0.94467551	0.36290473	0.06784331	1.46313548	-0.09448031	1.46775162	-3.72293210	13.01064205	-5.01376534	13.09768581	3.00000000	0.06698779	0.45887014	0.61328954	0.38512090	0.10098094	1.73326468	0.05604326	1.73710811	-4.91081429	7.09101200	-7.74446297	6.72582006	2.00000000	-0.00123118	0.54737794	0.16340214	0.61340874	0.14205061	5.98136663	0.32066417	5.99164009	-3.66189480	-59.54484558	11.80788994	-59.19898224	4.00000000	-0.00946591	0.64679039	0.18641852	0.55046892	0.38647151	5.85600662	1.52776432	6.06434155	0.49051020	-31.59169579	-0.27338564	-30.80412102	5.00000000
1.690000	0.10743751	0.20081666	0.94333678	0.37900141	0.01828019	1.58304536	-0.14907122	1.59015381	-5.39537621	13.36139202	-3.80969977	13.56045914	4.00000000	0.06830864	0.47588000	0.61392045	0.40219361	0.05469508	1.79850459	-0.02947152	1.79957747	-3.44456220	5.00211143	-9.07356453	5.30480146	2.00000000	-0.00005126	0.60751265	0.16995712	0.67391115	0.14372841	5.20575237	0.44632429	5.22682714	1.10680068	-70.02548218	3.59756899	-69.75717926	4.00000000	-0.00198762	0.70917696	0.20441785	0.61582935	0.43564352	5.42371130	1.49870217	5.64380503	0.06925861	-51.55040741	-13.55995750	-53.02110291	6.00000000
1.700000	0.10703022	0.21742347	0.94140536	0.39572513	-0.03411124	1.71998179	-0.18498698	1.73023725	-6.22218037	13.93756866	-2.31459618	14.22854042	4.00000000	0.06863253	0.49409175	0.61362219	0.42041069	0.00840922	1.86374450	-0.11498629	1.86730719	-1.97830987	2.91321063	-10.40266609	3.88378286	2.00000000	-0.00446921	0.64105660	0.17924884	0.70899749	0.14864965	4.32062054	0.48458165	4.35025024	4.88901949	-68.85040283	-8.34300232	-68.37821960	4.00000000	0.00684514	0.77287716	0.22046432	0.68211073	0.52456522	4.96566391	1.28400218	5.15573931	0.06292288	-66.84336853	-26.23672295	-70.13943481	5.00000000
1.710000	0.10614687	0.23474304	0.93928242	0.41319668	-0.11049794	1.86655354	-0.19287118	1.87974238	-6.32468653	15.24970627	-0.72763562	15.57213783	4.00000000	0.06833175	0.51303858	0.61254364	0.43939057	0.00564946	1.87657070	-0.19578038	1.88676429	-1.28168666	1.34673417	-12.34859276	3.22183347	2.00000000	-0.00046019	0.68479007	0.18450648	0.75322795	0.22398625	3.58871317	0.34764767	3.61246324	5.49599886	-65.71784210	-19.91060829	-63.83004761	4.00000000	0.01014909	0.81474739	0.23341583	0.72606266	0.48776755	4.19961262	0.88819313	4.32013321	1.57232606	-74.10687256	-37.46021652	-76.83595276	5.00000000
1.720000	0.10456596	0.25330341	0.93698406	0.43196550	-0.18912187	2.01720643	-0.18614531	2.03458571	-6.40030003	16.80557632	0.70300162	17.12900352	5.00000000	0.06814775	0.53232062	0.61012459	0.45882463	-0.00928622	1.89444983	-0.34294525	1.92526305	0.11721230	-1.63364100	-14.19302845	1.66735637	2.00000000	0.00433909	0.72007525	0.18661664	0.78890049	0.34228566	3.06565452	0.02069237	3.08477306	4.93072987	-61.74628067	-28.69406700	-56.54994965	4.00000000	0.01313745	0.84884584	0.24045843	0.76100880	0.41552156	3.22013140	0.42266721	3.27422523	1.99540865	-76.93968964	-45.75204849	-74.15997314	5.00000000
1.730000	0.10260197	0.27469295	0.93508184	0.45352909	-0.24522865	2.18837810	-0.17070670	2.20868206	-6.08795881	17.84600830	1.81804824	18.16672516	5.00000000	0.06784160	0.55177677	0.60629249	0.47865695	0.00740153	1.85507977	-0.51193088	1.92443478	0.93696004	-3.96021390	-15.37329388	0.63851076	2.00000000	0.00884799	0.74760592	0.18502754	0.81684315	0.42062148	2.65320182	-0.39114901	2.71466398	3.90460014	-55.31288147	-31.32310867	-46.04711914	4.00000000	0.01623774	0.87624943	0.24131991	0.78860068	0.43223229	2.31137061	-0.06527441	2.35234356	2.48788500	-71.60092163	-48.30418396	-59.98936081	5.00000000
1.740000	0.09964295	0.29774070	0.93389750	0.47679618	-0.29865626	2.38609362	-0.14778027	2.40924835	-5.18698740	17.99972153	3.37878919	18.28008652	4.00000000	0.06798512	0.57051235	0.60045260	0.49828210	0.02686599	1.79516220	-0.69459575	1.92504346	1.27209222	-5.71127987	-14.99526501	-0.20943482	2.00000000	0.01285296	0.76920563	0.18020491	0.83933413	0.39306259	1.98290193	-0.78537399	2.16868854	0.85877895	-49.59869385	-25.66119957	-38.59213257	5.00000000	0.02059572	0.89658380	0.23705073	0.80983049	0.53548414	1.64457154	-0.60330886	1.83175886	2.81145263	-55.66967010	-45.16181946	-37.33628082	5.00000000
1.750000	0.09619940	0.32253787	0.93238682	0.50187683	-0.35103005	2.58958793	-0.11925747	2.61599112	-4.34520245	16.71776581	6.23444176	17.03920174	4.00000000	0.06842809	0.58812433	0.59238887	0.51765740	0.04058859	1.71099699	-0.85773712	1.91438532	1.17485952	-7.11800051	-13.37208176	-0.97607070	2.00000000	0.01625350	0.78732800	0.16968495	0.86056274	0.38037723	1.40141737	-1.05417550	1.79442012	-3.10345030	-45.26318741	-13.61492538	-36.44646835	5.00000000	0.02701542	0.90842801	0.22958191	0.82523441	0.62263763	1.18339002	-1.09963918	1.73126996	-0.17998740	-36.13161850	-37.86249924	-15.65403271	5.00000000
1.760000	0.09252922	0.34884623	0.93136096	0.52845979	-0.39423275	2.76654816	-0.06930281	2.79535532	-3.63798070	13.60017967	9.91879368	14.22797775	4.00000000	0.06935374	0.60411799	0.58240139	0.53653604	0.05935337	1.64230454	-0.96711314	1.90682852	1.02351558	-7.48793554	-11.85389328	-1.11822081	2.00000000	0.01947784	0.80092025	0.15525340	0.88064796	0.35440978	0.97027171	-1.11728692	1.52163196	-5.52675867	-37.24053574	0.88974977	-34.08016586	5.00000000	0.03440783	0.91391534	0.21716771	0.84068984	0.63015145	0.97815835	-1.46710634	1.87250781	-6.34759378	-19.82159042	-25.86471748	-2.66621494	5.00000000
1.770000	0.08835861	0.37787622	0.93026531	0.55780828	-0.42398429	2.89376092	0.04682044	2.92503119	-2.76867151	8.98781776	13.40045452	10.16635227	4.00000000	0.06975324	0.62042236	0.57112366	0.55636477	0.05754977	1.56482160	-1.05243027	1.88668704	0.38626975	-7.63930082	-9.79113293	-1.39210224	2.00000000	0.02368724	0.80327350	0.13933973	0.89727628	0.28525028	0.71273196	-0.97958493	1.24456465	-6.72409821	-24.59336090	13.85378933	-28.81537437	5.00000000	0.04221774	0.91764951	0.19707666	0.86256653	0.50614518	0.93372160	-1.66539586	1.97523725	-12.22171116	-9.13184357	-9.79102707	-1.78158772	5.00000000
1.780000	0.08385149	0.40865493	0.93028569	0.58891523	-0.44629827	2.95477819	0.23202895	2.99728775	-1.79825521	3.73297524	15.70831203	5.50642586	4.00000000	0.07031880	0.63491476	0.56028092	0.57447320	0.05574618	1.48733866	-1.13774741	1.87343347	-0.25097609	-7.79066610	-7.72837257	-1.66598368	2.00000000	0.02729090	0.80688971	0.13010591	0.90782744	0.18734397	0.53207278	-0.71215653	0.90849662	-7.67447138	-13.98192310	21.20649147	-23.81056023	5.00000000	0.04815013	0.92975187	0.17677832	0.88693213	0.27834198	0.94039881	-1.68807912	1.95228970	-15.18280506	-5.73155689	6.25281429	-10.56502819	5.00000000
1.790000	0.07917356	0.43962741	0.93277079	0.62033743	-0.45932460	2.95611930	0.43789592	3.02347040	-0.74829257	-1.22551119	15.70344925	0.93302327	4.00000000													1.00000000	0.02922596	0.80959630	0.12657385	0.91267979	0.09251878	0.44089007	-0.40048122	0.60276777	-7.17757797	-8.59836102	21.50349808	-19.96191216	5.00000000	0.04970316	0.94352221	0.15761875	0.91057789	0.05822517	0.94332838	-1.50659013	1.77850282	-14.12760830	-8.52732468	18.59642792	-21.80985260	5.00000000
1.800000	0.07440744	0.46897680	0.93922645	0.65076405	-0.46554536	2.90791225	0.61538368	3.00855160	0.35465807	-5.11079407	12.79643536	-3.00854826	4.00000000													1.00000000	0.02797087	0.81968820	0.12746552	0.92288846	0.01671890	0.45667985	-0.14055371	0.47811228	-5.04211187	-7.31011295	17.01549911	-16.69937706	5.00000000	0.04698299	0.95581633	0.14541277	0.92811441	-0.07747424	0.85724735	-1.17534769	1.45681763	-8.98132133	-12.43527126	25.80551147	-29.26476479	5.00000000
1.810000	0.06984098	0.49690664	0.94805634	0.68041021	-0.45824680	2.82591510	0.72990900	2.95441270	1.39717233	-7.94980478	7.88300323	-6.42685270	4.00000000													1.00000000	0.02651726	0.82325464	0.12697233	0.92677122	-0.02726850	0.44016984	-0.01895303	0.44142076	-2.58295584	-6.61269236	10.88422775	-11.96035099	5.00000000	0.04233317	0.96046901	0.13573954	0.93981224	-0.12452859	0.63653141	-0.82261670	1.04755807	-2.57689214	-14.72325134	27.67766571	-31.28372002	4.00000000
1.820000	0.06524535	0.52461618	0.95692360	0.70986468	-0.43406686	2.72779322	0.77312684	2.86827374	2.41985035	-10.45577526	2.66436720	-9.85322189	4.00000000	0.05055552	0.73506707	0.57492858	0.67760235	-0.72384000	2.15754604	0.34676096	2.30199742	8.37320900	-34.33425903	-6.28968573	-35.72441864	2.00000000	0.02620526	0.82650214	0.12676056	0.93004054	-0.02688011	0.32002428	-0.00468455	0.32118535	-0.94676942	-7.15747881	5.03118801	-8.68443298	5.00000000	0.04135546	0.96406764	0.13017525	0.94651055	-0.09045591	0.39951006	-0.53233725	0.67169452	1.41363835	-15.28663158	24.57227898	-28.67765045	4.00000000
1.830000	0.06062765	0.55214608	0.96418226	0.73870748	-0.40148279	2.62555790	0.75394458	2.76100969	3.37955427	-12.85590839	-1.53163970	-13.18134975	4.00000000	0.04326883	0.75690937	0.57870299	0.70093536	-0.63896275	1.81724131	0.28304160	1.94698536	7.33996344	-30.80559349	-5.18052435	-31.86058998	2.00000000	0.02696428	0.82893646	0.12659186	0.93259603	0.00088789	0.17616153	-0.01523793	0.17682156	-0.20661987	-8.48391724	1.21006978	-8.33088303	5.00000000	0.04268900	0.96716952	0.12659381	0.95143259	-0.00394837	0.25206804	-0.32738557	0.41320115	2.44298935	-13.36184788	18.74234962	-22.96284866	4.00000000
1.840000	0.05682935	0.57843846	0.97072595	0.76606685	-0.36497465	2.49690247	0.69837767	2.61829329	3.89314318	-14.77645016	-4.33507347	-15.78316212	4.00000000	0.03657425	0.77561694	0.58137232	0.72098321	-0.55408549	1.47693646	0.21932223	1.59262490	6.30671740	-27.27692604	-4.07136297	-27.99676323	2.00000000	0.02749490	0.83017927	0.12653440	0.93394858	0.00935925	0.11672675	-0.00538218	0.11722498	-0.09904977	-7.73143053	-0.02978415	-7.06728029	5.00000000	0.04399854	0.96947199	0.12465452	0.95471543	0.04945742	0.18832286	-0.17812364	0.26389310	1.76270616	-9.37633991	12.91822910	-15.80600357	4.00000000
1.850000	0.05349246	0.60280389	0.97758639	0.79159868	-0.31960869	2.32469487	0.63605702	2.43123937	3.90914178	-15.91710091	-6.10372877	-17.32610703	4.00000000	0.03109919	0.79032749	0.58368063	0.73684841	-0.52202767	1.28234029	0.20386724	1.39945388	6.32848692	-24.52559662	-4.09195852	-25.47454262	2.00000000	0.02741004	0.83076656	0.12654215	0.93454200	-0.00868651	0.05648136	-0.00186774	0.05717593	-0.28084689	-5.19739437	-0.12027556	-4.18609285	5.00000000	0.04440226	0.97105372	0.12384337	0.95653826	0.02785539	0.12205441	-0.09088783	0.15470552	0.09256259	-5.88703203	8.28707314	-9.56001377	4.00000000
1.860000	0.05069052	0.62520796	0.98449123	0.81520951	-0.27296647	2.13156438	0.57745624	2.22520399	3.68091369	-15.95381546	-7.18737650	-17.55034256	4.00000000	0.02738354	0.79913849	0.58426237	0.74642849	-0.44628772	0.97310686	0.16276041	1.08286691	5.60594893	-17.26333618	-3.02040839	-18.37599373	3.00000000	0.02692871	0.83082557	0.12655780	0.93502718	-0.03270533	0.02003610	0.00191070	0.03840227	-0.13246642	-3.19455218	-0.19741718	-2.21885991	5.00000000	0.04407044	0.97165722	0.12359034	0.95727199	-0.01448812	0.06545186	-0.03619262	0.07618240	-1.42004001	-4.02512264	4.85443211	-5.71007490	4.00000000
1.870000	0.04802084	0.64536929	0.99016762	0.83632416	-0.23762995	1.95757890	0.50917417	2.03662491	3.33288646	-14.36126900	-7.67247438	-15.98858738	4.00000000	0.02299201	0.80672246	0.58616012	0.75539529	-0.39027163	0.80600327	0.12630224	0.90438128	6.34744072	-11.47913265	-2.84653997	-13.15180969	3.00000000	0.02635803	0.83076555	0.12657744	0.93560135	-0.03564427	-0.00778735	-0.00897745	0.03757329	0.66833770	-1.85663331	-0.14525443	-0.90144628	5.00000000	0.04352485	0.97185487	0.12354089	0.95785439	-0.03989106	0.02771666	-0.01002743	0.04959898	-1.47130573	-2.71403170	2.51604414	-3.40991116	4.00000000
1.880000	0.04590287	0.66355598	0.99455112	0.85515118	-0.21128504	1.82267475	0.41947711	1.88221824	2.88065529	-11.33185673	-7.65706921	-12.89724255	4.00000000	0.01907445	0.81250554	0.58761579	0.76253045	-0.34513003	0.77086884	0.10505567	0.85111117	7.40326071	-5.14008427	-3.00117421	-7.27274179	3.00000000	0.02585918	0.83066171	0.12656067	0.93611115	-0.01368378	-0.02039919	-0.02005758	0.03171245	1.75546646	-0.53788882	0.15007891	0.46479166	5.00000000	0.04294201	0.97176421	0.12355284	0.95844436	-0.04266448	0.01295358	-0.00164664	0.04461798	-0.41181785	-1.25318527	1.09895992	-1.53231156	4.00000000
1.890000	0.04410007	0.68046224	0.99794567	0.87248886	-0.18929674	1.72982264	0.32412410	1.77007794	2.47528172	-7.98764181	-7.27280426	-9.42303181	4.00000000	0.01593533	0.81923592	0.58878791	0.77004880	-0.26897955	0.78592545	0.08484075	0.83500105	8.10966587	1.19758689	-2.46887732	-0.90155745	3.00000000	0.02562908	0.83063883	0.12656963	0.93634254	0.01995328	-0.01530896	-0.01786848	0.03085093	2.53737187	0.43429515	0.57462329	1.18232119	5.00000000	0.04250488	0.97172487	0.12360910	0.95888686	-0.03317939	0.01526674	-0.00044995	0.03652599	0.56869221	-0.12267714	0.23888989	-0.38524503	4.00000000
1.900000	0.04231824	0.69714677	1.00098825	0.88954186	-0.16346380	1.67745888	0.25138804	1.70404947	2.32614207	-5.34586477	-6.44637251	-6.54190350	4.00000000	0.01260224	0.82931465	0.58909380	0.78066880	-0.16659561	0.83019978	0.04929950	0.84818405	9.14356518	3.46354890	-1.95555627	1.72483516	4.00000000	0.02608404	0.82977539	0.12560755	0.93771297	0.05171400	0.00084937	-0.00026623	0.05172165	2.61771250	1.28023565	1.21359766	1.75081360	4.00000000	0.04224115	0.97193122	0.12358860	0.95922238	-0.02015581	0.02372712	-0.00196844	0.03119467	1.01798403	0.47982067	-0.14063413	-0.05466897	4.00000000
1.910000	0.04066870	0.71381485	1.00296974	0.90640819	-0.14013669	1.65099442	0.20295082	1.66931415	2.55676055	-3.78535676	-5.21415329	-4.66646051	4.00000000	0.01178975	0.83818293	0.58937144	0.78957856	-0.06481883	0.90490079	0.02532552	0.90757275	9.16003036	4.02895212	-1.57362366	2.92974162	4.00000000	0.02707757	0.83005112	0.12567998	0.93874657	0.07782541	0.01690288	0.01768942	0.08158074	2.07137728	1.64537764	1.56095612	2.12029481	4.00000000	0.04216881	0.97234738	0.12354662	0.95964688	-0.00752462	0.03330161	-0.00540670	0.03456660	1.01766622	0.57912469	-0.27318889	0.08625354	4.00000000
1.920000	0.03914900	0.73038816	1.00442123	0.92311418	-0.11887863	1.62913299	0.16344786	1.64162171	3.08723974	-3.44897389	-4.13772583	-4.06078196	4.00000000	0.01207374	0.84680223	0.58936483	0.79820257	0.04097358	0.93864197	0.01746962	0.93969822	7.63847160	4.37265968	-0.97045058	3.98586965	4.00000000	0.02819411	0.83018476	0.12588920	0.93989038	0.09700047	0.03562520	0.03512303	0.10914153	1.25733554	1.36093843	1.26404738	1.77455127	4.00000000	0.04217812	0.97280538	0.12348502	0.96010911	0.00250253	0.03934105	-0.00913987	0.04046626	0.73881108	0.18684086	-0.19156031	-0.02665308	4.00000000
1.930000	0.03839946	0.74669886	1.00580060	0.93950027	-0.09153159	1.59939075	0.12620588	1.60697126	3.92685270	-3.79066563	-3.77211976	-4.20548487	4.00000000	0.01337464	0.85583079	0.58949393	0.80732530	0.12263709	0.95548528	0.01707723	0.96347475	5.33982134	4.15211058	-0.39856461	4.20823622	4.00000000	0.02910778	0.83135265	0.12725364	0.94190544	0.10572092	0.05661100	0.05272130	0.13100097	0.48234287	0.82920319	0.70841521	0.91527325	5.00000000	0.04227208	0.97320855	0.12338025	0.96053612	0.00963093	0.04120618	-0.01218567	0.04403629	0.46367553	0.32500428	-0.35678774	0.37726054	4.00000000
1.940000	0.03757335	0.76251417	1.00715578	0.95539504	-0.04827827	1.55580640	0.09347101	1.55935931	5.00117350	-3.90030241	-3.91272807	-4.10348558	4.00000000	0.01515992	0.86590713	0.58967876	0.81756026	0.15649945	0.99678683	0.01793206	1.00915682	2.87346983	3.92632675	-0.38125274	4.08368969	4.00000000	0.03004454	0.83167541	0.12764004	0.94296890	0.10314107	0.06264199	0.05634973	0.13318180	-0.18099006	0.47740602	0.47495580	0.21380602	5.00000000	0.04238333	0.97356099	0.12323463	0.96093339	0.01188960	0.03866354	-0.01441575	0.04294236	0.35149330	1.31860876	-0.91723084	1.58643961	4.00000000
1.950000	0.03706132	0.77789545	1.00817931	0.97081882	0.00913202	1.49602187	0.05813638	1.49717891	5.83229113	-3.72268438	-3.93758845	-3.66818404	4.00000000	0.01708531	0.87627178	0.59007627	0.82810974	0.15886365	1.04853404	0.01809647	1.06065488	0.85569131	4.02233887	-0.77564013	4.09352827	4.00000000	0.03120125	0.83230805	0.12802592	0.94434261	0.09439022	0.05493810	0.04803911	0.11931247	-0.72210848	0.16978891	0.43345404	-0.24909587	5.00000000	0.04256232	0.97396266	0.12305880	0.96140701	0.00840174	0.02617389	-0.01047651	0.02941800	0.20836040	1.58127511	-1.03927946	1.87413156	4.00000000
1.960000	0.03701387	0.79279357	1.00845718	0.98571962	0.08306587	1.45549273	0.01152456	1.45790672	6.24306059	-3.31385422	-3.66759944	-2.98205996	4.00000000	0.01885899	0.88707143	0.59012520	0.83905417	0.14089851	1.10105669	0.00879218	1.11007011	-0.12538812	3.53005409	-1.33218205	3.50360250	4.00000000	0.03235752	0.83296883	0.12833540	0.94570988	0.08506732	0.04760722	0.04414693	0.10701331	-1.04810321	-0.03425680	0.44101354	-0.44880229	5.00000000	0.04273469	0.97436821	0.12287319	0.96188515	0.01227908	0.07384966	-0.03724856	0.08361819	0.07027883	1.29033864	-0.82278496	1.50325084	4.00000000
1.970000	0.03821226	0.80679351	1.00823736	0.99977249	0.15457986	1.43897378	-0.03537238	1.44768488	6.30499029	-2.46118307	-3.27940583	-1.84280467	4.00000000	0.02013307	0.89775980	0.59038168	0.84982127	0.12983789	1.13794506	-0.01063744	1.14537764	-0.13181740	2.07783961	-2.01255226	2.09058309	4.00000000	0.03312629	0.83333325	0.12870288	0.94663662	0.07383398	0.05370378	0.05919560	0.10881025	-1.10204828	0.12461598	0.56750429	-0.27784705	5.00000000	0.04273057	0.97461182	0.12274855	0.96215880	0.01775697	0.12190540	-0.06355084	0.13861799	0.14669967	1.64611876	-0.94494575	1.88582313	4.00000000
1.980000	0.04048236	0.82015413	1.00765336	1.01333714	0.21179566	1.42138147	-0.06463130	1.43852699	5.80301046	-1.94418526	-2.68882084	-1.10445023	4.00000000	0.02089194	0.90972686	0.59014595	0.86181468	0.13516691	1.14956737	-0.03545085	1.15802932	0.62518054	-0.25001565	-2.64788890	-0.02936621	4.00000000	0.03359088	0.83369899	0.12930915	0.94748348	0.06016673	0.05755921	0.07315315	0.11083538	-0.95421606	0.39043602	0.54849416	-0.06882896	5.00000000	0.04264545	0.97476715	0.12269039	0.96234524	0.01558441	0.10938098	-0.05710882	0.12437239	0.12560129	0.77731264	-0.45300037	0.86364895	4.00000000
1.990000	0.04377224	0.83494484	1.00646472	1.02853584	0.26664469	1.40774095	-0.08015136	1.43501163	5.64780188	-2.84796953	-2.24300146	-1.62033129	5.00000000	0.02180889	0.92187279	0.58974993	0.87400162	0.14712536	1.14092422	-0.06459653	1.15218341	1.75991845	-2.94558001	-3.05372667	-2.37920761	4.00000000	0.03403746	0.83425772	0.13024481	0.94866121	0.04811942	0.06325195	0.08135090	0.11372887	-0.76104081	0.38689324	0.09591474	-0.18084806	5.00000000	0.04325720	0.97939110	0.12020958	0.96762818	0.01552508	0.10452419	-0.05434497	0.11882638	-0.17724083	-1.77300799	0.90734124	-1.74880660	3.00000000
2.000000	0.04613103	0.84939611	1.00558043	1.04320502	0.31758904	1.39196813	-0.09370048	1.43081021	6.75306892	-4.41532993	-2.49679136	-2.26263881	5.00000000	0.02365078	0.93370831	0.58884501	0.88601375	0.16732273	1.09873855	-0.09988397	1.11588538	2.72088647	-5.07101440	-3.31121540	-4.07552099	4.00000000	0.03456094	0.83509177	0.13134600	0.95013845	0.04238784	0.06832083	0.07738943	0.11159565	-0.54035747	0.24031015	-0.51190263	-0.42041191	5.00000000	0.04337312	0.97956705	0.12013984	0.96785015	0.01810274	0.10765443	-0.05636103	0.12285663	-0.33092225	-2.72284174	1.40376115	-2.56266594	3.00000000
2.010000	0.04906316	0.86347455	1.00480080	1.05760670	0.36040449	1.34538054	-0.10820924	1.39701450	7.74593496	-5.39564085	-2.98645830	-2.26320910	5.00000000	0.02594007	0.94422293	0.58773392	0.89683193	0.20105413	1.02066493	-0.13471146	1.04896462	3.74986196	-6.01048040	-3.37663436	-4.47279072	4.00000000	0.03504253	0.83596200	0.13223657	0.95147347	0.04268245	0.06983826	0.06367291	0.10369867	-0.26190561	0.21614127	-0.76722687	-0.43177393	5.00000000	0.04349998	0.97970361	0.12008560	0.96804428	0.01166115	0.04939188	-0.02605400	0.05704692	-0.32499486	-2.35602713	1.23437417	-2.12663722	3.00000000
2.020000	0.05276889	0.87680632	1.00392294	1.07147169	0.45841989	1.25439703	-0.14945218	1.34387374	8.10774326	-5.93472099	-3.09339428	-2.11321998	5.00000000	0.02790971	0.95416880	0.58622634	0.90708244	0.24440600	0.93250918	-0.16976395	0.97883987	5.10481739	-5.85090828	-2.90988016	-3.66387105	4.00000000	0.03534631	0.83665407	0.13275447	0.95238972	0.04067440	0.06812860	0.04723184	0.09234045	-0.03012648	0.29480338	-0.44314805	-0.09462336	5.00000000	0.04353859	0.97973251	0.12009302	0.96809310	0.00234215	-0.01118332	0.00534902	0.01261604	-0.41808286	-2.42702532	1.40099204	-2.18075728	3.00000000
2.030000	0.05766721	0.88886720	1.00254643	1.08456182	0.58290803	1.17139411	-0.20368893	1.32417333	8.68411636	-6.29637432	-2.71215630	-1.74787629	5.00000000	0.03005532	0.96265751	0.58430833	0.91604573	0.29382274	0.86592281	-0.20364521	0.93681669	6.13021946	-5.24005175	-1.74219131	-2.49619031	4.00000000	0.03569463	0.83715945	0.13284731	0.95301050	0.03998230	0.06863177	0.03918931	0.08857034	0.02868824	0.41295016	0.40928027	0.55422282	5.00000000	0.04353255	0.97964150	0.12011462	0.96818686	-0.00000133	-0.01111974	0.00503194	0.01220529	-0.47820839	-1.76938379	1.27894878	-1.43895507	3.00000000
2.040000	0.06335991	0.90016663	1.00038970	1.09739673	0.66213155	1.12509620	-0.23430435	1.32633257	8.14059448	-5.91743755	-1.32704556	-1.26244521	5.00000000	0.03291440	0.97085601	0.58211833	0.92500037	0.36700559	0.84036040	-0.22560953	0.94435078	6.26373100	-5.14574718	-0.16867977	-2.05032063	4.00000000	0.03618604	0.83773863	0.13303776	0.95379359	0.04131074	0.07531643	0.04747336	0.09814714	-0.00541673	0.40779442	1.33325493	1.17652190	5.00000000	0.04349626	0.97942638	0.12019514	0.96841937	-0.00230757	-0.01243899	0.00948813	0.01581385	-0.43593228	-0.26104015	0.71716201	0.04873807	3.00000000
2.050000	0.07273938	0.90969878	0.99654353	1.11131179	0.73238200	1.08550239	-0.24022011	1.33131683	5.62082863	-5.20560074	0.92040569	-1.58951271	4.00000000	0.03712385	0.97829676	0.57954133	0.93392926	0.45259032	0.82100177	-0.21922836	0.96277875	5.72215414	-6.11878061	1.45569205	-2.73001885	4.00000000	0.03649788	0.83845669	0.13340864	0.95465982	0.04373885	0.08617043	0.07479985	0.12220249	-0.02152997	0.13207309	1.83420539	1.36715233	5.00000000	0.04345164	0.97917908	0.12029639	0.96869028	-0.00541431	-0.00788768	0.01593164	0.01858352	-0.43947631	0.39728981	0.52284110	0.63103163	3.00000000
2.060000	0.08019851	0.92079639	0.99379402	1.12496305	0.79660451	1.03242946	-0.21782367	1.32209551	3.33415604	-5.71892500	2.54280925	-2.99685192	4.00000000	0.04218310	0.98678970	0.57688171	0.94416642	0.51554221	0.76675266	-0.18309106	0.94192129	4.47812176	-8.17047977	2.75587988	-4.50683832	4.00000000	0.03713283	0.83954781	0.13434869	0.95623380	0.04273889	0.09128252	0.10825581	0.14791360	-0.03893173	-0.40214574	1.65492058	0.95200342	5.00000000	0.04343049	0.97906959	0.12044653	0.96887732	-0.01135127	-0.00142902	0.02409033	0.02666904	-0.43230650	0.30301178	0.55226922	0.54985857	3.00000000
2.070000	0.08764226	0.93211889	0.99190706	1.13864398	0.80941576	0.97894812	-0.16094297	1.28038895	1.51766038	-7.28540421	3.00223780	-5.07459641	4.00000000	0.04852311	0.99571967	0.57495427	0.95528644	0.54468435	0.65556115	-0.13750494	0.86333603	2.22928762	-10.50615597	3.21668744	-6.93183470	4.00000000	0.03739892	0.84065181	0.13567084	0.95797670	0.04012218	0.08335114	0.12949444	0.15914148	-0.03167807	-0.99243623	0.80735439	0.06396317	5.00000000	0.04336357	0.97921121	0.12071042	0.96918422	-0.01860640	0.00286897	0.03120564	0.03644476	-0.28184697	0.23024279	0.34982905	0.35701472	3.00000000
2.080000	0.09584094	0.94194424	0.99100530	1.15147245	0.79413140	0.90952462	-0.10867863	1.21230805	-1.12941206	-8.54338551	2.67195344	-7.44266081	4.00000000	0.05437388	1.00267601	0.57410526	0.96441567	0.55368280	0.51508492	-0.09593765	0.76228678	-0.37211749	-11.59267712	2.62586474	-8.71669292	4.00000000	0.03797153	0.84168875	0.13749999	0.96015590	0.03841088	0.06277312	0.12974416	0.14916235	-0.01367663	-1.37819421	-0.38810763	-0.98180199	5.00000000	0.04312716	0.97940505	0.12111331	0.96968997	-0.02265172	0.00366618	0.03444869	0.04139147	0.00274579	0.09020334	0.03577821	0.01994261	3.00000000
2.090000	0.10412504	0.95027244	0.99062955	1.16322517	0.78896713	0.80017793	-0.09229729	1.12750733	-3.87076378	-9.30317879	1.66409612	-9.57053280	4.00000000	0.05964113	1.00667489	0.57417834	0.97102928	0.54019338	0.37103990	-0.07087886	0.65916866	-2.51368165	-10.44543648	1.58166385	-8.97694492	4.00000000	0.03815889	0.84213966	0.13902904	0.96176106	0.03930681	0.04017552	0.11208902	0.12539156	-0.05191235	-1.39000499	-1.31713820	-1.71814680	5.00000000	0.04275139	0.97949016	0.12158774	0.97030115	-0.02080193	0.00187556	0.03255276	0.03867713	0.33672684	0.02314813	-0.29691148	-0.36175928	3.00000000
2.100000	0.11247504	0.95721233	0.99014944	1.17409325	0.74730408	0.68478733	-0.09529342	1.01807559	-6.11452055	-9.78101730	0.65033978	-11.30643654	4.00000000	0.06450225	1.00755763	0.57366890	0.97599608	0.49677280	0.25912920	-0.06794731	0.56440055	-4.40047073	-7.60560131	0.93928552	-8.33535957	4.00000000	0.03855022	0.84220338	0.14004658	0.96285313	0.04262269	0.02523859	0.08577853	0.09905371	-0.26076195	-1.07260716	-1.54969215	-1.84819162	5.00000000	0.04238548	0.97934985	0.12196367	0.97084421	-0.01309514	-0.00004371	0.02608318	0.02918590	0.52315307	0.06494176	-0.51140445	-0.57778072	3.00000000
2.110000	0.11988099	0.96368766	0.98882437	1.18401968	0.66708702	0.58610982	-0.10564028	0.89425367	-8.36177635	-9.58747196	0.60584480	-12.71141052	4.00000000	0.06978979	1.00899625	0.57290459	0.98152888	0.43970138	0.20293294	-0.07872929	0.49062958	-6.33346796	-4.59578276	0.99188846	-7.86620617	4.00000000	0.03895912	0.84204388	0.14040409	0.96341920	0.04147645	0.02009372	0.06244890	0.07761391	-0.60878789	-0.65789270	-1.17508554	-1.42586613	5.00000000	0.04232252	0.97922647	0.12214336	0.97107106	-0.00281908	0.00074903	0.01728932	0.01753365	0.40951884	0.15883808	-0.53369188	-0.55056947	3.00000000
2.120000	0.12632515	0.96912915	0.98732835	1.19258559	0.55805856	0.50065666	-0.10635107	0.75722980	-10.28093243	-8.81056213	1.34490955	-13.54691410	4.00000000	0.07448237	1.01112151	0.57151085	0.98686552	0.37315816	0.20064016	-0.07825494	0.43084487	-7.73779440	-2.51495266	1.54308653	-7.65397596	4.00000000	0.03953002	0.84228325	0.14068687	0.96409976	0.03368190	0.02056410	0.05394605	0.06683958	-0.94680870	-0.39554641	-0.62703913	-0.85682702	5.00000000	0.04248051	0.97924024	0.12219721	0.97123855	0.00420002	0.00458658	0.01012776	0.01188480	0.05785319	0.20756570	-0.41232905	-0.28344107	3.00000000
2.130000	0.13128214	0.97363245	0.98594141	1.19942486	0.43554398	0.41986951	-0.08463611	0.61086190	-11.19186687	-8.17846489	2.04888964	-13.75158596	4.00000000	0.07784111	1.01404786	0.57056165	0.99142027	0.28614014	0.21303394	-0.05093465	0.36035258	-8.23748398	-1.94418252	2.16449690	-7.68436193	4.00000000	0.04003684	0.84272766	0.14110911	0.96489513	0.01675549	0.01987715	0.05956143	0.06498778	-1.08096051	-0.36116609	-0.33971536	-0.61116451	5.00000000	0.04273735	0.97941083	0.12219983	0.97154689	0.00236320	0.00920296	0.00729182	0.01197705	-0.32900110	0.12862599	-0.26732305	0.06629495	3.00000000
2.140000	0.13492897	0.97739893	0.98527759	1.20470941	0.31758130	0.33948123	-0.04424353	0.46697202	-11.13288784	-7.88910627	2.29012799	-13.42076778	4.00000000	0.07995598	1.01640773	0.57001382	0.99463612	0.18283625	0.19941626	-0.00904103	0.27069852	-8.09779263	-2.82595515	2.37618208	-7.97978449	4.00000000	0.04013400	0.84319729	0.14188206	0.96580476	0.00035682	0.01514753	0.06759365	0.06927104	-0.88681382	-0.48242584	-0.59829384	-0.95545042	5.00000000	0.04280644	0.97960359	0.12225427	0.97175878	-0.00847665	0.01151313	0.00855327	0.01666026	-0.56272542	-0.07548345	-0.19969827	0.25641084	3.00000000
2.150000	0.13725573	0.98023856	0.98519862	1.20838141	0.20591517	0.26310036	-0.00871817	0.33421379	-10.33310795	-7.62405300	1.94366658	-12.07994461	4.00000000	0.08119668	1.01812983	0.57039148	0.99679196	0.09408165	0.15579760	0.02555549	0.18378609	-7.37248611	-4.46009779	1.82570517	-7.03557158	4.00000000	0.03981614	0.84319150	0.14279597	0.96677238	-0.00990179	0.00729362	0.06363206	0.06480958	-0.43352410	-0.61865222	-1.36695063	-0.94822854	5.00000000	0.04261669	0.97970533	0.12237436	0.97200531	-0.02023146	0.00915627	0.00928162	0.02406861	-0.53137511	-0.31507838	-0.24186261	0.25082448	3.00000000
2.160000	0.13869713	0.98267120	0.98557836	1.21123445	0.10481042	0.18541813	0.00577420	0.21306911	-9.24216461	-7.20974588	1.14771390	-9.04485226	4.00000000	0.08149256	1.01937473	0.57130545	0.99836445	0.02958365	0.08926988	0.03780027	0.10135661	-6.02510071	-5.89895058	0.69806892	-4.24474955	4.00000000	0.03937166	0.84298569	0.14364466	0.96775228	-0.00910421	-0.00049323	0.04236226	0.04333233	0.03762481	-0.66887999	-2.22163725	-0.36731607	5.00000000	0.04219622	0.97975487	0.12252036	0.97245318	-0.02622322	0.00253568	0.00623620	0.02707355	-0.20943855	-0.50010782	-0.37080461	0.16273043	3.00000000
2.170000	0.13937305	0.98414671	0.98608398	1.21293437	0.01890473	0.11178254	0.00218948	0.11339100	-8.11827087	-6.83275938	0.32197931	-4.98182917	4.00000000	0.08126365	1.02022195	0.57210034	0.99954849	-0.01665559	0.01981060	0.03143549	0.04071926	-4.54682541	-6.46932554	-0.36753386	-1.15894568	4.00000000	0.03925090	0.84280950	0.14402674	0.96819001	-0.00052775	-0.00743171	0.00663884	0.00997913	0.24513325	-0.63744265	-2.66733336	-0.01045512	5.00000000	0.04174186	0.97979242	0.12266935	0.97293282	-0.02450782	-0.00532021	-0.00046163	0.02508288	0.25248414	-0.56514305	-0.49712551	0.05219821	3.00000000
2.180000	0.13900089	0.98492366	0.98600829	1.21379912	-0.05334715	0.04806022	-0.00560284	0.07202148	-6.94350529	-6.58766794	-0.01696829	-1.01030338	4.00000000	0.08083345	1.02017283	0.57219815	0.99999237	-0.05201343	-0.04950960	0.01339316	0.07304776	-3.41473126	-5.86178207	-0.89203399	1.24430847	4.00000000	0.03949093	0.84292746	0.14386646	0.96850181	0.00783612	-0.01280159	-0.03107277	0.03450800	0.11969275	-0.56966394	-2.46943927	0.32247400	5.00000000	0.04153743	0.97970921	0.12260122	0.97316378	-0.01764903	-0.01154790	-0.00758519	0.02241378	0.60812241	-0.47117391	-0.49623984	-0.03937023	3.00000000
2.190000	0.13793077	0.98471749	0.98551410	1.21499574	-0.11659264	-0.01017898	-0.00884136	0.11736961	-5.81984615	-6.43193293	0.21247815	2.66844034	4.00000000	0.08021969	1.01912892	0.57186079	1.00124943	-0.07932546	-0.11447369	-0.00286599	0.13930172	-2.66255188	-4.34368420	-0.86118603	2.91934180	4.00000000	0.03988723	0.84296137	0.14314306	0.96932733	0.00914882	-0.01779596	-0.05773927	0.06110826	-0.17921889	-0.42994648	-1.70440257	0.86687589	5.00000000	0.04150164	0.97953790	0.12242283	0.97341371	-0.00728782	-0.01583000	-0.01354081	0.02206931	0.75467330	-0.24351318	-0.33955055	-0.08525746	3.00000000
2.200000	0.13636498	0.98424071	0.98510170	1.21668363	-0.17108805	-0.07246484	-0.00483890	0.18586470	-4.94859457	-6.56185246	0.60460138	5.70840883	4.00000000	0.07945728	1.01739371	0.57150692	1.00317752	-0.10325114	-0.15903711	-0.00945628	0.18985000	-2.26878834	-2.50301409	-0.54203546	3.17085266	4.00000000	0.04000900	0.84270656	0.14216752	0.97034293	0.00084136	-0.02273818	-0.06784809	0.07156183	-0.39204583	-0.15360782	-0.69502407	0.71495467	5.00000000	0.04155640	0.97926086	0.12215000	0.97380638	0.00237577	-0.01753022	-0.01644380	0.02415267	0.74590069	0.02137738	-0.11724893	-0.07300704	3.00000000
2.210000	0.13441229	0.98355526	0.98517627	1.21875453	-0.21357572	-0.13969490	0.00852346	0.25534663	-4.36312485	-7.03549147	0.75974810	7.33347464	4.00000000	0.07816365	1.01525664	0.57154644	1.00567591	-0.12062893	-0.16766389	-0.00786434	0.20669873	-2.13537526	-0.55263901	-0.19090538	2.03384566	4.00000000	0.03985676	0.84219825	0.14133184	0.97133285	-0.01051879	-0.02617588	-0.06429490	0.07021151	-0.36876687	0.22201476	0.12748417	-0.15026879	5.00000000	0.04154516	0.97907704	0.12200563	0.97404039	0.00887103	-0.01583497	-0.01534801	0.02376979	0.64699930	0.23258474	0.06373605	-0.01373473	3.00000000
2.220000	0.13215090	0.98219442	0.98571700	1.22144866	-0.24854341	-0.21070389	0.02336800	0.32667419	-3.98695254	-7.46548605	0.63597494	7.79204226	4.00000000	0.07673023	1.01322734	0.57171148	1.00816584	-0.13847263	-0.15160938	-0.00425378	0.20537324	-2.11460686	1.11628556	0.02332029	0.93740356	4.00000000	0.03954162	0.84182292	0.14082050	0.97204113	-0.01583546	-0.02269099	-0.05332591	0.06007742	-0.06534201	0.60438776	0.50947732	-0.55032551	5.00000000	0.04165653	0.97893059	0.12187823	0.97426414	0.01334036	-0.01067271	-0.01179110	0.02075818	0.49056578	0.36250550	0.16439435	0.00869809	3.00000000
2.230000	0.12929785	0.97955221	0.98602533	1.22534943	-0.28527609	-0.29041120	0.03052552	0.40823144	-3.86611032	-7.52510166	0.35662279	7.95766068	4.00000000	0.07513203	1.01180458	0.57176536	1.01030624	-0.16135672	-0.12694100	-0.00436058	0.20535097	-2.33808780	1.72617376	0.09955382	0.81672925	4.00000000	0.03923960	0.84167314	0.14050545	0.97250253	-0.01243179	-0.01139541	-0.04330451	0.04647242	0.39102525	0.89637268	0.46274853	-0.43773183	5.00000000	0.04181579	0.97887206	0.12180873	0.97444749	0.01753671	-0.00481556	-0.00852520	0.02008494	0.34059131	0.38851300	0.16689147	0.00298203	3.00000000
2.240000	0.12639154	0.97604722	0.98637062	1.22991574	-0.32468945	-0.37465939	0.02679676	0.49649870	-4.06201887	-7.34316158	0.00048834	8.08808041	4.00000000	0.07385523	1.01112711	0.57154214	1.01176882	-0.18596195	-0.09769101	-0.00608116	0.21014842	-2.93112922	1.03347325	0.11148799	1.79221761	4.00000000	0.03917309	0.84170365	0.14019349	0.97282296	-0.00323846	0.00307957	-0.03944312	0.03969548	0.68172508	0.99293548	0.16886666	-0.13854727	5.00000000	0.04207841	0.97884291	0.12171854	0.97472668	0.02131487	-0.00062684	-0.00749367	0.02260247	0.22078641	0.29289886	0.08186346	0.04135752	3.00000000
2.250000	0.12303730	0.97171617	0.98646909	1.23539472	-0.36594576	-0.44934598	0.02049903	0.57986921	-4.41971111	-7.09894133	-0.31208315	8.21155167	4.00000000	0.07190666	1.01039791	0.57135510	1.01385772	-0.21206729	-0.08057455	-0.00600616	0.22693802	-3.48788977	-0.34975246	0.10875280	3.10569167	4.00000000	0.03927116	0.84181279	0.13977614	0.97326535	0.00882295	0.01528412	-0.04192317	0.04548628	0.60576165	0.70232403	-0.28449419	0.26221791	5.00000000	0.04230496	0.97890097	0.12167244	0.97496504	0.02284699	0.00181993	-0.00760611	0.02414850	0.11162354	0.12873442	-0.03649738	0.08438462	3.00000000
2.260000	0.11917298	0.96698356	0.98670518	1.24150920	-0.41015688	-0.51146245	0.01764248	0.65584582	-4.79286909	-6.69765329	-0.48915121	8.18648148	4.00000000	0.06954287	1.00961125	0.57123959	1.01635170	-0.25069037	-0.09328723	-0.00245819	0.26749620	-3.71409774	-1.93009365	0.13889454	4.17345619	4.00000000	0.03944545	0.84200329	0.13930245	0.97380483	0.01811453	0.02207011	-0.04820228	0.05602397	0.23531169	0.09457277	-0.78132939	0.75876403	5.00000000	0.04253988	0.97893244	0.12159988	0.97521293	0.02286316	0.00180254	-0.00885079	0.02458271	0.00739301	-0.00923955	-0.12087410	0.06592876	3.00000000
2.270000	0.11488663	0.96143526	0.98682112	1.24852133	-0.46085098	-0.57170242	0.01495480	0.73447323	-5.16196871	-6.18528938	-0.49471030	8.04694653	4.00000000	0.06670882	1.00890267	0.57143581	1.01927960	-0.30112603	-0.13422170	0.00122289	0.32968751	-3.75018096	-3.48313093	0.20522790	4.98180819	4.00000000	0.03967087	0.84229320	0.13880713	0.97442144	0.01824104	0.02248784	-0.05514833	0.06228785	-0.21218969	-0.59599841	-1.21011674	1.22730875	5.00000000	0.04276074	0.97898281	0.12151427	0.97545511	0.02162621	-0.00007004	-0.01062875	0.02409706	-0.07601006	-0.08070634	-0.14534311	0.00604441	3.00000000
2.280000	0.10991430	0.95555574	0.98700917	1.25622380	-0.51542741	-0.63699430	0.00983526	0.81946558	-5.38052225	-5.91854620	-0.39963585	7.98409700	4.00000000	0.06376489	1.00762045	0.57148713	1.02249110	-0.34286678	-0.18313725	0.00147621	0.38871461	-3.52016997	-4.62975693	0.24800003	5.37876177	4.00000000	0.03994608	0.84264505	0.13826281	0.97512561	0.00952035	0.00879467	-0.07065783	0.07183670	-0.62458313	-1.12870407	-1.45068252	1.46324778	5.00000000	0.04297090	0.97896349	0.12139419	0.97569793	0.02053951	-0.00222375	-0.01286399	0.02433719	-0.13870753	-0.08849221	-0.11749238	-0.06132686	3.00000000
2.290000	0.10466336	0.94893730	0.98715347	1.26467347	-0.57349348	-0.69659948	0.00120352	0.90230095	-5.20065880	-5.96957922	-0.21236053	7.90849543	4.00000000	0.05999694	1.00555336	0.57157665	1.02678978	-0.37231159	-0.23387620	0.00245521	0.43968174	-2.72856402	-5.24631691	0.29692879	5.17807055	4.00000000	0.04014074	0.84282309	0.13758488	0.97585309	-0.00312828	-0.00897845	-0.08906933	0.08957536	-0.91890079	-1.28811586	-1.37191153	1.39085162	5.00000000	0.04319067	0.97890288	0.12123841	0.97597402	0.01936927	-0.00314365	-0.01432747	0.02429666	-0.18335706	-0.04578961	-0.04658294	-0.13015446	3.00000000
2.300000	0.09861378	0.94160724	0.98714662	1.27417755	-0.63060433	-0.74941963	-0.00158151	0.97943562	-4.44169903	-6.06553411	0.13665439	7.51199770	4.00000000	0.05576421	1.00239038	0.57140148	1.03207672	-0.39597267	-0.28657663	0.00579258	0.48882928	-1.75289702	-5.71152544	0.52614909	4.90658760	4.00000000	0.03999221	0.84274107	0.13675237	0.97670269	-0.01200438	-0.02971391	-0.11015981	0.11472665	-0.98921537	-0.97668159	-0.87235057	0.98714727	5.00000000	0.04335452	0.97882909	0.12108421	0.97621083	0.01752572	-0.00271400	-0.01445202	0.02287744	-0.21880838	0.01287875	0.04666659	-0.20640317	3.00000000
2.310000	0.09200533	0.93346846	0.98697340	1.28466284	-0.67706221	-0.80780232	0.00144243	1.05402076	-3.04757547	-6.18672752	0.61280018	6.77880859	4.00000000	0.05158049	0.99925762	0.57134908	1.03730357	-0.41085729	-0.34252355	0.01091411	0.53501886	-1.19044232	-6.28429651	0.89018208	5.11731529	4.00000000	0.03961532	0.84187496	0.13520710	0.97851378	-0.02154379	-0.03991326	-0.11981887	0.12811621	-0.84119427	-0.32173842	0.02703406	0.18585511	5.00000000	0.04354182	0.97879934	0.12091332	0.97646612	0.01459833	-0.00172059	-0.01306403	0.01966572	-0.26901415	0.05335608	0.13875298	-0.29946032	3.00000000
2.320000	0.08473279	0.92537528	0.98675412	1.29554570	-0.70468062	-0.87352741	0.01236548	1.12239826	-1.06057370	-6.43743753	1.00069320	5.86445332	4.00000000	0.04755365	0.99582988	0.57160658	1.04259801	-0.41118255	-0.40685084	0.02008379	0.57879364	-0.88170093	-6.74512768	1.19048202	5.46744061	4.00000000	0.03922744	0.84149611	0.13397668	0.97985834	-0.03051873	-0.03710141	-0.11408515	0.12378743	-0.59045112	0.19602807	0.92677724	-0.73449391	5.00000000	0.04368510	0.97882152	0.12078924	0.97665697	0.01169359	-0.00085731	-0.01071356	0.01588255	-0.28939551	0.06595088	0.19305943	-0.34931880	3.00000000
2.330000	0.07718320	0.91660130	0.98701596	1.30712354	-0.70552009	-0.94232655	0.02780656	1.17750204	1.14954460	-6.40153694	1.09859884	4.67760038	4.00000000	0.04347161	0.99197340	0.57193106	1.04822302	-0.41338715	-0.48240322	0.03715257	0.63638204	-0.42528832	-6.84408140	1.44786978	5.47964096	4.00000000	0.03918718	0.84062421	0.13224819	0.98179471	-0.03723843	-0.02434601	-0.09314828	0.10322805	-0.24841423	0.18550707	1.35619342	-1.20200598	5.00000000	0.04378396	0.97886270	0.12069756	0.97679794	0.00849282	-0.00038892	-0.00815472	0.01178044	-0.20965722	0.07025649	0.19961080	-0.28988180	3.00000000
2.340000	0.06999927	0.90700459	0.98741108	1.31911778	-0.67902511	-1.01104081	0.04308472	1.21866119	3.14319181	-5.67331791	0.93069255	3.13134575	4.00000000	0.03940369	0.98681551	0.57229298	1.05480194	-0.42444348	-0.56099093	0.05515416	0.70562387	0.22491837	-6.35167456	1.68982685	4.97100401	4.00000000	0.03875713	0.84105283	0.13186063	0.98251504	-0.03857057	-0.01009554	-0.06403339	0.07543132	0.25712487	-0.37953424	1.14008057	-0.83182508	5.00000000	0.04383536	0.97883040	0.12064413	0.97687882	0.00506400	-0.00001490	-0.00574303	0.00765681	-0.01445572	0.28655759	0.06607848	-0.05268907	3.00000000
2.350000	0.06323890	0.89613694	0.98819667	1.33194065	-0.62760007	-1.07397079	0.05229513	1.24500191	4.66196156	-4.32988358	0.65622699	1.39533579	4.00000000	0.03522803	0.98028195	0.57280344	1.06257272	-0.43021619	-0.62803227	0.07144958	0.76460153	1.13162196	-5.22552538	1.76754797	3.83659935	4.00000000	0.03836422	0.84095013	0.13130175	0.98320591	-0.03393550	-0.01688600	-0.04962472	0.06244491	0.81114435	-1.08722782	0.58059400	-0.00672440	5.00000000	0.04387548	0.97881049	0.12061118	0.97693443	0.00440317	0.00080466	-0.00456311	0.00639197	0.11682222	-0.07633699	0.24158631	0.29245001	3.00000000
2.360000	0.05727184	0.88471544	0.98869967	1.34483671	-0.56831944	-1.11295283	0.05336006	1.25079906	5.58675480	-2.68407059	0.49594471	-0.23714502	4.00000000	0.03067739	0.97308969	0.57368565	1.07112932	-0.41594467	-0.67617244	0.08944024	0.79888594	2.49022841	-3.94954920	1.59290338	2.33464479	4.00000000	0.03760428	0.84123117	0.13144849	0.98402935	-0.02212816	-0.04241367	-0.05439731	0.07244061	1.21294045	-1.61921489	-0.06278200	0.78497118	5.00000000	0.04387223	0.97877836	0.12056731	0.97698891	0.00828756	0.00340591	-0.00429557	0.00993659	0.12828200	-1.25080919	0.87203157	1.23675072	3.00000000
2.370000	0.05194988	0.87314296	0.98924536	1.35758591	-0.50664800	-1.12607527	0.05188485	1.23589230	5.85585070	-0.96904629	0.55863005	-1.60282946	4.00000000	0.02610415	0.96607649	0.57476956	1.07957172	-0.37919489	-0.69902039	0.10794500	0.80253994	3.99913383	-3.18663096	1.30427289	1.25368476	4.00000000	0.03748089	0.84083188	0.13112542	0.98455757	-0.00363650	-0.07499605	-0.07114038	0.10343397	1.28109753	-1.60574365	-0.39346752	1.07614887	5.00000000	0.04390437	0.97884977	0.12054332	0.97707081	0.01575996	0.01437614	-0.00846287	0.02294929	0.20622614	-1.68791151	1.13499022	1.86937606	3.00000000
2.380000	0.04735829	0.86180192	0.98963672	1.36982739	-0.44701266	-1.11767244	0.05557338	1.20503128	5.66431427	0.46154457	0.90665662	-2.54295659	4.00000000	0.02220568	0.95922911	0.57593220	1.08753645	-0.32579234	-0.71067113	0.12231071	0.79129893	5.02069569	-3.06972861	0.95407176	1.02758503	4.00000000	0.03765438	0.83931631	0.12984981	0.98654610	0.01450265	-0.09221882	-0.07916763	0.12240160	0.95015091	-0.87968659	-0.07184840	0.53000236	5.00000000	0.04407225	0.97894025	0.12047274	0.97727418	0.01457805	-0.03332247	0.01944341	0.04124261	0.25026557	-1.55178463	1.10185301	1.73166275	3.00000000
2.390000	0.04303810	0.85091925	0.99008936	1.38154495	-0.38916272	-1.10321832	0.06843407	1.17184532	5.41902351	1.12159848	1.38755953	-2.79254103	4.00000000	0.01942855	0.95231712	0.57723612	1.09509873	-0.26125127	-0.73508817	0.12723505	0.79044014	5.27739382	-3.49538422	0.46681511	1.60065234	4.00000000	0.03817413	0.83802217	0.12864681	0.98838788	0.02569032	-0.09563068	-0.07933341	0.12688187	0.19894667	0.18080218	0.66096199	-0.58040106	5.00000000	0.04441592	0.97910941	0.12043267	0.97765929	0.01234263	-0.08323987	0.04947850	0.09761833	0.01218284	-2.01386929	1.35817456	1.82770658	3.00000000
2.400000	0.03951070	0.83995092	0.99078345	1.39308739	-0.33909670	-1.08364522	0.08702228	1.13879168	5.28775406	0.88508523	1.57914650	-2.27499008	4.00000000	0.01755679	0.94504237	0.57858622	1.10273075	-0.20083196	-0.78268844	0.12851954	0.81820041	4.92791128	-4.30058384	-0.10454406	2.70810270	4.00000000	0.03857708	0.83669001	0.12750636	0.99018723	0.02343170	-0.08131812	-0.06413596	0.10618428	-0.84547538	1.01123285	1.24937928	-1.24904203	5.00000000	0.04476563	0.97923326	0.12038033	0.97803396	0.01691462	-0.07705291	0.04970487	0.09324070	-0.29074377	-1.36792934	0.93682653	1.16256166	3.00000000
2.410000	0.03625997	0.82926083	0.99180698	1.40430760	-0.29177740	-1.06914186	0.11095106	1.11378121	5.27520132	-0.04027684	1.31241488	-1.15557206	4.00000000	0.01593554	0.93708217	0.57999843	1.11097622	-0.15498576	-0.83719885	0.12577374	0.86066341	4.11566305	-4.83218145	-0.53307396	3.65916467	4.00000000	0.03872798	0.83650070	0.12746659	0.99043256	0.00886883	-0.06086528	-0.04097658	0.07390749	-1.97505009	1.24397898	1.36672032	-0.86965370	5.00000000	0.04442292	0.97499025	0.12277347	0.98291737	0.01699716	-0.07849137	0.05353869	0.09652042	-0.58800334	0.76380295	-0.38624474	-0.65861607	4.00000000
2.420000	0.03393832	0.81834418	0.99307877	1.41554058	-0.23977952	-1.07186675	0.12876838	1.10588145	5.45811081	-1.49100018	0.71190393	0.44141608	4.00000000	0.01466315	0.92824638	0.58110875	1.11997199	-0.12240265	-0.89286411	0.11724531	0.90880978	3.03478765	-4.66479731	-0.76000160	3.92117977	4.00000000	0.03871810	0.83626246	0.12739880	0.99068046	-0.01943859	-0.04183501	-0.02036479	0.05042570	-3.09339309	0.90476620	1.12596333	0.34310755	5.00000000	0.04466281	0.97500932	0.12291585	0.98319697	0.00686931	-0.08961210	0.05991949	0.10801788	-1.33757877	1.18348503	-0.77159172	-0.84445339	4.00000000
2.430000	0.03142030	0.80814785	0.99457210	1.42614889	-0.18305717	-1.09482253	0.12963215	1.11756468	5.84465027	-3.28459239	-0.22322534	2.35760999	4.00000000	0.01334781	0.91866016	0.58237469	1.12973046	-0.09735499	-0.94287592	0.10458826	0.95364130	2.02924895	-4.09538031	-0.88296825	3.64902902	4.00000000	0.03855351	0.83586031	0.12728567	0.99112946	-0.05586824	-0.03330211	-0.01185946	0.06611306	-4.09634542	0.09533272	0.63660192	2.17746234	5.00000000	0.04494023	0.97506154	0.12306727	0.98351729	-0.00651044	-0.04834185	0.03378689	0.05933696	-2.44721198	0.13468166	-0.18227330	0.77009457	4.00000000
2.440000	0.02986121	0.79739183	0.99615067	1.43713140	-0.12258983	-1.13867366	0.11995136	1.15151823	5.98340178	-4.69568872	-1.22607923	3.94110870	4.00000000	0.01257753	0.90914786	0.58328289	1.13931704	-0.08235063	-0.97605383	0.09467304	0.98408622	1.13205433	-3.45578527	-0.84866649	3.19631982	4.00000000	0.03794583	0.83536732	0.12707448	0.99193996	-0.10123231	-0.03937433	-0.01579548	0.10976253	-4.73942327	-0.97519237	0.08433986	4.06145430	5.00000000	0.04510147	0.97509545	0.12317289	0.98371303	-0.03177471	-0.01363804	0.00862908	0.03563831	-3.43377161	-0.56340051	0.47579256	2.13224864	4.00000000
2.450000	0.02878457	0.78596288	0.99735218	1.44867361	-0.05738765	-1.20192766	0.10172228	1.20758891	5.70069027	-5.25151587	-1.78700674	4.73714542	4.00000000	0.01202700	0.89902383	0.58420503	1.14949787	-0.07565593	-1.00173151	0.08707245	1.00835085	0.20813785	-2.86179471	-0.64643705	2.75110340	4.00000000	0.03671441	0.83499902	0.12686352	0.99324244	-0.15679073	-0.05465497	-0.01902096	0.16712958	-4.89701223	-2.04656053	-0.21164487	5.22413492	5.00000000	0.04468354	0.97492063	0.12322769	0.98416936	-0.07783354	-0.04926920	0.02752791	0.09614208	-4.10123587	-1.76525712	1.60594869	4.07197094	4.00000000
2.460000	0.02874449	0.77342701	0.99802029	1.46122730	0.00737370	-1.27355993	0.07327099	1.27568722	5.00100088	-5.28101301	-1.77881730	5.00849867	4.00000000	0.01156928	0.88905174	0.58486992	1.15950263	-0.07575911	-1.02617788	0.08143336	1.03218794	-0.46900597	-2.79251766	-0.47022331	2.77469087	4.00000000	0.03485508	0.83463776	0.12674367	0.99514031	-0.21473950	-0.08220524	-0.02329225	0.23111314	-4.34376001	-2.86490679	-0.37133536	5.21219015	5.00000000	0.04365741	0.97435111	0.12334020	0.98534834	-0.13142550	-0.09186417	0.06096574	0.17154740	-4.28107023	-3.33738375	3.08318210	6.13755226	4.00000000
2.470000	0.02925812	0.76001185	0.99871403	1.47467017	0.05287800	-1.32455623	0.05032569	1.32656622	4.03507233	-5.21805382	-1.55846858	5.13732195	3.00000000	0.01065484	0.87879920	0.58574170	1.16983271	-0.08803418	-1.05082691	0.07907599	1.05746877	-0.51696539	-3.35543633	-0.51909053	3.34047174	4.00000000	0.03231835	0.83402151	0.12652695	0.99775982	-0.26152429	-0.11802862	-0.02626863	0.28812453	-2.87652349	-3.18611002	-0.65653980	4.14337778	5.00000000	0.04195051	0.97336459	0.12380209	0.98737323	-0.18288182	-0.13914654	0.10688348	0.25343955	-3.72437620	-3.55578518	3.78294659	6.30426264	4.00000000
2.480000	0.03033046	0.74617934	0.99897182	1.48854661	0.08785327	-1.35887909	0.03772030	1.36223841	3.28578758	-5.15180492	-1.52460706	5.21896839	3.00000000	0.00966599	0.86796492	0.58648407	1.18073726	-0.10659799	-1.07895529	0.07766733	1.08698666	-0.04907660	-3.98188114	-0.80012029	3.92288160	4.00000000	0.02924724	0.83244461	0.12624270	1.00122380	-0.29185060	-0.15758474	-0.02511491	0.33262664	-0.98487461	-2.76439476	-0.71512640	2.36315274	5.00000000	0.03974253	0.97156858	0.12521304	0.99054998	-0.21871592	-0.17843594	0.15122548	0.32022676	-2.57763839	-2.57577801	3.51666951	4.87172127	4.00000000
2.490000	0.03141897	0.73227781	0.99914956	1.50249183	0.10282051	-1.40056849	0.03735373	1.40483439	2.89128876	-5.46394444	-1.82123315	5.63357925	3.00000000	0.00850650	0.85721624	0.58736348	1.19158399	-0.11058186	-1.12829101	0.07124394	1.13593340	0.66152257	-4.32301664	-1.24545300	4.21855545	4.00000000	0.02595122	0.83042824	0.12580635	1.00511217	-0.28589267	-0.19343147	-0.04060784	0.34756202	0.76798397	-1.85327435	-0.56824946	0.44872385	5.00000000	0.03719706	0.96933299	0.12731326	0.99453598	-0.23630680	-0.19851078	0.18845081	0.36160910	-1.26527917	-1.39720285	2.74872518	3.00997710	4.00000000
2.500000	0.03231595	0.71885133	0.99954307	1.51595402	0.12359986	-1.46228969	0.02588878	1.46773231	2.66556621	-6.51658440	-2.55400109	6.75807571	3.00000000	0.00722088	0.84579164	0.58803952	1.20310056	-0.09094062	-1.18647408	0.05492568	1.19122112	1.55770409	-4.43691015	-1.82089472	4.29034138	4.00000000	0.02285174	0.82808220	0.12553309	1.00900900	-0.25294787	-0.20789553	-0.05679050	0.33230758	2.24665928	-0.71319401	-0.56794614	-1.32341683	5.00000000	0.03453655	0.96689588	0.12976496	0.99889815	-0.23660284	-0.20207216	0.21147677	0.37621334	-0.22461836	-0.27566513	1.76310706	1.24478436	4.00000000
2.510000	0.03373155	0.70455116	0.99975365	1.53032565	0.16020477	-1.53447092	-0.00875393	1.54283607	2.87454319	-7.78630352	-4.05067492	8.18646908	3.00000000	0.00593160	0.83409667	0.58872151	1.21488619	-0.06094842	-1.23569810	0.03077735	1.23758304	2.55366850	-4.11659479	-2.54048467	3.97349882	4.00000000	0.02007484	0.82587624	0.12535746	1.01255977	-0.21856572	-0.19734053	-0.05418621	0.29941678	3.06004453	0.67470706	-0.19358979	-2.78668737	5.00000000	0.03222442	0.96482188	0.13180763	1.00261569	-0.22770360	-0.19202878	0.22015335	0.37039366	0.31314987	0.43753892	0.92492425	0.09040236	4.00000000
2.520000	0.03461765	0.68854403	1.00055385	1.54637718	0.19272515	-1.62048924	-0.05732129	1.63291585	3.34578371	-8.69376755	-6.05162477	9.39265728	4.00000000	0.00557810	0.82079321	0.58886510	1.22819507	-0.03367473	-1.26930368	0.00295788	1.26975369	3.27297926	-2.82011724	-3.24154735	2.78985691	4.00000000	0.01892290	0.82376295	0.12384768	1.01540101	-0.18582220	-0.18396576	-0.05302485	0.26680502	3.02007222	1.77948344	0.59493160	-3.51093340	4.00000000	0.03002450	0.96331155	0.13395917	1.00604355	-0.21709776	-0.17957985	0.21901539	0.35685864	0.59155089	0.77995682	0.33493537	-0.57230890	4.00000000
2.530000	0.03753292	0.67122447	0.99937952	1.56397963	0.22083986	-1.71805716	-0.12140969	1.73644197	3.25173593	-9.36764717	-7.62132168	10.37665653	4.00000000	0.00582026	0.80744779	0.58872777	1.24154341	-0.00403585	-1.29638255	-0.03033280	1.29674363	3.69116831	-0.77281392	-3.70841551	0.95601577	4.00000000	0.01741574	0.82227927	0.12347947	1.01754773	-0.15335199	-0.15988648	-0.04994689	0.22710176	2.88428283	2.18100691	0.89917445	-3.68557000	4.00000000	0.02816072	0.96162432	0.13597740	1.00926745	-0.21423717	-0.17149647	0.21727817	0.35002628	0.99343568	0.97194064	-0.01797676	-1.09284711	4.00000000
2.540000	0.04020581	0.65356666	0.99761474	1.58192563	0.26048583	-1.81548440	-0.21565953	1.84671211	3.01600242	-10.06400967	-8.82214069	11.41796589	4.00000000	0.00625121	0.79439306	0.58812410	1.25461924	0.03843594	-1.30794990	-0.07439107	1.31062746	4.36406231	1.24950206	-3.91547441	-0.76799291	4.00000000	0.01591155	0.82096004	0.12316906	1.01957238	-0.13065729	-0.12805213	-0.03006353	0.18539819	3.01457310	2.35284996	0.86928034	-3.86662459	4.00000000	0.02603710	0.96012425	0.13841049	1.01282835	-0.21341868	-0.16740412	0.21869105	0.34842137	1.71250558	1.14921701	-0.25383744	-1.68676066	4.00000000
2.550000	0.04275868	0.63533896	0.99506634	1.60050678	0.29359022	-1.91323149	-0.32106191	1.96207309	3.17077136	-10.71303368	-9.97749329	12.52091217	4.00000000	0.00615950	0.78183073	0.58747852	1.26719844	0.08355845	-1.27764440	-0.12011130	1.28599524	5.57535648	2.66370654	-3.96066213	-1.72156584	4.00000000	0.01428836	0.81931311	0.12292052	1.02189803	-0.10853940	-0.10523895	-0.01389403	0.15181924	3.08925462	2.36735988	0.84726894	-3.78612328	4.00000000	0.02389219	0.95809257	0.14054675	1.01647413	-0.19870919	-0.15783955	0.21844046	0.33483562	2.66924691	1.37755251	-0.41292742	-2.28873777	4.00000000
2.560000	0.04550090	0.61623472	0.99165452	1.62010610	0.31333762	-2.02003551	-0.41839677	2.08657122	3.33516502	-11.27376461	-10.64500046	13.51429749	4.00000000	0.00676552	0.76870745	0.58609879	1.28040791	0.13731994	-1.22200048	-0.16099811	1.24018645	6.92637587	2.86415410	-3.88912916	-1.29687583	4.00000000	0.01317835	0.81875968	0.12318651	1.02316654	-0.07160045	-0.08647740	-0.01222777	0.11293574	2.96559858	1.72930658	0.50330549	-2.93488979	5.00000000	0.02143452	0.95642871	0.14278701	1.02019262	-0.16164041	-0.13956775	0.21356604	0.30202189	3.64830446	1.43461704	-0.25414488	-2.40789866	4.00000000
2.570000	0.04881132	0.59528720	0.98690075	1.64183986	0.34588009	-2.14052987	-0.52766997	2.23157716	3.36311984	-11.73255634	-10.60820580	14.24474525	4.00000000	0.00866268	0.75599504	0.58401757	1.29342854	0.21197845	-1.16826296	-0.19404490	1.20309043	8.22401428	0.92270172	-3.75383091	1.29174984	4.00000000	0.01275468	0.81796634	0.12296860	1.02409196	-0.03201129	-0.06331205	-0.00908940	0.07152452	2.71555066	0.44644934	0.22884136	-1.46694005	5.00000000	0.01968697	0.95504302	0.14482352	1.02321279	-0.10835003	-0.11699547	0.20219547	0.25750858	4.27247477	0.77307916	0.74812794	-1.18719733	4.00000000
2.580000	0.05253982	0.57301635	0.98098564	1.66518259	0.38526127	-2.26794314	-0.64111501	2.38809967	3.43503571	-12.21239281	-10.25446510	14.83071804	4.00000000	0.01124957	0.74486750	0.58163399	1.30509877	0.31047842	-1.15174592	-0.22745876	1.21435297	9.52372837	-3.39519668	-3.65596032	6.12938690	4.00000000	0.01292042	0.81749034	0.12278037	1.02462995	-0.00107115	-0.05363474	-0.01315431	0.05523467	2.29725814	-0.90015620	0.44493425	0.19443426	5.00000000	0.01896433	0.95423478	0.14688724	1.02554393	-0.05595797	-0.09994109	0.19876720	0.22940776	4.55098724	-0.98456883	3.04211330	1.99291480	4.00000000
2.590000	0.05668651	0.54956919	0.97401959	1.68999171	0.42792493	-2.39158511	-0.74989796	2.54266524	3.27296782	-12.92877579	-9.49212456	15.39456177	4.00000000	0.01487948	0.73472238	0.57922512	1.31613970	0.41612583	-1.20012605	-0.26511946	1.29759455	10.51216984	-9.17759037	-3.39058805	12.16021252	4.00000000	0.01328686	0.81712103	0.12262937	1.02517164	0.01146725	-0.07099310	-0.01528723	0.07352018	2.10480404	-2.40145946	0.97523534	2.29869795	5.00000000	0.01931498	0.95361227	0.14878660	1.02757323	-0.01184135	-0.10741799	0.22571918	0.25025585	5.12400818	-5.08229446	7.17104197	8.26122093	4.00000000
2.600000	0.06097566	0.52517658	0.96583432	1.71607614	0.46235943	-2.51084828	-0.84132051	2.68811369	2.77668643	-13.69517612	-7.56988287	15.53912258	4.00000000	0.01908596	0.72407264	0.57697481	1.32780910	0.52750880	-1.32995641	-0.30461201	1.46281850	10.57655907	-14.78835678	-2.27645683	17.49319077	4.00000000	0.01357683	0.81660199	0.12246482	1.02578855	0.01912812	-0.12030105	0.00116931	0.12181787	3.02983189	-5.15759182	1.76630199	5.83934927	5.00000000	0.01978441	0.95279098	0.15054426	1.02956927	0.02255548	-0.16040404	0.30736735	0.34743762	6.35916996	-12.30627441	11.83685493	17.09502220	4.00000000
2.610000	0.06584959	0.49964020	0.95685899	1.74357915	0.48450264	-2.64663267	-0.91524816	2.84202147	2.09347844	-13.86385918	-3.66702652	14.47334003	4.00000000	0.02503215	0.71024305	0.57380199	1.34319353	0.63987792	-1.53167689	-0.33817738	1.69406080	9.24962521	-18.32269287	0.52179694	20.08654404	4.00000000	0.01352699	0.81568420	0.12237169	1.02671242	0.03533263	-0.16661981	0.02255229	0.17181142	5.87597513	-11.41394806	2.84529901	12.96758938	5.00000000	0.01983161	0.95132011	0.15317504	1.03258371	0.07648905	-0.27301955	0.45488575	0.53601426	7.89665937	-20.75194168	13.40822220	24.86372566	4.00000000
2.620000	0.07113374	0.47275248	0.94697392	1.77270961	0.49695930	-2.80648041	-0.96052235	3.00764108	1.18628192	-12.56555080	2.54811192	11.49854374	4.00000000	0.03209892	0.69315600	0.56978995	1.36211455	0.74561006	-1.77288795	-0.34149984	1.95337868	6.61134052	-18.55026817	5.25062943	19.07815552	4.00000000	0.01348188	0.81347692	0.12250758	1.02892435	0.08971348	-0.24670908	0.05807746	0.26886216	10.16264725	-22.69018364	3.81735325	25.02461624	5.00000000	0.02000901	0.94864815	0.15788691	1.03800333	0.17523915	-0.53835410	0.68162489	0.88608485	8.98408985	-29.64946938	8.55198669	30.37274170	4.00000000
2.630000	0.07626566	0.44422436	0.93710130	1.80333078	0.50841933	-2.96090055	-0.93350953	3.14592791	0.06278554	-8.74541950	10.54632759	6.12982512	4.00000000	0.04056772	0.67357677	0.56553864	1.38386631	0.81255245	-1.99299300	-0.28104433	2.17054105	2.85653400	-15.19013500	11.34201241	14.80856991	4.00000000	0.01428254	0.80984229	0.12347750	1.03277040	0.20898391	-0.44247308	0.10026947	0.49951044	13.75247860	-38.36410141	4.43932199	40.94483185	5.00000000	0.02121093	0.94346106	0.16561884	1.04739130	0.30040288	-0.93167269	0.85245901	1.29805326	9.03184986	-40.18437195	-2.53249002	37.09499359	4.00000000
2.640000	0.08125997	0.41338462	0.92692804	1.83618701	0.51040763	-3.06023288	-0.78784770	3.20097566	-1.37492955	-1.65727329	19.19465256	-1.75201488	4.00000000	0.04938841	0.65225202	0.56202847	1.40720880	0.81757051	-2.13854003	-0.12934953	2.29314327	-1.83801794	-8.89912510	17.32149696	8.32498264	4.00000000	0.01608665	0.80741668	0.12439536	1.03592968	0.40909371	-0.90194243	0.15428600	1.00232828	14.35168457	-56.24699783	4.54001284	58.18709946	5.00000000	0.02536509	0.93478394	0.17654294	1.06194758	0.41417700	-1.36183345	0.81413531	1.63980162	7.41925478	-49.84660721	-16.76072884	44.66115952	5.00000000
2.650000	0.08604665	0.38085586	0.91808021	1.87023568	0.49467874	-3.05780649	-0.52066094	3.14101505	-3.27167201	7.89294815	26.41624069	-10.88908291	4.00000000	0.05851253	0.62958950	0.56106377	1.43165815	0.76873362	-2.18934417	0.10505418	2.32276034	-6.87047958	-1.25428629	21.12986183	1.17806590	4.00000000	0.02078340	0.79959440	0.12663639	1.04532492	0.62558872	-1.62704825	0.20780183	1.75551379	10.47999096	-71.90440369	4.36280680	72.46955872	5.00000000	0.03164594	0.91578317	0.18996462	1.08604360	0.47762510	-1.89091015	0.47775927	2.00796437	3.56919670	-55.80191422	-30.36454773	50.31244278	4.00000000
2.660000	0.09145904	0.34878343	0.91313541	1.90313530	0.45319042	-2.92359424	-0.17274916	2.96354985	-5.48421001	17.54574966	29.65519714	-18.98436356	4.00000000	0.06589645	0.60659087	0.56304133	1.45589387	0.66968805	-2.14487648	0.38308352	2.27941442	-11.08847141	5.58633089	21.01145172	-4.94867325	4.00000000	0.02838127	0.78437072	0.12839065	1.06242943	0.75629836	-2.52754521	0.25215694	2.65029335	1.74920905	-79.61461639	4.56233358	78.61161041	5.00000000	0.03782303	0.89425319	0.19570570	1.10916626	0.49729091	-2.54605508	-0.01834010	2.59423041	-2.21007228	-60.19377518	-37.80885315	56.01176453	4.00000000
2.670000	0.09627159	0.31923562	0.91382557	1.93308043	0.38385421	-2.65802860	0.19173969	2.69243836	-7.41261768	24.66154289	27.49506950	-24.23902512	4.00000000	0.07209454	0.58447462	0.56891024	1.47960019	0.52749062	-2.02850246	0.63401312	2.18975830	-13.90461731	9.61346817	16.30667686	-8.91228008	4.00000000	0.03971779	0.75041717	0.13191360	1.09839845	0.73258257	-3.47101068	0.27857184	3.55839777	-10.24787903	-76.72399902	4.82672834	74.69976044	5.00000000	0.04268773	0.86795849	0.19231284	1.13612151	0.46121097	-3.19810200	-0.50713468	3.27074265	-8.72118759	-63.26587296	-34.17098236	61.51134109	4.00000000
2.680000	0.10018107	0.29407036	0.91946185	1.95916378	0.29013684	-2.31913757	0.49236614	2.38851476	-8.46522808	27.46564102	20.55713844	-25.95323563	4.00000000	0.07661828	0.56484973	0.57757604	1.50152493	0.35597345	-1.87582421	0.79380715	2.06774354	-15.35123062	9.57185745	7.71453524	-9.95045376	4.00000000	0.04925102	0.70740283	0.13470973	1.14254522	0.53835559	-4.28411818	0.32032242	4.32967663	-21.51258278	-67.03037262	4.47153139	65.02882385	5.00000000	0.04553416	0.83326900	0.17641342	1.17438710	0.34119502	-3.82268667	-0.89539433	3.94094896	-15.34929371	-62.54941559	-21.25842667	62.59709930	5.00000000
2.690000	0.10221601	0.27322978	0.92753267	1.98160505	0.18501051	-1.98753881	0.66687363	2.10458064	-8.39114380	25.58096695	10.83895683	-24.24687386	4.00000000	0.07960713	0.54765099	0.58786070	1.52178586	0.18715970	-1.74188304	0.82402325	1.93602681	-15.63891125	5.61192036	-3.15855551	-7.64142942	4.00000000	0.05430982	0.65646517	0.13816307	1.19384980	0.20581903	-4.85999012	0.39082852	4.88002157	-28.26312065	-55.49438477	4.02291536	54.40581894	5.00000000	0.04981237	0.79022443	0.16390002	1.21941733	0.13920487	-4.46298552	-1.05019891	4.58699608	-21.66228676	-59.02915955	-6.53371763	59.20829010	5.00000000
2.700000	0.10309443	0.25636914	0.93563306	2.00033116	0.09255266	-1.73251486	0.69813728	1.87017894	-7.41839933	20.19495964	0.70856929	-20.12084961	4.00000000	0.08058906	0.53189862	0.59718013	1.54011488	0.03100820	-1.68874753	0.72024113	1.83618546	-14.64783287	-0.20524660	-13.38424492	-2.97199273	4.00000000	0.05311012	0.60544437	0.14093548	1.24495995	-0.18412572	-5.23181486	0.44607505	5.25402451	-28.88004875	-45.18579865	4.22830629	45.27073669	5.00000000	0.05198639	0.74084848	0.15360431	1.26990211	-0.12156174	-5.06006050	-0.93348294	5.14688063	-25.60481262	-54.76977158	5.77674580	54.31772995	5.00000000
2.710000	0.10325803	0.24126533	0.94283295	2.01706409	0.02638182	-1.57639277	0.61897039	1.69376338	-6.01788855	13.62526226	-7.73948193	-15.18235493	4.00000000	0.07941826	0.51637632	0.60423416	1.55720496	-0.10791402	-1.74934590	0.50414205	1.82373679	-12.74095154	-6.66520166	-20.98412323	3.48993230	4.00000000	0.04771242	0.55370724	0.14648281	1.29727280	-0.51526642	-5.59121752	0.45977706	5.63370275	-23.92949104	-38.14082718	3.93926120	39.01671982	4.00000000	0.05028730	0.68684596	0.14616999	1.32444048	-0.42990085	-5.58762360	-0.69693238	5.64730597	-25.34972572	-49.44803238	13.66737843	48.59313202	5.00000000
2.720000	0.10316121	0.22683811	0.94855177	2.03258371	-0.01415455	-1.50266135	0.47635931	1.57642305	-4.73734188	8.06279659	-13.18737316	-10.65070152	4.00000000	0.07748020	0.49923214	0.60795665	1.57485533	-0.23865265	-1.89537966	0.20563552	1.92138112	-11.16740513	-13.89681053	-26.21475601	12.27495480	4.00000000	0.04008623	0.49814612	0.15269119	1.35369742	-0.72554576	-5.97380161	0.48036301	6.03684282	-15.03605938	-34.08919525	2.55063868	34.99561691	4.00000000	0.04315645	0.62973565	0.14092071	1.38223314	-0.73889130	-6.04233646	-0.51658452	6.10922670	-20.85884476	-42.48281097	15.16797924	41.93429565	4.00000000
2.730000	0.10294730	0.21166994	0.95275086	2.04832387	-0.04677276	-1.47502661	0.30456680	1.50686824	-4.01636505	4.46788359	-15.47819901	-6.91524839	4.00000000	0.07459835	0.47947168	0.60872191	1.59483945	-0.32917273	-2.04299998	-0.07748057	2.07079864	-10.38014507	-21.18180275	-29.41730690	22.54141426	4.00000000	0.03133006	0.43700612	0.15800177	1.41568911	-0.80190891	-6.34794712	0.53417939	6.42065716	-4.64612198	-28.68101120	1.14094555	28.96295357	4.00000000	0.03220192	0.56658584	0.13639791	1.44648540	-0.95330513	-6.43666887	-0.38021541	6.51798010	-12.84171295	-33.64577103	11.56832027	33.51779938	4.00000000
2.740000	0.10247651	0.19667214	0.95505917	2.06350565	-0.08156952	-1.45536911	0.12775460	1.46324098	-3.98889017	2.42521763	-15.37252903	-3.79044700	4.00000000	0.07104048	0.45676944	0.60587317	1.61799467	-0.40556401	-2.25264382	-0.36414364	2.31764698	-9.59493065	-27.58787727	-29.71504402	31.80957985	3.00000000	0.02258657	0.36754298	0.16091353	1.48576093	-0.78333551	-6.65117693	0.55576211	6.72016668	4.44362259	-18.69235420	-0.95011216	18.13091850	4.00000000	0.02024050	0.49932468	0.13367184	1.51485622	-1.03293216	-6.76704979	-0.29755357	6.85189390	-2.46413183	-22.60768318	6.07988930	22.26412964	4.00000000
2.750000	0.10156332	0.18189581	0.95523119	2.07831120	-0.12313264	-1.42906952	-0.03122091	1.43470418	-4.39593267	0.92770553	-13.79199123	-0.92646772	4.00000000	0.06584557	0.43292946	0.59975654	1.64314914	-0.50336647	-2.56830454	-0.67708790	2.70333385	-8.36117935	-33.79477310	-27.41915703	39.21093750	3.00000000	0.01439208	0.29721460	0.16658917	1.55679226	-0.67423600	-6.82962227	0.53226137	6.88343191	10.81902218	-6.26331520	-5.95788145	5.01391888	5.00000000	0.00912924	0.42856482	0.13145001	1.58651757	-0.97808659	-6.97332954	-0.24969117	7.04601479	8.03322029	-10.51511288	0.61094087	9.58819771	4.00000000
2.760000	0.10009039	0.16804591	0.95359832	2.09233451	-0.17016083	-1.40887868	-0.16014625	1.42812490	-4.82194185	-1.14098191	-11.51237106	2.23712325	4.00000000	0.06145872	0.41002700	0.59382737	1.66720998	-0.61201406	-2.97631145	-0.99418753	3.19709253	-6.59851456	-39.39234543	-23.47332954	44.27761841	3.00000000	0.00787182	0.22832149	0.17380179	1.62636805	-0.50822091	-6.79682779	0.47337809	6.83222103	14.45385265	6.42660046	-13.20901108	-7.86344194	5.00000000	-0.00004874	0.35664913	0.12945864	1.65904391	-0.82073015	-7.00528955	-0.25783950	7.05791473	16.09750748	1.74160397	-3.97807121	-2.95380354	4.00000000
2.770000	0.09807315	0.15456340	0.95083177	2.10624504	-0.22335114	-1.41884828	-0.25692630	1.45911872	-5.06560135	-4.40512991	-9.20557404	6.08304930	4.00000000	0.05462965	0.37868449	0.58161902	1.70153248	-0.68716496	-3.42119813	-1.22542381	3.69843960	-3.14793777	-40.84815598	-16.68460083	43.75170517	3.00000000	0.00304433	0.16052544	0.18024118	1.69464016	-0.33017024	-6.59793949	0.32937476	6.61440134	15.10509014	18.67206383	-20.12356186	-19.58831406	5.00000000	-0.00764081	0.28527287	0.12721914	1.73085773	-0.59320283	-6.86736441	-0.35003099	6.90181875	19.96480751	14.59437561	-7.28176212	-15.57290459	4.00000000
2.780000	0.09563005	0.14090587	0.94782168	2.12044215	-0.27792811	-1.47431588	-0.32937327	1.53601372	-5.07307196	-8.56763077	-7.35635948	10.35855770	4.00000000	0.04700974	0.34174833	0.56741846	1.74183130	-0.70612675	-3.88019872	-1.35684609	4.17080164	1.98900294	-36.59993744	-6.96072245	36.49621201	3.00000000	0.00187196	0.09489715	0.18297318	1.76033580	-0.16102476	-6.34296465	0.05635097	6.34525871	12.64283466	29.06438446	-25.83183479	-28.86608696	4.00000000	-0.01311469	0.21648127	0.12419401	1.79993308	-0.33428457	-6.65764523	-0.47241616	6.68275118	19.01455498	28.19165993	-9.42301273	-28.55424690	4.00000000
2.790000	0.09268615	0.12606181	0.94448406	2.13593912	-0.32993039	-1.58784556	-0.38851351	1.66764820	-4.73888063	-12.78561211	-5.99312067	14.34790993	4.00000000	0.03794574	0.29620263	0.54904276	1.79177356	-0.66302174	-4.28993130	-1.38729358	4.55715847	7.00372267	-28.47596169	2.98366737	25.60910988	3.00000000	0.00146882	0.03259598	0.18188746	1.82264769	-0.02797800	-6.02165222	-0.28482762	6.02844954	8.12474823	37.26795959	-29.72543335	-35.49519348	4.00000000	-0.01536862	0.15154770	0.11885969	1.86512434	-0.10907206	-6.36234570	-0.58274150	6.38990831	14.03128052	42.10386276	-9.35619640	-41.76967621	4.00000000
2.800000	0.08899461	0.10987699	0.94051039	2.15300846	-0.37738457	-1.75065672	-0.44196841	1.84460139	-4.11684036	-16.25016594	-4.66975927	17.34709167	4.00000000	0.03112121	0.25123236	0.53566903	1.83918405	-0.53662813	-4.52848530	-1.27963614	4.73630857	10.50619888	-18.46490479	10.52739525	14.04047394	3.00000000	0.00233562	-0.02646004	0.17662914	1.88194370	0.03176827	-5.61990499	-0.62027025	5.65412045	3.14938617	45.94955826	-30.74798203	-42.00763321	4.00000000	-0.01411554	0.09103045	0.11074366	1.92619622	0.01788597	-5.90717077	-0.67112303	5.94519901	6.68628979	57.31692123	-6.24996758	-56.52022552	4.00000000
2.810000	0.08490504	0.09171488	0.93561172	2.17225909	-0.41793489	-1.94495463	-0.49197075	2.04928112	-3.56350946	-18.41707611	-2.83380318	18.93594551	4.00000000	0.02661250	0.20462255	0.52396023	1.88745308	-0.38133433	-4.61249256	-1.08394861	4.75346708	11.74229145	-7.11859035	15.58235359	2.27993321	3.00000000	0.00321260	-0.08115778	0.16830313	1.93727851	0.01737373	-5.13037300	-0.92650485	5.21339035	-0.22338073	56.28694916	-28.96579552	-49.49195480	4.00000000	-0.01078775	0.02999255	0.10305167	1.98780680	0.02019328	-5.24489117	-0.74292052	5.29728460	-0.12113557	72.45352936	-2.53498006	-71.32825470	4.00000000
2.820000	0.08034208	0.07131462	0.93007904	2.19388318	-0.44532838	-2.14943528	-0.52484769	2.25695682	-3.33841562	-19.10550117	-0.43191311	19.09379959	4.00000000	0.02440627	0.15765814	0.51487488	1.93533909	-0.24118268	-4.59848118	-0.87200898	4.68664026	10.02512550	4.00300026	17.69553185	-8.28847885	3.00000000	0.00376707	-0.13082598	0.15724617	1.98816562	-0.05003639	-4.53288698	-1.19783688	4.68875027	-0.82152474	66.13112640	-24.86867142	-56.15666199	4.00000000	-0.00934751	-0.02169943	0.09568790	2.04004049	-0.06752431	-4.40116596	-0.75662714	4.46624088	-3.54889679	83.10186768	0.09784847	-81.63647461	4.00000000
2.830000	0.07574188	0.04857333	0.92447245	2.21775293	-0.46860594	-2.34800291	-0.52097487	2.45033145	-3.55580997	-18.25791931	2.35180640	17.88439560	4.00000000	0.02405992	0.11238735	0.50760388	1.98119140	-0.13846448	-4.52869272	-0.69891983	4.58439970	6.39946032	14.05449104	16.81180573	-17.17504311	3.00000000	0.00315981	-0.17425150	0.14437377	2.03346300	-0.10177855	-3.79291463	-1.44551933	4.06030607	0.73530543	73.27376556	-18.27947807	-60.58241653	4.00000000	-0.01154664	-0.06397869	0.08897780	2.08290529	-0.18281315	-3.39994693	-0.67900932	3.47190332	-3.00155783	87.02741241	3.76566195	-85.74871826	4.00000000
2.840000	0.07096751	0.02371742	0.91893500	2.24366188	-0.50063825	-2.53158712	-0.47149357	2.62333345	-3.92017961	-15.74248028	5.39283800	15.17557621	4.00000000	0.02255635	0.06598644	0.50078154	2.02811527	-0.10190986	-4.35523796	-0.53458112	4.38910723	2.08455873	24.18065262	15.14187908	-26.17193222	2.00000000	0.00114119	-0.20948228	0.12838753	2.07220364	-0.06754401	-2.95214748	-1.63972926	3.37763953	3.36312652	76.10630798	-9.17157078	-62.23358154	4.00000000	-0.01633175	-0.08951923	0.08070811	2.11017442	-0.22171995	-2.44562721	-0.64000487	2.53768754	-0.30833343	81.87216187	9.29404068	-82.06241608	4.00000000
2.850000	0.06623907	-0.00263960	0.91415906	2.27086234	-0.54700327	-2.69182444	-0.39583543	2.77521467	-4.22107935	-11.66844940	8.36330128	11.13714695	4.00000000	0.02177083	0.02271396	0.49625456	2.07163095	-0.12656571	-4.07665873	-0.40799376	4.09897852	-3.35400748	34.35803223	14.32983494	-35.30723190	2.00000000	-0.00208986	-0.23547280	0.11083198	2.10373378	0.02342430	-2.12024474	-1.71098661	2.72460294	5.45005989	72.48664093	2.19625235	-60.74003983	5.00000000	-0.02029036	-0.10575088	0.07445262	2.12801456	-0.16334620	-1.62456322	-0.59053326	1.73626530	5.28565264	68.15291595	9.11256790	-67.65369415	4.00000000
2.860000	0.06067088	-0.03031798	0.91056627	2.29932284	-0.60649353	-2.80232310	-0.29914925	2.88276577	-4.64843464	-6.25522089	10.60904789	6.13641930	4.00000000	0.02109358	-0.01806946	0.49324962	2.11253047	-0.16585088	-3.66016507	-0.28870925	3.67527795	-8.44593048	42.40863037	13.77718449	-42.05752563	2.00000000	-0.00132516	-0.24991395	0.09052476	2.12866402	0.11567249	-1.37494445	-1.62275672	2.13006854	4.71280575	61.80540848	14.46713066	-56.59435654	5.00000000	-0.02180683	-0.11378569	0.07114582	2.13683462	-0.05910067	-0.96842188	-0.43175033	1.06195211	11.47601604	52.19425201	3.66389108	-46.51579285	4.00000000
2.870000	0.05429642	-0.05938553	0.90843546	2.32915735	-0.64837515	-2.84068942	-0.18026978	2.91931558	-4.58200455	0.17924309	11.58776093	0.26911694	4.00000000	0.01878924	-0.05338297	0.49161166	2.14795685	-0.26315036	-3.13677120	-0.14363353	3.15106535	-10.94008732	45.92405701	12.89070034	-44.17946243	2.00000000	0.00241923	-0.25738096	0.07302859	2.14805198	0.17802991	-0.78103840	-1.38402522	1.59913766	1.07535660	47.13551331	24.29776955	-50.63305283	5.00000000	-0.01905376	-0.12458112	0.06386696	2.15014267	0.02237491	-0.62079757	-0.21644178	0.65782773	11.30437851	37.39091492	3.30102706	-30.38625526	5.00000000
2.880000	0.04692183	-0.08908877	0.90689766	2.35980105	-0.68811828	-2.80171561	-0.04101445	2.88527298	-3.12690616	6.64966297	11.26033688	-5.93363047	4.00000000	0.01660462	-0.08208366	0.48995173	2.17678833	-0.44465223	-2.59063530	0.00961348	2.62853551	-11.09319687	44.29402924	12.01425457	-41.54949188	2.00000000	0.00691246	-0.26112765	0.06003655	2.16230059	0.17324495	-0.40542582	-1.02894187	1.11942184	-3.23772907	31.86689568	29.13147926	-42.57363510	5.00000000	-0.01741711	-0.12644053	0.06318425	2.15271211	0.25765628	-0.40798739	-0.37653747	0.61206287	7.21498013	22.83497429	3.56267166	-18.48096657	5.00000000
2.890000	0.03934354	-0.11769082	0.90695304	2.38938999	-0.73734301	-2.68792677	0.08947302	2.78866100	-0.88680285	11.77450752	9.73874283	-11.12595749	4.00000000	0.01250830	-0.10391141	0.48988104	2.19899726	-0.60207623	-2.12402153	0.13063997	2.21156716	-8.97042656	37.72642899	10.17617607	-34.81219864	3.00000000	0.00845802	-0.26259717	0.05287419	2.16977382	0.08574997	-0.22420956	-0.64850473	0.69150656	-6.40933228	18.03189468	28.61839294	-32.38802719	5.00000000	-0.01634188	-0.12840810	0.06363226	2.15499854	0.39876312	-0.20754473	-0.52011484	0.68746370	4.86313629	12.53084278	-1.71521890	-7.16786051	5.00000000
2.900000	0.03307282	-0.14403778	0.90839493	2.41651130	-0.74841422	-2.51780200	0.18064727	2.63288522	1.64472604	14.79649448	6.97587585	-14.52766991	3.00000000	0.00437488	-0.12072785	0.49287546	2.21791577	-0.68151927	-1.79863405	0.21359994	1.93524623	-3.88003302	27.50128174	6.75127172	-25.54344559	3.00000000	0.00734088	-0.26388839	0.04974967	2.17333436	-0.03410307	-0.14735137	-0.35045797	0.38170177	-7.74914789	7.71316147	23.58004761	-21.71858215	5.00000000	-0.01628787	-0.13127115	0.06523789	2.15828156	0.28781223	-0.11119085	-0.37251973	0.48370472	-1.18366110	7.12969875	0.26465243	-5.97554111	5.00000000
2.910000	0.02498457	-0.16788732	0.91208005	2.44196320	-0.70458978	-2.33238006	0.23037890	2.44734907	5.13045788	15.66554642	3.42368031	-16.24344635	3.00000000	-0.00566894	-0.13491309	0.49712446	2.23580861	-0.68145007	-1.58797431	0.27604103	1.74992442	2.16173768	16.79948235	3.04274750	-16.50287628	4.00000000	0.00533722	-0.26512834	0.04910748	2.17577672	-0.13419859	-0.13792241	-0.15572052	0.24754944	-7.22817278	1.65881824	16.18370438	-11.73524380	5.00000000	-0.00141481	-0.12970905	0.04277054	2.18527102	0.21929316	-0.13474622	-0.34951395	0.43405765	-11.10442066	1.81805956	11.45112801	-7.24364233	4.00000000
2.920000	0.01682328	-0.18972062	0.91527492	2.46548986	-0.63207787	-2.16639185	0.24463682	2.26993895	8.68330956	14.86628628	0.42173412	-16.38232613	3.00000000	-0.01348071	-0.15110177	0.50021338	2.25404692	-0.60093611	-1.49290860	0.28700057	1.63470781	6.15635014	9.02306080	0.64364272	-10.22794533	4.00000000	0.00380720	-0.26642057	0.04841007	2.17789745	-0.18441565	-0.15970518	-0.06118739	0.25151297	-5.44946671	-1.39278400	9.40559387	-3.35366368	5.00000000	-0.00287589	-0.13100521	0.04373499	2.18744922	0.17976967	-0.13052770	-0.37218642	0.43344820	-13.66543579	-2.17357397	13.99313259	-2.63510966	4.00000000
2.930000	0.01037764	-0.21026500	0.91745514	2.48713183	-0.52722061	-2.03076315	0.22030024	2.10961914	10.62969780	13.30763721	-1.49887061	-15.31760693	3.00000000	-0.01798096	-0.16616578	0.50228214	2.26990438	-0.48113650	-1.49214423	0.25000423	1.58760476	7.48825026	4.47827148	-0.76124567	-6.57811117	4.00000000	0.00238412	-0.26796436	0.04797112	2.18004251	-0.20984489	-0.18896931	-0.03139203	0.28412980	-3.25844097	-2.43105459	4.67496014	1.42608929	5.00000000	-0.00468834	-0.13282587	0.04491690	2.19027710	-0.06086346	-0.17224637	-0.07997900	0.19942370	-11.25970268	-2.57776141	10.84820271	0.04359310	4.00000000
2.940000	0.00595706	-0.23001927	0.91883230	2.50742149	-0.38572130	-1.91902292	0.17796853	1.96547771	10.80722046	12.05569553	-2.75936723	-14.10989761	3.00000000	-0.01980630	-0.18049392	0.50437003	2.28449845	-0.37834546	-1.50050116	0.21230081	1.56196046	7.05923080	2.83201528	-1.90788972	-5.09031105	4.00000000	0.00027490	-0.27010715	0.04777841	2.18305540	-0.23363790	-0.22460072	-0.02085622	0.32475704	-1.19650233	-1.86453390	1.92399395	1.85381067	5.00000000	-0.00707482	-0.13543664	0.04672430	2.19424915	-0.29730895	-0.23696372	0.22455463	0.44155315	-10.30027008	-1.56259000	11.01738930	-0.91990972	4.00000000
2.950000	0.00378514	-0.24880753	0.92038625	2.52639866	-0.25534955	-1.81242478	0.15020370	1.83647716	9.58216000	11.68486404	-3.43032718	-13.44228458	3.00000000	-0.02278635	-0.19487701	0.50638396	2.29932451	-0.33005092	-1.46811116	0.21167843	1.51956964	6.10992575	4.22126913	-2.73080754	-6.03255796	4.00000000	-0.00250816	-0.27252191	0.04767198	2.18674159	-0.25209719	-0.25151867	-0.00712859	0.35618177	0.64416188	-0.45584041	0.78973424	-0.14372095	5.00000000	-0.01007082	-0.13789642	0.04885108	2.19867063	-0.30907282	-0.24804199	0.20114434	0.44442084	-6.47186995	-0.10307766	7.30901003	0.29044822	4.00000000
2.960000	0.00205638	-0.26656291	0.92183828	2.54429698	-0.16266686	-1.70313418	0.12238721	1.71525657	7.19084597	11.86891460	-3.61570811	-13.04511738	3.00000000	-0.02685246	-0.21020730	0.50857604	2.31533575	-0.31238207	-1.42199945	0.20763873	1.47063887	5.35976410	7.44416571	-3.30501366	-8.70529079	4.00000000	-0.00571022	-0.27547386	0.04767103	2.19109678	-0.24310228	-0.25061765	0.00021840	0.34915322	2.43659759	1.39054477	0.40661949	-2.68596053	5.00000000	-0.01361652	-0.14058354	0.05128625	2.20374250	-0.31362540	-0.23023324	0.18638282	0.43140095	0.51387721	2.42871046	-0.98756289	-2.06090426	4.00000000
2.970000	0.00103106	-0.28305164	0.92346096	2.56089711	-0.11660615	-1.57751811	0.08641779	1.58418059	4.34833097	11.98669624	-3.82067370	-12.57414722	3.00000000	-0.03089741	-0.22533630	0.51044440	2.33110714	-0.27386251	-1.32790279	0.16982009	1.36644256	5.05576038	11.15519905	-4.08099079	-12.14165306	4.00000000	-0.00837808	-0.27838331	0.04774207	2.19504499	-0.19824778	-0.21871899	0.00106608	0.29519707	4.02072096	3.36376595	0.06536875	-5.19928312	5.00000000	-0.01751745	-0.14312725	0.05353273	2.20891309	-0.27696213	-0.18081851	0.14114799	0.35961938	4.59940624	4.51915836	-4.90230179	-7.42454290	4.00000000
2.980000	0.00005526	-0.29812780	0.92429268	2.57602763	-0.10285353	-1.44271374	0.04288951	1.44701111	1.97523499	11.71535397	-3.93625808	-11.92902851	3.00000000	-0.03401399	-0.23841721	0.51317173	2.34482789	-0.19515030	-1.20501375	0.09758075	1.22460759	5.13292837	14.38298130	-5.07697296	-15.30654430	3.00000000	-0.01021308	-0.28072682	0.04783148	2.19802284	-0.13309942	-0.16804561	-0.00177110	0.21437798	4.96077919	4.78373384	-0.22889759	-6.68844986	5.00000000	-0.02042293	-0.14499849	0.05476508	2.21258211	-0.21136922	-0.11828554	0.08054161	0.25525549	5.82417107	5.46686220	-4.77659750	-7.71908522	4.00000000
2.990000	-0.00070720	-0.31224477	0.92411745	2.59016633	-0.09806781	-1.32072783	-0.00525216	1.32437408	0.64335483	10.80940723	-3.58511734	-10.84119701	3.00000000	-0.03474024	-0.24973464	0.51375550	2.35618353	-0.12195037	-1.03428721	0.03196001	1.04194212	4.67532301	16.28406525	-5.23350000	-17.03513145	3.00000000	-0.01089668	-0.28192586	0.04783877	2.19940305	-0.07083730	-0.10503207	-0.00751487	0.12690994	4.86173296	5.18476725	-0.27442896	-6.08296061	5.00000000	-0.02206246	-0.14579989	0.05504349	2.21442819	-0.13193128	-0.05394009	0.02023677	0.14396153	6.53169489	5.48573351	-4.61094189	-6.24879599	4.00000000
3.000000	-0.00172904	-0.32421389	0.92362660	2.60218906	-0.10118479	-1.21823990	-0.04657258	1.22332168	0.46533096	9.16798019	-2.97451711	-9.13808918	3.00000000	-0.03470912	-0.25788704	0.51349550	2.36434007	-0.07631437	-0.82620567	-0.01748304	0.82990682	3.07096171	17.12187767	-3.86701083	-17.45853996	3.00000000	-0.01084298	-0.28225631	0.04765416	2.19978547	-0.02340074	-0.04338498	-0.01261778	0.05088279	3.84637642	4.74998522	-0.19542442	-4.16911030	5.00000000	-0.02230959	-0.14538535	0.05439545	2.21523619	-0.05656468	0.00391342	-0.02623265	0.06247424	6.15317774	4.72671080	-3.64640164	-3.70497704	4.00000000
3.010000	-0.00290669	-0.33561170	0.92282927	2.61367536	-0.10330521	-1.13583779	-0.06777644	1.14253795	0.46024662	7.38197613	-2.01177669	-7.33185196	3.00000000	-0.03449887	-0.26696861	0.51127356	2.37369180	-0.06090238	-0.64541709	-0.05785872	0.65086091	1.25762498	16.79264069	-1.91440427	-16.71788979	4.00000000	-0.01070921	-0.28235251	0.04746865	2.20003366	0.00819904	0.00411570	-0.01365862	0.01645361	2.51615953	3.80621052	-0.13293377	-2.21287465	5.00000000	-0.02228959	-0.14488456	0.05379441	2.21601868	0.00243659	0.04916377	-0.05462055	0.07352834	4.71737814	3.05476403	-2.41045690	-1.65646589	4.00000000
3.020000	-0.00393339	-0.34638384	0.92205906	2.62452364	-0.09471635	-1.07466280	-0.07718603	1.08158636	0.15369101	5.88354731	-0.81787705	-5.83222389	3.00000000	-0.03585757	-0.27148685	0.51117647	2.37841082	-0.07350143	-0.49449378	-0.06626745	0.50429946	0.48517695	13.98864651	-0.82412106	-13.80799389	4.00000000	-0.01068357	-0.28202823	0.04720294	2.20045376	0.02246840	0.03154129	-0.01050010	0.04012399	1.32204270	2.49547648	-0.08206558	-0.53251189	5.00000000	-0.02209119	-0.14432231	0.05325641	2.21682167	0.04314842	0.07550741	-0.06723835	0.10992794	4.36646795	3.29433274	-1.41485786	2.26850486	4.00000000
3.030000	-0.00508251	-0.35695189	0.92132694	2.63517928	-0.07427099	-1.03148365	-0.08563598	1.03769374	0.23658237	4.54867697	-0.16095424	-4.53189278	3.00000000	-0.03716698	-0.27521878	0.51089352	2.38237596	-0.09119507	-0.34741807	-0.04425247	0.36190349	0.58480757	10.86705875	0.07057016	-10.81574345	4.00000000	-0.01050729	-0.28163755	0.04716786	2.20088387	0.02528655	0.04791592	-0.00972695	0.05504506	0.30337822	1.10913610	-0.05131378	0.34553269	5.00000000	-0.02175289	-0.14361855	0.05270150	2.21777964	0.07031354	0.08837941	-0.07124397	0.13353133	5.78334856	6.14456034	-0.79510349	7.55087852	4.00000000
3.040000	-0.00574879	-0.36734596	0.92049730	2.64562774	-0.08332154	-0.99021292	-0.07528315	0.99655992	0.38586816	3.12702537	-0.06791676	-3.13545799	3.00000000	-0.03809719	-0.27791387	0.51072687	2.38523197	-0.08579265	-0.24696414	-0.02778123	0.26291341	1.03190935	9.19878578	1.18630862	-9.32004452	4.00000000	-0.01005520	-0.28090641	0.04719269	2.20174384	0.02375060	0.05379617	-0.01303749	0.06023367	-0.52128345	-0.01008601	-0.06950251	0.06485712	5.00000000	-0.02077643	-0.14255296	0.05189567	2.21943450	0.07265354	0.07157226	-0.07212227	0.12491096	5.46224260	6.45794249	-0.19226123	8.08074760	4.00000000
3.050000	-0.00603699	-0.37685648	0.91959453	2.65518546	-0.09592085	-0.95806938	-0.06579806	0.96510470	0.08075392	1.47084939	-0.17537020	-1.46083283	3.00000000	-0.03877715	-0.27935103	0.51033014	2.38687062	-0.05045993	-0.22076914	-0.04377415	0.23065427	1.66749716	7.21456671	1.38501823	-7.51478815	4.00000000	-0.00962603	-0.28032044	0.04722070	2.20247078	0.01700449	0.04615684	-0.01564063	0.05161624	-1.03057683	-0.73850793	-0.01874328	-0.42305577	5.00000000	-0.01950533	-0.14130034	0.05096443	2.22144747	0.19677077	0.23997003	-0.08058445	0.32062161	3.89831924	4.98682594	0.31157520	5.97754240	4.00000000
3.060000	-0.00638586	-0.38619599	0.91854012	2.66459084	-0.08403116	-0.94239706	-0.07332017	0.94897276	0.52620792	-0.51505268	-1.28333628	0.61761832	3.00000000	-0.03921991	-0.28097340	0.50995338	2.38859391	-0.02187903	-0.14688273	-0.02377927	0.15039508	2.18434978	5.40887547	0.87652254	-5.48200369	4.00000000	-0.00948702	-0.27967903	0.04687544	2.20321226	0.00153939	0.02945860	-0.01628178	0.03369385	-1.19568026	-1.06883502	0.21966209	-0.51841813	5.00000000	-0.01821663	-0.14024520	0.05014908	2.22330189	0.30631498	0.39688185	-0.08089604	0.50782698	3.91640449	5.69713879	0.43007040	6.49798393	4.00000000
3.070000	-0.00883895	-0.39498064	0.91881084	2.67371559	-0.07964630	-0.95910275	-0.08396655	0.96606004	2.04357767	-2.69915891	-3.68548894	3.13641310	4.00000000	-0.03930725	-0.28313828	0.50935781	2.39084101	-0.00639915	-0.07425646	0.00565002	0.07474552	2.30250478	5.72553158	0.74768806	-3.57423592	4.00000000	-0.00962295	-0.27953154	0.04649849	2.20363927	-0.01792732	0.01142422	-0.01371136	0.02529631	-1.02211118	-0.85843730	0.49434826	-0.51360202	5.00000000	-0.01742473	-0.13952608	0.04961610	2.22449708	0.26905158	0.34968132	-0.06220837	0.44557342	1.67837632	2.75226426	0.55463624	2.88558698	4.00000000
3.080000	-0.00947472	-0.40445027	0.91776776	2.68326378	-0.07064695	-1.00486326	-0.11193006	1.01354301	3.08821726	-4.61278248	-6.28932095	5.70921707	4.00000000	-0.03881850	-0.28516999	0.50875616	2.39301562	0.00668466	-0.04072462	0.01223187	0.04304414	2.39816141	5.91336107	0.10922472	-1.06544316	4.00000000	-0.00999486	-0.27966046	0.04634028	2.20406342	-0.03173619	0.00100657	-0.00584355	0.03228538	-0.50410289	-0.15742908	0.61025512	-0.10982028	5.00000000	-0.00697328	-0.12459736	0.04840650	2.24276066	0.24810345	0.33080035	-0.05025432	0.41654494	-3.58548927	-5.15919924	0.76089662	-6.07483864	5.00000000
3.090000	-0.00980149	-0.41458628	0.91661555	2.69347024	-0.02018922	-1.07090151	-0.19603966	1.08888435	3.80034614	-5.88882780	-8.86167431	7.93681383	4.00000000	-0.03880851	-0.28266531	0.51062012	2.39613771	0.02955980	0.01427631	0.00594109	0.03336003	3.02487564	4.20651245	-1.44708145	1.61531579	3.00000000	-0.01046871	-0.27995771	0.04644608	2.20463276	-0.03317289	0.00237326	0.00553662	0.03371539	0.25743240	0.71104729	0.56175506	0.58339745	5.00000000	-0.00678937	-0.12445302	0.04834472	2.24300241	0.25563499	0.34792212	-0.05065451	0.43470097	-4.75389528	-7.59124804	0.45765138	-8.40340710	5.00000000
3.100000	-0.00982706	-0.42599264	0.91474742	2.70502853	0.04057871	-1.14307344	-0.31836975	1.18727541	4.71259642	-6.72858143	-11.18738174	9.79905891	4.00000000	-0.03873980	-0.28248653	0.51070553	2.39634752	0.06445317	0.08920530	-0.01015862	0.11052147	4.15762615	2.38187981	-2.14339876	3.53646040	3.00000000	-0.01091781	-0.28001016	0.04667496	2.20513964	-0.02281523	0.01924907	0.01297596	0.03254899	1.00397670	1.31324756	0.40142992	0.93222153	5.00000000	-0.00659406	-0.12437799	0.04822087	2.24324560	0.14642538	0.17890781	-0.04645465	0.23581016	-3.06684279	-5.99950361	0.02621142	-6.09403896	5.00000000
3.110000	-0.00910526	-0.43787187	0.91137505	2.71739817	0.08362138	-1.20936930	-0.44903007	1.29274690	4.89694309	-7.71947098	-11.66537094	11.24587250	4.00000000	-0.03844666	-0.28167665	0.51057804	2.39721823	0.11059722	0.10960921	-0.05751153	0.16599247	5.44938087	-1.14596152	-2.02656960	5.63876009	3.00000000	-0.01118008	-0.27969760	0.04688359	2.20559788	-0.00537369	0.04311552	0.01356077	0.04551614	1.41150880	1.24409795	0.16551687	0.75292993	5.00000000	-0.00613893	-0.12391867	0.04770752	2.24407125	0.04995156	0.01011584	-0.04548446	0.06831050	-3.01113105	-6.54046774	0.11785886	-6.39896393	5.00000000
3.120000	-0.00796441	-0.45050532	0.90576833	2.73126698	0.13335577	-1.27457893	-0.58758903	1.40982127	4.31904507	-8.96742535	-9.30936432	11.85156918	4.00000000	-0.03693236	-0.28082412	0.50912696	2.39948225	0.17107695	0.08175075	-0.09442419	0.21181698	6.04551458	-8.24319649	-1.68863523	8.75978661	3.00000000	-0.01106162	-0.27904418	0.04698817	2.20627022	0.01432828	0.06454860	0.01077543	0.06699202	1.24723852	0.37081206	-0.00596422	0.19210710	5.00000000	-0.00535116	-0.12336408	0.04702366	2.24525261	0.09040140	0.03405449	-0.05342438	0.11039151	-2.29424739	-5.34323311	0.43780383	-5.02812672	5.00000000
3.130000	-0.00648512	-0.46317628	0.89878613	2.74580979	0.17722802	-1.36370432	-0.69768131	1.54203057	3.82742739	-10.09609795	-4.87193012	11.47425938	4.00000000	-0.03455468	-0.27932322	0.50757438	2.40269423	0.24651295	0.01288752	-0.08977999	0.26266932	5.27407026	-16.28290939	-0.47839767	12.95328522	3.00000000	-0.01072149	-0.27811295	0.04704883	2.20726347	0.03102169	0.06875495	0.00879224	0.07594006	0.60009247	-0.91302752	0.10404495	-0.14064138	5.00000000	-0.00420670	-0.12285342	0.04630474	2.24669743	0.10569118	0.02986205	-0.04960590	0.12051188	-0.57279927	-1.53813899	0.73800331	-1.52095640	5.00000000
3.140000	-0.00438026	-0.47682178	0.89063376	2.76184392	0.21073946	-1.48700249	-0.73351711	1.67141700	3.24412227	-10.26066780	0.66841990	9.80119896	4.00000000	-0.03178287	-0.27835995	0.50619978	2.40593457	0.32363868	-0.20400806	-0.08888990	0.39276290	3.62279081	-22.74845123	1.06772661	17.85334206	3.00000000	-0.01024362	-0.27724433	0.04704005	2.20825481	0.03644856	0.04687706	0.00869427	0.06001289	-0.24198523	-2.04674006	0.64049292	0.12516677	5.00000000	-0.00284120	-0.12278233	0.04579983	2.24815512	0.10466772	0.01843491	-0.03576617	0.11213561	-0.97753406	-0.19667223	1.15096569	-1.11257958	5.00000000
3.150000	-0.00199860	-0.49157789	0.88246465	2.77887774	0.24103621	-1.62050891	-0.67812598	1.77313352	2.24961090	-8.29204082	6.34808064	6.12113333	4.00000000	-0.02844670	-0.27950215	0.50622743	2.40946102	0.35469848	-0.53193045	-0.07204264	0.64339036	1.79596198	-26.62367058	1.60497952	21.43737030	3.00000000	-0.00976570	-0.27654001	0.04716639	2.20911527	0.02467922	0.00543122	0.01373316	0.02876042	-1.24166584	-2.70245528	1.58586037	0.82202232	5.00000000	-0.00163524	-0.12270705	0.04557731	2.24938369	0.07809770	0.00583678	-0.01719671	0.08018133	-2.50650072	-0.87825483	1.38309944	-1.95209193	5.00000000
3.160000	0.00063945	-0.50914526	0.87505674	2.79812479	0.26402265	-1.72482669	-0.55829531	1.83205581	1.26935482	-3.55829883	10.72637177	0.44580895	4.00000000	-0.02412533	-0.28554517	0.50612801	2.41689086	0.33372951	-0.87402582	-0.03932367	0.93639886	-0.14241759	-25.17775536	1.92507172	21.02193832	3.00000000	-0.00941007	-0.27668864	0.04730747	2.20952582	0.00333665	-0.03231838	0.02990744	0.04415955	-2.68757319	-2.57085347	2.78600168	2.35339427	5.00000000	-0.00079738	-0.12270398	0.04554461	2.25022221	0.03384735	-0.00091344	0.00020886	0.03386032	-2.36427689	-0.47019804	1.44656408	-1.63671839	5.00000000
3.170000	0.00328969	-0.52805781	0.87015128	2.81784201	0.27198145	-1.75106573	-0.41010129	1.81889749	0.52652222	3.29369283	12.54981899	-6.23937607	4.00000000	-0.01956460	-0.29905081	0.50492007	2.43119693	0.30619913	-1.16361475	-0.01842777	1.20336890	-1.47615397	-17.38250351	2.58812380	15.06144524	4.00000000	-0.00944490	-0.27765527	0.04752588	2.21051741	-0.02191509	-0.05690083	0.06491784	0.08906347	-4.73420906	-1.54325283	3.98423958	5.08890009	5.00000000	-0.00061144	-0.12275241	0.04568673	2.25046110	-0.00597489	-0.00227702	0.01354413	0.01497757	-0.73077977	0.48306891	1.49922228	-0.35613233	5.00000000
3.180000	0.00623441	-0.54716998	0.86763382	2.83734298	0.26348546	-1.67347682	-0.26142150	1.71414423	-0.04667292	10.70721245	11.73379517	-12.76141548	4.00000000	-0.01720725	-0.31456774	0.50478709	2.44689250	0.29037490	-1.31990707	-0.00924170	1.35150194	-1.21179116	-6.74506807	2.57326555	5.93233347	4.00000000	-0.01003561	-0.27892405	0.04807172	2.21201968	-0.06401290	-0.06756634	0.11716273	0.14963277	-7.10172892	-0.23358229	4.74802923	7.92480469	5.00000000	-0.00139728	-0.12280107	0.04590914	2.25127935	-0.02682409	-0.01058914	0.01918950	0.03463955	0.97391039	0.72389251	1.17070711	1.34688950	5.00000000
3.190000	0.00906867	-0.56406611	0.86644375	2.85451651	0.25475457	-1.50013411	-0.13686766	1.52775490	-0.38679141	16.84302902	9.32201004	-17.88146400	4.00000000	-0.01591693	-0.32963037	0.50491756	2.46201086	0.27581775	-1.29329038	0.02567768	1.32262421	-0.30832016	3.24564457	1.86111522	-3.12887907	4.00000000	-0.01070299	-0.27946717	0.04930035	2.21351957	-0.14620800	-0.06061072	0.17842159	0.23850514	-9.11615276	0.49237081	4.40038204	9.40974903	5.00000000	-0.00219746	-0.12285113	0.04615326	2.25211740	0.02243157	0.01893819	0.03902819	0.04883678	2.17960858	0.51641363	0.79948896	2.17077827	5.00000000
3.200000	0.01151293	-0.57779640	0.86566210	2.86848450	0.25270554	-1.26937473	-0.06106943	1.29572439	-0.36039004	20.32255363	6.28760099	-20.50625801	4.00000000	-0.01355853	-0.34246475	0.50554192	2.47507501	0.27731422	-1.13444841	0.06265888	1.16953087	-0.39095554	10.19761562	0.65524870	-9.90878487	4.00000000	-0.01179883	-0.27977389	0.05166657	2.21614528	-0.27037144	-0.03727053	0.23467453	0.35994714	-9.75495434	0.39070651	2.40375376	9.01888657	5.00000000	-0.00251129	-0.12288567	0.04649383	2.25258183	0.08978028	0.04465182	0.05302463	0.11342793	2.23882318	0.09203254	1.08499849	1.56912386	5.00000000
3.210000	0.01345428	-0.58875453	0.86532438	2.87961841	0.25164294	-1.02525747	-0.02850542	1.05607271	-0.19040704	21.09898186	3.09984136	-20.64097023	4.00000000	-0.00991359	-0.35176310	0.50619698	2.48508382	0.29912457	-0.95433140	0.07214744	1.00271094	-1.37447774	12.38538551	-1.80049896	-12.25682068	4.00000000	-0.01439435	-0.27993372	0.05465730	2.22010851	-0.40505382	-0.02137199	0.26567394	0.48487937	-7.97519112	-0.50014573	-1.15244401	6.45553589	5.00000000	-0.00164800	-0.12312164	0.04670352	2.25350094	0.11095555	0.02492468	0.04698997	0.12304646	-1.01917958	-2.79943919	1.54234838	3.05618834	5.00000000
3.220000	0.01603402	-0.59752440	0.86545241	2.88876081	0.25099784	-0.80733645	-0.01910329	0.84566957	-0.32729182	20.20929146	0.30216819	-19.24847221	4.00000000	-0.00595612	-0.36009994	0.50743133	2.49439454	0.29717022	-0.80705756	0.04625370	0.86127317	-2.35289621	9.98991394	-5.62167692	-9.55185127	4.00000000	-0.01969966	-0.28024575	0.05791806	2.22634363	-0.50230962	-0.03155122	0.24332745	0.55903369	-3.46169829	-1.86680293	-5.35277128	2.19145608	5.00000000	0.00275260	-0.12050373	0.04834764	2.25887895	0.11345043	0.01545623	0.05534263	0.12717193	-6.60891628	-7.70663834	1.99171853	7.62896776	4.00000000
3.230000	0.01878428	-0.60440254	0.86554068	2.89616895	0.25034705	-0.62733638	-0.02616842	0.67595071	-0.85718393	18.60055733	-1.42147934	-17.08352661	4.00000000	-0.00284450	-0.36650059	0.50812554	2.50154519	0.24731302	-0.73101121	-0.02754430	0.77220452	-3.07198358	6.03445911	-8.82998943	-4.93549252	4.00000000	-0.02695090	-0.28017405	0.06071264	2.23411512	-0.52076584	-0.06621505	0.15522511	0.54742700	2.71967983	-3.02931452	-8.74760628	-2.01819658	5.00000000	0.00361381	-0.12116852	0.04831431	2.25996733	0.02946276	-0.05425277	0.08933202	0.10858925	-10.34104729	-10.58394432	3.29685211	11.05421829	4.00000000
3.240000	0.02168991	-0.60972649	0.86527401	2.90224004	0.24451427	-0.46415028	-0.05546063	0.52754015	-1.62364173	16.66341782	-1.81233072	-14.59715366	4.00000000	-0.00071857	-0.37361687	0.50820273	2.50897264	0.18035983	-0.71338362	-0.15429059	0.75183201	-3.43130398	3.83657956	-9.64829254	-2.34884715	4.00000000	-0.03368609	-0.28074303	0.06237761	2.24107647	-0.44487658	-0.11907468	0.01570731	0.46080437	8.37356663	-3.40462542	-10.03547573	-4.55096245	5.00000000	0.00341097	-0.12205648	0.04864201	2.26093531	-0.16798550	-0.24363205	0.12483513	0.32118455	-11.79000950	-11.24488068	4.76710129	12.82281399	4.00000000
3.250000	0.02398058	-0.61342508	0.86462271	2.90663910	0.22428238	-0.29762733	-0.09535153	0.38467717	-2.45482802	14.67912674	-1.01453221	-12.21963024	4.00000000	0.00028605	-0.38025224	0.50610936	2.51600266	0.14139195	-0.74061900	-0.30961931	0.81509036	-3.03086162	4.08677435	-7.92409563	-2.49035048	4.00000000	-0.03780051	-0.28204039	0.06189739	2.24541712	-0.29281372	-0.16232133	-0.12483171	0.35731086	11.44292545	-2.90213060	-8.60453510	-5.46988106	5.00000000	0.00188797	-0.12309886	0.04989621	2.26316667	-0.35704905	-0.43705490	0.17746329	0.59160310	-11.49537086	-10.62428665	5.05306864	13.83467388	4.00000000
3.260000	0.02592792	-0.61614180	0.86341524	2.91019297	0.19051118	-0.14285643	-0.11518498	0.26451853	-3.18794847	12.79238605	0.68444097	-9.39080906	4.00000000	0.00072210	-0.38801482	0.50207382	2.52476239	0.13426350	-0.72101921	-0.40226874	0.83648998	-1.96857846	7.10425138	-3.57219195	-5.92432356	4.00000000	-0.03898675	-0.28454915	0.05917634	2.24930358	-0.11905950	-0.18724501	-0.21626942	0.30985209	11.27865124	-1.53975523	-4.81844950	-5.52826881	5.00000000	-0.00467554	-0.12995784	0.05233059	2.27296734	-0.44070590	-0.51736748	0.25353545	0.72537649	-7.60263586	-6.35142517	4.07745075	10.29562092	4.00000000
3.270000	0.02779360	-0.61657315	0.86168033	2.91277695	0.14866412	-0.02461423	-0.09435415	0.17779085	-3.72405005	10.74611855	2.77027035	-5.58837318	4.00000000	0.00181959	-0.39578146	0.49578276	2.53481746	0.13033532	-0.61764914	-0.40264526	0.74873286	-1.26591849	12.59498405	2.76095557	-12.39579773	4.00000000	-0.03841553	-0.28741458	0.05495447	2.25443792	0.00941552	-0.19196519	-0.23554163	0.30400518	8.66637039	0.38865703	-0.04671706	-5.16386652	5.00000000	-0.01093142	-0.13809226	0.05546599	2.28369737	-0.48093984	-0.53959960	0.30831370	0.78582960	-1.23171723	1.07654500	1.90489411	0.89493239	4.00000000
3.280000	0.02924065	-0.61533475	0.86008799	2.91525960	0.10869670	0.05873044	-0.03800094	0.12926063	-3.94711423	8.78529453	4.31944752	-1.47957265	4.00000000	0.00397481	-0.40421462	0.48973069	2.54541898	0.12014591	-0.46774444	-0.32949597	0.58462596	-1.52194679	17.89942932	8.13473225	-13.84724808	4.00000000	-0.03718113	-0.28895268	0.05194550	2.25803566	0.06157380	-0.18239766	-0.18967035	0.27025005	5.10427284	2.26684284	3.84012723	-4.86528778	5.00000000	-0.01697504	-0.14574902	0.05922883	2.29415250	-0.47206387	-0.50705361	0.32124838	0.76364142	4.07661104	7.19466829	-1.59614170	-8.00961399	4.00000000
3.290000	0.03015852	-0.61363095	0.85982317	2.91721296	0.07065427	0.12749583	0.03035466	0.14889130	-3.78200841	7.86048603	4.43361998	2.38497090	4.00000000	0.00597568	-0.40676248	0.48779359	2.54919362	0.10572405	-0.23003170	-0.18137147	0.31142861	-1.80716431	20.97225380	10.41938782	-8.53691959	3.00000000	-0.03602833	-0.29036734	0.05064272	2.26027775	0.06182811	-0.14809966	-0.10597997	0.19232260	2.20460963	3.84101200	5.62470961	-4.57561064	5.00000000	-0.01924217	-0.14817131	0.06276710	2.29900289	-0.39051956	-0.38176501	0.28065974	0.61401951	7.66639185	10.18491650	-5.54502249	-13.65026951	4.00000000
3.300000	0.03038913	-0.61252004	0.86118317	2.91898417	0.03081299	0.18820961	0.08711417	0.20966920	-3.35406327	8.35001469	3.06241488	6.07273102	4.00000000	0.00654714	-0.40797678	0.48749027	2.55056953	0.07675342	0.03375312	-0.02063389	0.08634881	-1.31493390	22.37525368	10.06020832	-2.01141906	3.00000000	-0.03565616	-0.29134625	0.05110874	2.26142406	0.05158046	-0.09450714	-0.02097186	0.10969029	1.00809622	5.18570089	5.31091785	-3.35097980	5.00000000	-0.02269843	-0.14995755	0.06593415	2.30401945	-0.26950407	-0.20768294	0.19220831	0.39077958	10.76445198	11.70245743	-8.67581367	-13.49059486	4.00000000
3.310000	0.03041313	-0.61143589	0.86325008	2.92131829	-0.00471435	0.26578653	0.11245210	0.28863502	-2.85495853	9.56109810	1.09808314	8.95259571	4.00000000	0.00638903	-0.40580156	0.48885825	2.55314398	0.04606169	0.26279116	0.07644072	0.27753207	-0.43229702	21.58735657	7.50073385	5.65103626	3.00000000	-0.03579103	-0.29310229	0.05160369	2.26325345	0.05647025	-0.03273214	0.03186461	0.07263356	1.28710604	6.11411142	3.76185012	-0.85351759	5.00000000	-0.02619960	-0.15243183	0.06756914	2.30860782	-0.14507417	-0.07182111	0.07267020	0.17744222	12.45171452	11.77929020	-10.17054749	-8.14267063	4.00000000
3.320000	0.03036332	-0.60863096	0.86469924	2.92447591	-0.03007172	0.37392229	0.09888162	0.38794300	-2.25693297	10.72447109	-0.47167450	10.45550823	4.00000000	0.00653394	-0.40056828	0.49104774	2.55881858	0.04825706	0.46661866	0.11746014	0.48358929	0.54352003	18.97136307	3.91084576	14.09809780	3.00000000	-0.03563721	-0.29336384	0.05196242	2.26372337	0.07961448	0.03324325	0.04602664	0.09778564	1.89217210	6.01131201	1.88167441	1.74390101	5.00000000	-0.02781319	-0.15307400	0.06752706	2.31034493	-0.02213454	0.00616138	-0.05266803	0.05746148	11.61173248	9.56049442	-9.68948650	-2.34550428	4.00000000
3.330000	0.02982410	-0.60420072	0.86529148	2.92897797	-0.04635852	0.50685751	0.06547123	0.51316679	-1.56206226	11.45988083	-1.11548233	11.08795738	4.00000000	0.00694818	-0.39648536	0.49151880	2.56294942	0.07712220	0.65107840	0.12159000	0.66680962	1.43138468	16.57263947	1.38124025	17.00430489	4.00000000	-0.03460404	-0.29230398	0.05236937	2.26525831	0.11451474	0.10323028	0.03956010	0.15917009	1.88622832	4.87551498	0.35049006	3.00804472	5.00000000	-0.02691777	-0.15202188	0.06589212	2.31248546	0.12161599	0.09177625	-0.15941240	0.22051223	8.87174797	6.28432703	-7.55006552	2.17252016	4.00000000
3.340000	0.02925763	-0.59772730	0.86527920	2.93547606	-0.05821946	0.63548779	0.04222393	0.63954449	-1.05846000	11.41278744	-0.68474716	11.15279102	4.00000000	0.00807070	-0.38862994	0.49276152	2.57098126	0.10717232	0.78264076	0.10213330	0.79651970	1.48853719	14.20118809	0.28046429	14.19991398	4.00000000	-0.03268439	-0.29021376	0.05282135	2.26813197	0.14341991	0.16182140	0.03492633	0.21903260	1.10503161	3.19672418	-0.42599937	2.48488188	5.00000000	-0.02378719	-0.14986950	0.06327389	2.31709933	0.22257340	0.16335025	-0.22448456	0.35583076	5.24717522	3.61996388	-4.50419569	4.64630556	4.00000000
3.350000	0.02842587	-0.59066927	0.86531085	2.94258308	-0.06497859	0.74584782	0.04241864	0.74987364	-0.95671171	10.77103901	0.45659167	10.76960564	4.00000000	0.00967451	-0.37983167	0.49365315	2.57996893	0.12718186	0.91753745	0.10095536	0.93179518	0.47501200	11.63745117	0.09240477	11.50985718	4.00000000	-0.03086926	-0.28814232	0.05319971	2.27091193	0.15084726	0.18066043	0.03130703	0.23743044	-0.11247116	1.32961869	-0.56134880	0.76535922	5.00000000	-0.02018631	-0.14768012	0.06046169	2.32216573	0.24807213	0.18659756	-0.24511711	0.39552602	1.18801415	1.43356609	-1.42875409	2.55808210	4.00000000
3.360000	0.02782365	-0.58264202	0.86580181	2.95064783	-0.06815647	0.84238791	0.06220092	0.84742647	-1.21543252	10.14786339	1.58477724	10.33206177	4.00000000	0.01101814	-0.36955845	0.49450886	2.59036493	0.12611067	1.03634715	0.11450524	1.05025268	-0.90961814	9.68039417	0.57656717	9.56954479	4.00000000	-0.02922095	-0.28619415	0.05345095	2.27347612	0.13423620	0.17047301	0.02592588	0.21852358	-1.29392338	-0.35890239	-0.51888096	-1.12126243	5.00000000	-0.01720639	-0.14580142	0.05774730	2.32661295	0.20889062	0.16882271	-0.23026487	0.35377720	-2.28331089	-0.57206810	0.93435818	-2.03971648	4.00000000
3.370000	0.02721020	-0.57413697	0.86671793	2.95922399	-0.07859636	0.92967743	0.09167442	0.93748689	-1.70589304	9.93635941	2.28910112	10.23782063	4.00000000	0.01246100	-0.35863149	0.49582136	2.60146451	0.10132001	1.11174405	0.12278780	1.12308383	-2.06033349	7.86593342	0.84656405	7.74784756	4.00000000	-0.02819131	-0.28467086	0.05361531	2.27532220	0.10551442	0.14662170	0.01920744	0.18165942	-1.98480880	-1.28516567	-0.58203614	-2.21556067	5.00000000	-0.01570043	-0.14408660	0.05560764	2.32974124	0.14251071	0.13492019	-0.19930783	0.27970764	-3.81220388	-1.66970181	2.18934584	-4.32401514	4.00000000
3.380000	0.02652082	-0.56433111	0.86782336	2.96911597	-0.09925834	1.02804255	0.11880646	1.03963387	-2.33447456	10.03576565	2.63111329	10.45645237	4.00000000	0.01341061	-0.34695601	0.49704671	2.61324239	0.06535484	1.17734814	0.13546744	1.18691671	-2.67385817	5.52876377	0.30412102	5.35964155	4.00000000	-0.02733103	-0.28339463	0.05382381	2.27687526	0.07788993	0.12611300	0.01357521	0.14884762	-2.04669213	-1.31948137	-0.69184977	-2.22640991	5.00000000	-0.01523210	-0.14298518	0.05386648	2.33185410	0.08600540	0.11133588	-0.16659373	0.21805063	-3.46425676	-1.58862305	2.45821762	-4.29090214	4.00000000
3.390000	0.02563951	-0.55348426	0.86912555	2.98007631	-0.13072151	1.13484311	0.14141649	1.15106714	-2.84163284	10.35366726	2.77873921	10.87847137	4.00000000	0.01385891	-0.33513236	0.49864867	2.62518239	0.03118527	1.22638285	0.14306132	1.23509264	-2.56289601	3.33146429	-0.64045084	3.13723183	4.00000000	-0.02673044	-0.28230098	0.05394123	2.27812839	0.05806246	0.11467362	0.00804554	0.12878673	-1.64901006	-0.92683488	-0.73467761	-1.62141669	5.00000000	-0.01503468	-0.14229003	0.05255065	2.33335543	0.05904277	0.10079592	-0.14104529	0.18313830	-2.17583179	-0.77752411	2.15140748	-2.94117665	4.00000000
3.400000	0.02402311	-0.54180592	0.87061560	2.99195981	-0.16500728	1.24515438	0.16645391	1.26702154	-2.88565207	10.69144726	2.86681771	11.25585270	4.00000000	0.01383556	-0.32238811	0.50008386	2.63800716	0.00560880	1.25425923	0.13332565	1.26133788	-2.02042556	1.30004776	-1.72574246	1.10810792	4.00000000	-0.02626825	-0.28136235	0.05401154	2.27917695	0.04742563	0.11276751	-0.00060499	0.12233588	-1.08712471	-0.57819945	-0.69067812	-0.99719167	5.00000000	-0.01456619	-0.14164707	0.05129804	2.33483934	0.05942452	0.10011618	-0.12528704	0.17103030	-0.90230507	0.00920643	1.68396842	-1.51900375	4.00000000
3.410000	0.02213861	-0.52857196	0.87232375	3.00543594	-0.19943576	1.35002005	0.19799967	1.37896073	-2.48354101	10.68587494	3.00411439	11.23822880	4.00000000	0.01340851	-0.30954784	0.50153345	2.65093613	-0.00884271	1.25375986	0.10577763	1.25824511	-1.89464748	-0.77945685	-2.84250832	-0.94939667	4.00000000	-0.02591784	-0.28022796	0.05399415	2.28036427	0.04029306	0.11340429	-0.01041718	0.12079976	-0.63572925	-0.56195664	-0.59327561	-0.75343382	5.00000000	-0.01378997	-0.14050220	0.05014944	2.33663726	0.06657563	0.10783423	-0.11380569	0.17032990	-0.24630439	0.28035739	1.32206762	-0.80038059	4.00000000
3.420000	0.01976876	-0.51467001	0.87437278	3.01968646	-0.22456533	1.45743215	0.23265181	1.49287140	-1.87794697	10.24322033	3.13888645	10.76206684	4.00000000	0.01331980	-0.29635948	0.50283962	2.66418934	-0.01406296	1.22967899	0.06488611	1.23146999	-2.81871295	-2.81714988	-3.52592778	-2.83086181	4.00000000	-0.02555028	-0.27902830	0.05383570	2.28162885	0.03733360	0.11072730	-0.01658738	0.11802319	-0.44043526	-0.87678820	-0.39590409	-0.94807899	5.00000000	-0.01280037	-0.13914186	0.04895652	2.33869958	0.06785715	0.11835967	-0.10365269	0.17134026	-0.34709850	0.08919487	1.20529723	-0.84954959	4.00000000
3.430000	0.01747098	-0.49934134	0.87690520	3.03539181	-0.23498765	1.56424332	0.26496100	1.60383308	-1.27267408	9.28730869	3.14051747	9.76193523	4.00000000	0.01328260	-0.28424960	0.50307935	2.67630172	-0.02768880	1.18918169	0.02096246	1.18968868	-4.48360634	-4.75222731	-3.35547543	-4.35650826	4.00000000	-0.02516049	-0.27771744	0.05352977	2.28303027	0.03584962	0.09936516	-0.01867137	0.10727185	-0.44859248	-1.36069572	-0.10122614	-1.40972972	5.00000000	-0.01206262	-0.13778813	0.04791437	2.34056044	0.06137233	0.12148867	-0.09246825	0.16454920	-0.80897462	-0.37584397	1.24625158	-1.31107593	4.00000000
3.440000	0.01488994	-0.48345083	0.87989050	3.05176497	-0.23993865	1.66003478	0.29545027	1.70310795	-0.85327041	7.67238522	2.99471021	8.12068367	4.00000000	0.01321876	-0.27284858	0.50298482	2.68770337	-0.08059223	1.13732386	-0.01961241	1.14034438	-6.27867174	-6.49660015	-2.43268514	-5.43575859	4.00000000	-0.02480798	-0.27669019	0.05324547	2.28415298	0.03273257	0.08016650	-0.01749434	0.08834105	-0.56468076	-1.74038839	0.13839142	-1.83295202	5.00000000	-0.01161909	-0.13666637	0.04709795	2.34201694	0.04773440	0.11140703	-0.07942145	0.14490640	-1.14009440	-0.98387760	1.28629124	-1.84864402	4.00000000
3.450000	0.01253024	-0.46612412	0.88308841	3.06954169	-0.24353909	1.73562109	0.32432526	1.78238010	-0.81595713	5.31045485	2.75116396	5.79215145	4.00000000	0.01290521	-0.26198483	0.50218070	2.69860125	-0.17596766	1.06341875	-0.04351884	1.07875764	-7.79793358	-7.74200821	-0.95678484	-5.86837292	4.00000000	-0.02443410	-0.27603078	0.05311293	2.28492260	0.02545263	0.05705158	-0.01334995	0.06388223	-0.77187467	-1.78819203	0.21331935	-1.90021026	5.00000000	-0.01131613	-0.13554688	0.04639895	2.34337115	0.03027113	0.09380989	-0.06393756	0.11749318	-1.20780563	-1.54499590	1.29361498	-2.27442122	4.00000000
3.460000	0.01023061	-0.44801369	0.88631701	3.08808088	-0.25118107	1.77749538	0.35184869	1.82931113	-0.98710030	2.41793180	2.30730867	2.94268131	4.00000000	0.01098075	-0.25125229	0.50160110	2.70952034	-0.27804902	0.97292125	-0.04078845	1.01269484	-8.34642506	-8.56127167	0.73257655	-5.88568878	4.00000000	-0.02419213	-0.27574492	0.05308002	2.28529859	0.01547425	0.03466358	-0.00862200	0.03892756	-0.99500448	-1.48797548	0.15668112	-1.49261463	5.00000000	-0.01101420	-0.13464800	0.04583059	2.34447670	0.01623548	0.07429805	-0.05029629	0.09117845	-1.05901349	-1.81559539	1.25321424	-2.40377378	4.00000000
3.470000	0.00770487	-0.42956725	0.88989729	3.10704064	-0.26368299	1.78544986	0.37635067	1.84363759	-1.02898955	-0.66705048	1.58721995	-0.16878545	4.00000000	0.00706638	-0.24125981	0.50107777	2.72026491	-0.36760131	0.86832625	-0.02302875	0.94321340	-7.26100445	-9.47544003	1.91023350	-6.25473881	4.00000000	-0.02406345	-0.27555680	0.05304517	2.28552914	0.00427620	0.02045507	-0.00696027	0.02202592	-1.12824786	-0.94296974	0.06906532	-0.81174612	5.00000000	-0.01085859	-0.13397865	0.04536437	2.34530711	0.00809535	0.05435745	-0.03901506	0.06739764	-0.73999894	-1.75779831	1.12528920	-2.19577575	4.00000000
3.480000	0.00512389	-0.41141650	0.89378560	3.12578177	-0.28053424	1.75878847	0.39309856	1.82388675	-0.76575327	-3.54279852	0.66778630	-3.16887593	4.00000000	0.00180004	-0.23328009	0.50089008	2.72982764	-0.43812171	0.78264409	0.01605153	0.89707303	-5.12012196	-9.97083569	2.41910148	-6.62904882	4.00000000	-0.02414634	-0.27546704	0.05299266	2.28566217	-0.00850238	0.01622364	-0.00900517	0.02041054	-1.19570065	-0.57502419	-0.07607707	-0.11689992	5.00000000	-0.01093048	-0.13361070	0.04508929	2.34577203	0.00386883	0.03535263	-0.02856323	0.04561397	-0.41789672	-1.54615557	0.94319266	-1.85364950	4.00000000
3.490000	0.00204455	-0.39418730	0.89813673	3.14381671	-0.29126963	1.70421791	0.39375719	1.77320087	-0.11115595	-5.92568207	-0.43501031	-5.79660988	4.00000000	-0.00292467	-0.22671142	0.50137013	2.73793316	-0.48042467	0.68813115	0.05124410	0.84080809	-3.32312369	-9.79653740	2.55737162	-6.33834410	4.00000000	-0.02429832	-0.27535075	0.05287622	2.28588629	-0.02118962	0.01792634	-0.01222795	0.03032947	-1.24956977	-0.64982480	-0.20798500	0.54379433	5.00000000	-0.01104003	-0.13342196	0.04485879	2.34608936	0.00190087	0.02097301	-0.01930122	0.02856603	-0.30081537	-1.26837146	0.79032749	-1.44197416	4.00000000
3.500000	-0.00104467	-0.37740347	0.90234232	3.16139293	-0.29030535	1.62794483	0.38135350	1.69703043	0.85092479	-7.68802834	-1.62937629	-7.89665556	4.00000000	-0.00739391	-0.22109102	0.50178784	2.74512601	-0.48643184	0.57142377	0.06646911	0.75336522	-2.21146059	-10.08987617	1.99501789	-6.05658674	4.00000000	-0.02453882	-0.27517271	0.05273207	2.28621840	-0.03240669	0.02243742	-0.01245768	0.04133794	-1.19310248	-0.88181257	-0.09686314	0.98476309	5.00000000	-0.01102081	-0.13333619	0.04471923	2.34625435	0.00208186	0.01117910	-0.01232683	0.01677072	-0.43942007	-0.89158559	0.67156696	-0.79732060	4.00000000
3.510000	-0.00415464	-0.36131892	0.90612781	3.17820716	-0.27492175	1.53873289	0.35872558	1.60373473	1.77639675	-8.73190880	-2.66362619	-9.26564503	4.00000000	-0.01207372	-0.21400005	0.50355518	2.75380397	-0.48308972	0.47641122	0.08389354	0.68365300	-1.23846126	-10.53501797	0.85008806	-6.00043297	3.00000000	-0.02493737	-0.27488601	0.05254268	2.28674459	-0.04569557	0.00560681	-0.01661684	0.04894529	-0.88037807	-0.96459889	0.21633469	0.85215312	5.00000000	-0.01088299	-0.13325430	0.04463257	2.34643650	-0.00042129	0.00365948	-0.00725826	0.00813951	-0.75218993	-0.48905614	0.57299960	-0.01457486	4.00000000
3.520000	-0.00685031	-0.34619695	0.90924662	3.19388103	-0.24644962	1.44186854	0.32470772	1.49838495	2.65980363	-8.98882103	-3.66795349	-9.83312321	4.00000000	-0.01739217	-0.20996147	0.50399053	2.76049614	-0.50423014	0.38048625	0.09734333	0.63913500	-0.22927845	-9.22393513	0.06049778	-5.38066053	3.00000000	-0.02542128	-0.27461094	0.05239031	2.28732181	-0.05758510	-0.01798669	-0.01629845	0.06249164	-0.36863825	-0.97463441	0.47732273	0.35215023	5.00000000	-0.01077321	-0.13320357	0.04459736	2.34656239	-0.00925540	-0.00040072	-0.00250960	0.00959797	-1.12665856	-0.21427085	0.48970085	0.66550630	4.00000000
3.530000	-0.00912243	-0.33221382	0.91239458	3.20839310	-0.21262573	1.34546697	0.28371412	1.39139664	3.59102154	-8.37392521	-4.77962875	-9.48330116	4.00000000	-0.02223717	-0.20719869	0.50460774	2.76610756	-0.52547067	0.26211292	0.08701930	0.59362864	0.91876781	-6.48062801	-0.56830090	-4.67664528	3.00000000	-0.02604932	-0.27444705	0.05236496	2.28797126	-0.06211904	-0.03175711	-0.00643761	0.07006235	0.19054344	-0.73356301	0.70876306	-0.09294903	5.00000000	-0.01085020	-0.13322313	0.04459449	2.34664178	-0.02550531	0.00122910	0.00243398	0.02565065	-1.40748227	-0.06406545	0.40815198	1.16780162	4.00000000
3.540000	-0.01099753	-0.31963897	0.91521984	3.22141719	-0.18209009	1.25747919	0.23731390	1.29256666	4.06925488	-6.80907631	-5.53188467	-7.97315121	4.00000000	-0.02748151	-0.20515957	0.50594962	2.77189207	-0.51635146	0.17996915	0.06893028	0.55114347	3.14490747	-3.36680269	-1.68084526	-4.73535061	3.00000000	-0.02693475	-0.27591193	0.05191035	2.28974223	-0.05250411	-0.02888689	0.00649042	0.06027653	0.82889217	0.06791000	0.93828177	-0.46679536	4.00000000	-0.01126078	-0.13338460	0.04462023	2.34708381	-0.04486452	0.00439112	0.00723923	0.04565647	-1.41644347	0.04099206	0.31525749	1.37095356	4.00000000
3.550000	-0.01255523	-0.30775583	0.91760540	3.23363709	-0.13376051	1.19024789	0.17037788	1.20979774	4.21417189	-4.43445349	-5.86732769	-5.46159029	4.00000000	-0.03323992	-0.20480369	0.50661761	2.77769995	-0.46965575	0.17942227	0.05662143	0.50593960	6.45147276	1.05245090	-2.62357450	-3.86111236	3.00000000	-0.02753955	-0.27627099	0.05220217	2.29050374	-0.03683662	-0.02391934	0.01608121	0.04677260	1.48526144	0.89502871	0.92936116	-0.56950510	4.00000000	-0.01183667	-0.13333206	0.04470769	2.34766865	-0.06223006	0.00443297	0.01013161	0.06320507	-1.08339822	0.07029931	0.19915822	1.10717535	4.00000000
3.560000	-0.01390701	-0.29627088	0.91911811	3.24529982	-0.07864027	1.15430152	0.09694944	1.16103208	4.63693380	-1.74832332	-6.03779602	-2.54477954	4.00000000	-0.03831837	-0.20349939	0.50729376	2.78298664	-0.39222953	0.23016047	0.03149658	0.45586169	9.20399666	6.53559542	-2.49136305	-0.60925335	3.00000000	-0.02794348	-0.27672955	0.05247926	2.29117465	-0.02110701	-0.01382182	0.02522276	0.03567543	1.83278143	1.11517024	0.76563400	-0.23150086	4.00000000	-0.01266633	-0.13311096	0.04488232	2.34854484	-0.07259312	0.00304940	0.01091628	0.07347261	-0.47898242	0.02823108	0.05809721	0.48307413	4.00000000
3.570000	-0.01507329	-0.28515518	0.91970539	3.25649190	-0.04045740	1.15806556	0.03966590	1.15945077	4.78830719	0.74167746	-5.56969929	0.28010607	4.00000000	-0.04218761	-0.20126531	0.50717700	2.78745604	-0.26611102	0.30925980	-0.01507451	0.40826944	10.47022057	10.63797188	-1.96854591	3.43128371	3.00000000	-0.02756132	-0.27558917	0.05306556	2.29251266	0.00051356	0.00846659	0.03237476	0.03346748	1.82253695	0.93853092	0.70536864	0.29729408	5.00000000	-0.01344368	-0.13294628	0.04504289	2.34935546	-0.07338693	0.00312701	0.01048961	0.07419873	0.22473279	0.04983051	-0.06407388	-0.22793244	4.00000000
3.580000	-0.01418520	-0.27371961	0.91888243	3.26799130	0.00519273	1.19096994	-0.01390527	1.19106245	4.35160542	2.80599380	-4.39823627	2.71124434	3.00000000	-0.04386096	-0.19708942	0.50689393	2.79196358	-0.12633595	0.45185497	-0.04832943	0.47166663	10.48470211	12.64598751	-2.01462698	7.10986233	3.00000000	-0.02756925	-0.27576938	0.05328349	2.29279566	0.02378619	0.02302627	0.03564410	0.04864663	1.82996786	1.02243412	0.81630009	1.05179632	5.00000000	-0.01429224	-0.13305755	0.04512950	2.35021567	-0.06545080	0.00380352	0.00903731	0.06618117	0.85078365	0.19464973	-0.10925972	-0.79654789	4.00000000
3.590000	-0.01398903	-0.26208445	0.91862887	3.27963090	0.05980071	1.23448443	-0.05914221	1.23734629	4.38771057	4.28581238	-3.48095560	4.49675798	3.00000000	-0.04437808	-0.19167520	0.50654662	2.79741359	-0.01731738	0.62435901	-0.03889402	0.62580895	9.04909897	13.89030266	-1.78276980	10.88891506	3.00000000	-0.02744656	-0.27582079	0.05348156	2.29303432	0.03977786	0.02218112	0.04231855	0.06217025	1.86263692	1.14741135	1.06652164	1.92238712	5.00000000	-0.01492703	-0.13322802	0.04515553	2.35087347	-0.05119305	0.00553665	0.00678751	0.05193701	1.25656581	0.37796435	-0.07715986	-0.99348724	4.00000000
3.600000	-0.01352800	-0.24903731	0.91825438	3.29269147	0.09605147	1.28060162	-0.08043100	1.28671503	4.86762047	5.19039297	-2.83916450	5.65389156	3.00000000	-0.04274926	-0.18644042	0.50471497	2.80319381	0.05700771	0.76821429	-0.03835410	0.77128083	6.29205751	13.89096832	-1.06100178	13.09153843	4.00000000	-0.02695758	-0.27561873	0.05382156	2.29366326	0.05270629	0.02148499	0.05339648	0.07804320	1.68716931	1.07185769	1.47964883	2.43728757	5.00000000	-0.01536840	-0.13316382	0.04520458	2.35132217	-0.03462766	0.01000625	0.00533527	0.03643714	1.38847232	0.54000521	0.01182210	-0.79160458	4.00000000
3.610000	-0.01231978	-0.23569217	0.91723621	3.30612993	0.13247645	1.33530307	-0.09446640	1.34517968	5.08946943	5.94011116	-1.99146307	6.58566904	3.00000000	-0.04186926	-0.17623101	0.50491041	2.81344295	0.10638557	0.88990790	-0.07162590	0.89910191	3.74055076	11.68851185	-1.31756961	11.85269260	4.00000000	-0.02624059	-0.27528322	0.05447033	2.29468679	0.07223971	0.04358267	0.07192368	0.11086497	1.34585977	1.14944649	2.00003743	2.67184043	5.00000000	-0.01557800	-0.13287878	0.04527869	2.35168362	-0.01857046	0.01760833	0.00602084	0.02629003	1.24923646	0.67216003	0.16225931	-0.36895740	4.00000000
3.620000	-0.01089620	-0.22221141	0.91600698	3.31974125	0.19318952	1.39694405	-0.12050916	1.41537881	5.46461201	6.85092974	-1.25562608	7.64093590	3.00000000	-0.04091113	-0.16644092	0.50557655	2.82330227	0.12098417	1.01705420	-0.08516014	1.02775908	2.07151031	8.93927479	-1.80187488	9.21031094	3.00000000	-0.02532713	-0.27480522	0.05538120	2.29606247	0.09047815	0.06359989	0.09487982	0.14571692	0.89664561	1.38928354	2.54419541	2.94131565	5.00000000	-0.01561079	-0.13258232	0.04533799	2.35198784	-0.00615330	0.02611714	0.00865472	0.02819348	0.90007895	0.73869079	0.34725448	0.12210613	4.00000000
3.630000	-0.00874265	-0.20847137	0.91465545	3.33371449	0.25609991	1.46828592	-0.13565917	1.49661422	6.16065073	7.65280390	-0.60113454	8.60795689	3.00000000	-0.03988199	-0.15541884	0.50424922	2.83445168	0.11751245	1.10167205	-0.09614874	1.11208594	0.99096715	6.72027826	-0.67315346	6.82220268	3.00000000	-0.02445837	-0.27411863	0.05641998	2.29758072	0.09984029	0.07693966	0.12285762	0.17601645	0.25957796	1.33008540	3.19823456	3.20695686	5.00000000	-0.01559618	-0.13237442	0.04540025	2.35220528	0.00180126	0.03429502	0.01301725	0.03672658	0.45577991	0.85427403	0.58186626	0.71777439	4.00000000
3.640000	-0.00586977	-0.19367896	0.91329259	3.34884477	0.31999052	1.55261075	-0.13773043	1.59121454	6.71264315	8.09345150	0.52086902	9.22086430	3.00000000	-0.03824364	-0.14440690	0.50222892	2.84576654	0.12543824	1.13330781	-0.12450515	1.14700603	0.63653767	4.45488644	1.06688511	4.43837833	3.00000000	-0.02335771	-0.27311501	0.05761737	2.29949188	0.09626053	0.08498877	0.15585847	0.20194317	-0.55436283	1.03450418	4.04639816	3.60625792	5.00000000	-0.01553613	-0.13213362	0.04551896	2.35248041	0.00310071	0.04134600	0.01960505	0.04586354	-0.00854214	0.56006712	0.51717573	0.69172180	4.00000000
3.650000	-0.00225826	-0.17758694	0.91168755	3.36541510	0.38640195	1.64575016	-0.12777348	1.69532478	7.08311367	8.38373852	1.96441376	9.68895054	3.00000000	-0.03706330	-0.13263711	0.50055575	2.85771322	0.13181032	1.15867388	-0.11173983	1.17148829	1.06090677	2.49154353	2.39847326	2.53562617	3.00000000	-0.02213743	-0.27205780	0.05925772	2.30179358	0.08298324	0.09373103	0.19614302	0.23268822	-1.29560542	1.05311108	5.14380884	4.50635719	5.00000000	-0.01545028	-0.13165048	0.04573647	2.35301709	-0.00058248	0.04782602	0.02739699	0.05512044	-0.47513387	-0.23656961	0.08544893	0.09230717	4.00000000
3.660000	0.00204695	-0.16011615	0.91044569	3.38345122	0.45658451	1.73035288	-0.10085205	1.79241776	7.43377876	8.57550240	3.27326894	10.09003448	3.00000000	-0.03569590	-0.12063305	0.49931458	2.86985850	0.14253864	1.17238474	-0.05565981	1.18232870	1.76256084	1.87294078	4.18399239	2.05851889	3.00000000	-0.02127535	-0.27122816	0.06140987	2.30425596	0.06551561	0.10147492	0.25219861	0.27963117	-1.64697182	1.56400537	6.61702728	6.13691807	5.00000000	-0.01541894	-0.13097838	0.04608243	2.35377359	-0.00749736	0.05930612	0.03784311	0.07074975	-0.90818131	-0.45017764	-0.03446551	0.09893430	4.00000000
3.670000	0.00677986	-0.14240420	0.90923506	3.40182447	0.53781998	1.80852783	-0.05733718	1.88767338	7.84856129	8.72854328	4.67143393	10.53442574	3.00000000	-0.03453785	-0.10890359	0.49929687	2.88164496	0.16033824	1.18649554	0.00240554	1.19728267	2.50998354	2.56770730	6.21441269	3.05040359	3.00000000	-0.02082237	-0.27036279	0.06416066	2.30717492	0.04311863	0.11370852	0.32354903	0.34564841	-1.53074479	2.59908962	8.64666748	8.58669567	5.00000000	-0.01554223	-0.13035662	0.04651373	2.35454035	-0.01808698	0.03436642	0.02390540	0.04560327	-1.23941576	-0.04099315	0.15086456	0.58585936	4.00000000
3.680000	0.01229286	-0.12380528	0.90892166	3.42122579	0.61933380	1.89349854	-0.00333389	1.99221539	8.40857315	9.22115421	6.23325586	11.44702911	3.00000000	-0.03300451	-0.09725995	0.49998215	2.89340901	0.18933766	1.20170867	0.06182839	1.21810317	3.21875119	4.53960085	7.91481543	5.59911823	3.00000000	-0.02074488	-0.26919001	0.06750166	2.31071663	0.02359574	0.13999715	0.41488123	0.43850017	-1.09924030	4.34798336	11.12802601	11.71903038	5.00000000	-0.01578142	-0.12981248	0.04696175	2.35528469	-0.03314266	0.01006462	0.01016079	0.03609673	-1.40448749	0.37951252	0.18638238	0.94103283	4.00000000
3.690000	0.01890336	-0.10539154	0.90920556	3.44079232	0.70106417	1.98489082	0.05848755	2.10587358	8.74691677	10.14685726	7.58192301	12.78378296	3.00000000	-0.03074783	-0.08533553	0.50104171	2.90559125	0.23099594	1.24224603	0.13924439	1.27118969	3.77345872	8.02509880	9.80034161	9.84963322	3.00000000	-0.02058521	-0.26781136	0.07202015	2.31544352	0.01511957	0.18739277	0.53414911	0.56626844	-0.22955905	7.18468380	13.67973328	15.33380508	5.00000000	-0.01616243	-0.12921657	0.04743765	2.35613728	-0.05103526	0.02972210	0.02327294	0.06347938	-1.20832014	1.90524185	0.74368685	2.32085872	4.00000000
3.700000	0.02677549	-0.08493172	0.91022587	3.46273804	0.79165775	2.09131408	0.14489591	2.24082828	8.52907085	11.04456615	8.35579967	13.87702560	3.00000000	-0.02834674	-0.07299375	0.50205040	2.91820478	0.27659991	1.32828951	0.24238576	1.37826395	4.14806080	13.07695484	11.49194145	15.48491478	3.00000000	-0.02054960	-0.26576000	0.07755050	2.32134223	0.01682720	0.26344955	0.68945777	0.73826879	1.22278106	11.04323959	16.23333931	19.45813179	5.00000000	-0.01670119	-0.13110681	0.04621604	2.35845160	-0.06729923	0.05870325	0.03850559	0.09725193	-0.31023031	4.75496292	2.26522613	5.03699493	3.00000000
3.710000	0.03496762	-0.06330103	0.91173989	3.48591757	0.88851869	2.21291780	0.24617413	2.39730525	7.79409218	11.62621212	8.25598049	14.33370495	3.00000000	-0.02528988	-0.05968621	0.50428903	2.93204117	0.31715506	1.48160172	0.38284111	1.56278539	3.91454005	19.66543770	11.40279388	21.91199112	3.00000000	-0.02033777	-0.26317176	0.08506771	2.32929540	0.02912798	0.38382113	0.87341243	0.95447177	3.26356649	15.88328075	18.68147278	24.18650246	5.00000000	-0.01752189	-0.12993461	0.04696530	2.36006689	-0.07487310	0.10290568	0.05361624	0.13809511	1.62771070	7.16031408	4.13762188	7.79308081	3.00000000
3.720000	0.04408737	-0.04049854	0.91414565	3.51059365	0.97193348	2.34045792	0.34435987	2.55753422	5.93108463	11.85730076	6.89468241	13.83625603	3.00000000	-0.02177823	-0.04486891	0.50867176	2.94788718	0.35937232	1.70562518	0.53815246	1.82425702	3.03571391	27.66039658	8.75862694	28.93763542	3.00000000	-0.02007449	-0.25918475	0.09448367	2.33952403	0.06599819	0.56696731	1.07014322	1.21285379	5.73858118	22.47743034	20.26651382	29.57642555	5.00000000	-0.01850730	-0.12819999	0.04803561	2.36233091	-0.05990607	0.19962011	0.09658013	0.22970557	4.65349150	9.86238289	6.90061474	11.94118500	3.00000000
3.730000	0.05421786	-0.01634934	0.91872293	3.53717875	1.02826405	2.46128893	0.41590580	2.69967556	2.34860873	11.55198002	4.11730528	12.03713608	3.00000000	-0.01815900	-0.02738068	0.51538539	2.96696615	0.39602616	2.01546454	0.64723343	2.15356565	2.70971417	36.42893219	3.55206990	36.44385147	3.00000000	-0.01960628	-0.25328144	0.10658524	2.35299683	0.13293071	0.80870384	1.28838181	1.52695787	10.66829681	29.96353149	19.84337425	35.06998825	5.00000000	-0.01938548	-0.12578674	0.04935167	2.36521649	-0.00579751	0.31801522	0.17197514	0.36158365	8.26396942	14.79078770	11.04027176	19.02345467	3.00000000
3.740000	0.06561568	0.00853617	0.92395723	3.56504631	1.05299246	2.57362962	0.44453838	2.81602144	-2.27128053	10.49887276	0.59830344	9.17845535	3.00000000	-0.01387779	-0.00585830	0.52408117	2.99057031	0.40760076	2.41705513	0.65364289	2.53683710	3.78768611	44.23125839	-3.45478654	43.16461563	3.00000000	-0.01841383	-0.24433152	0.12053350	2.36961246	0.24334033	1.13286042	1.51359475	1.90618896	18.18582153	36.83163452	16.98651314	40.20507813	5.00000000	-0.01966371	-0.12220533	0.05083398	2.36910248	0.10116135	0.44557494	0.28978750	0.54106140	11.58321953	22.57218742	15.51330853	28.65964890	3.00000000
3.750000	0.07681794	0.03509720	0.92948359	3.59439802	1.00709724	2.67936087	0.42664307	2.89400148	-6.42597294	8.77393055	-2.66784263	6.00584745	3.00000000	-0.00939051	0.01950584	0.53207129	3.01753902	0.41189498	2.92984891	0.56358624	3.01186013	5.26112127	49.07830048	-9.42370129	47.40713501	3.00000000	-0.01560444	-0.23151208	0.13635851	2.39017129	0.39869782	1.57944119	1.70460176	2.35780859	23.57316017	44.17875671	11.28775024	44.76895523	5.00000000	-0.01854964	-0.11774789	0.05302829	2.37419415	0.25468564	0.66388488	0.48156050	0.85878313	13.89613819	34.27431488	18.70035744	40.84295273	3.00000000
3.760000	0.08716574	0.06266468	0.93338931	3.62410140	0.89251143	2.76824427	0.36471039	2.93134212	-9.48976707	6.61827707	-4.62390661	3.01836920	3.00000000	-0.00497494	0.05089702	0.53741854	3.04968715	0.47233769	3.50619054	0.39145151	3.55945349	6.60905123	49.68420792	-11.51909447	48.16918945	3.00000000	-0.01125940	-0.21516581	0.15514775	2.41545200	0.74728364	2.05887222	1.80212712	2.83637977	25.32002640	51.93932724	1.63336289	48.06990051	5.00000000	-0.01542238	-0.11114168	0.05808761	2.38308334	0.42495686	1.02476621	0.71841979	1.32168877	14.65120983	50.50579453	18.64608192	55.53167343	3.00000000
3.770000	0.09610059	0.09076278	0.93619895	3.65371943	0.74686503	2.82413530	0.28990903	2.93557405	-11.17740250	3.78989768	-4.85050106	0.08731285	3.00000000	-0.00136581	0.08795497	0.53934783	3.08697033	0.59028286	4.05649185	0.20118901	4.10414886	8.29997921	45.31483078	-9.52976894	44.68076706	3.00000000	-0.00383959	-0.19210927	0.17515740	2.44686937	1.13698304	2.58068180	1.79168499	3.34107518	24.51149750	57.54466629	-11.69964218	49.55798721	5.00000000	-0.00977010	-0.10095757	0.06699633	2.39774728	0.58221972	1.59859002	0.96091068	1.95392406	13.31264496	69.00700378	13.71162415	70.62713623	3.00000000
3.780000	0.10185964	0.12003321	0.93866134	3.68365240	0.62806088	2.84694028	0.22377470	2.92397070	-10.72830391	0.33886829	-3.97968268	-2.68998742	3.00000000	0.00341583	0.13373637	0.53981978	3.13300323	0.69077218	4.50333691	0.10043382	4.55711508	8.70524693	35.76945877	-4.57433748	36.09324265	3.00000000	0.00663712	-0.16167501	0.19489712	2.48462725	1.36354971	3.21508884	1.63312578	3.85527730	16.75868988	61.87258530	-26.08143425	50.51642227	5.00000000	-0.00237693	-0.08424314	0.07924803	2.41975045	0.71597672	2.41533399	1.12487376	2.75894952	9.87040901	86.21380615	4.41746092	83.82410431	3.00000000
3.790000	0.10674433	0.14846089	0.94026464	3.71254110	0.52768111	2.83924770	0.20063369	2.89482784	-8.60987854	-3.07754064	-2.84336185	-5.09643126	3.00000000	0.01258099	0.18323565	0.53857297	3.18335938	0.77534187	4.81666183	0.11291007	4.87997293	6.09617901	23.14346313	1.88311005	23.87824440	2.00000000	0.03063722	-0.12922879	0.21059166	2.52792954	1.49251342	3.89125323	1.27622688	4.35869265	1.52553320	66.53385925	-39.03559494	52.81513977	4.00000000	0.00564561	-0.05782725	0.09277495	2.45049357	0.81094766	3.43314981	1.12537467	3.70278573	5.01476479	98.80045319	-6.97349930	93.37976074	3.00000000
3.800000	0.11069053	0.17704016	0.94232303	3.74146485	0.44742560	2.78360939	0.20318577	2.82665086	-6.65240049	-6.23474693	-1.75570118	-7.47814560	3.00000000	0.02302968	0.23444474	0.53900635	3.23562527	0.85296249	4.98081350	0.19927917	5.05724812	2.39984870	10.66913605	7.10486269	11.36317635	2.00000000	0.04685165	-0.08694591	0.22299802	2.57488346	1.49424517	4.55558157	0.75467438	4.85341406	-11.97199631	68.86929321	-49.02248764	56.05115509	4.00000000	0.01396419	-0.01839844	0.10587734	2.49286699	0.84275663	4.55569983	0.94897735	4.72918558	-0.56460500	103.88951874	-17.69030762	97.25510406	3.00000000
3.810000	0.11641355	0.20487487	0.94353217	3.76990747	0.40427464	2.69771504	0.19560853	2.73484325	-5.56654692	-8.91248322	-1.18886805	-9.74887562	4.00000000	0.03143328	0.28411427	0.54225743	3.28610539	0.85926348	4.98341036	0.32083392	5.06711435	-0.36698925	-0.09503365	9.38841534	0.49588281	2.00000000	0.06085737	-0.03749857	0.22870855	2.62659240	1.22281086	5.26741600	0.16610150	5.41003942	-21.27665520	68.75242615	-52.94790268	59.68983841	4.00000000	0.02299932	0.03425351	0.11517517	2.54709172	0.80059421	5.67898035	0.65957272	5.77293730	-6.18058968	100.79542542	-24.33302879	94.78643036	3.00000000
3.820000	0.11997839	0.23174620	0.94650358	3.79717660	0.37380034	2.59122515	0.17371029	2.62380457	-4.56398344	-10.46231365	-1.58180141	-11.07759857	4.00000000	0.03951102	0.33395150	0.54701400	3.33681655	0.79534566	4.89249611	0.44205186	4.97639465	-2.82933640	-9.25765419	9.47522259	-8.78149605	2.00000000	0.07098955	0.01936802	0.22662638	2.68439221	0.83011371	5.99152517	-0.42375562	6.06358242	-28.45546341	68.13832855	-48.92619324	63.10350418	4.00000000	0.03188327	0.09867671	0.11968723	2.61228085	0.69614685	6.70494080	0.33483660	6.74929380	-10.63287544	91.17549896	-24.25856209	86.86595917	3.00000000
3.830000	0.12325763	0.25689664	0.94857359	3.82262421	0.32454982	2.46513653	0.15614529	2.49130726	-3.92019200	-10.69298744	-1.93098056	-11.20250797	4.00000000	0.04678594	0.38329655	0.55267376	3.38701510	0.73591477	4.75885344	0.52659160	4.84412575	-4.71491003	-16.52620506	8.17306900	-16.15612411	2.00000000	0.07729429	0.08301854	0.21773018	2.74897003	0.53328764	6.65433788	-0.95585132	6.74375725	-29.90599060	65.30853271	-38.67855072	63.68462372	4.00000000	0.03906618	0.17172383	0.11962311	2.68568039	0.54600316	7.56719828	0.04710617	7.58701706	-12.95043182	76.41445160	-19.56698990	73.88233948	3.00000000
3.840000	0.12597205	0.28101271	0.94972491	3.84691978	0.27132803	2.34762216	0.13635904	2.36718035	-3.93758368	-9.84289646	-1.53329551	-10.31465530	4.00000000	0.05412387	0.43042743	0.55780929	3.43498945	0.69994503	4.57860756	0.58975369	4.66919470	-5.02193880	-21.78227425	6.06773996	-21.39372826	2.00000000	0.08037755	0.15295102	0.20434092	2.82023954	0.24026905	7.31177711	-1.30517972	7.43123865	-25.19574928	58.55839920	-23.97981071	58.81163788	4.00000000	0.04324524	0.25256628	0.11776259	2.76665211	0.38174903	8.25271416	-0.12848532	8.26253796	-12.54298496	59.70471573	-11.96971798	58.44319153	3.00000000
3.850000	0.12862788	0.30333531	0.95026016	3.86940622	0.24137048	2.25001073	0.10937651	2.26556206	-3.88958454	-7.88586903	-1.11341095	-8.30742931	4.00000000	0.06098580	0.47566628	0.56347394	3.48109508	0.65631247	4.32406235	0.64637607	4.42109299	-4.36349249	-26.05462265	3.63571429	-25.65419579	2.00000000	0.08111851	0.22924048	0.18794487	2.89827442	-0.01043746	7.91170263	-1.45382714	8.04417610	-19.60627556	48.79952621	-5.96537638	48.61122131	4.00000000	0.04525350	0.33910248	0.11498185	2.85325623	0.24297851	8.77210712	-0.14652163	8.77669525	-10.11786556	45.29571915	-2.65674615	44.74113083	3.00000000
3.860000	0.13089041	0.32520610	0.95117795	3.89141297	0.20931710	2.18034029	0.10573168	2.19291496	-3.50336981	-5.23966122	-1.24978709	-5.59210348	4.00000000	0.06734882	0.51794910	0.57009739	3.52436399	0.60739207	4.01884174	0.67712611	4.12049913	-3.78748512	-29.55383873	0.41655895	-29.41246986	2.00000000	0.08018244	0.31145599	0.17100120	2.98222303	-0.17213963	8.38168144	-1.41856325	8.50261974	-14.12745476	33.82134628	10.94730663	32.21508408	4.00000000	0.04609079	0.43058303	0.11254282	2.94477320	0.14745654	9.07363033	-0.15303522	9.07611847	-8.39940834	35.53911591	2.70555687	35.26227188	3.00000000
3.870000	0.13292068	0.34649670	0.95243728	3.91283727	0.17517966	2.14183187	0.11077075	2.15183687	-3.33866930	-2.46234322	-1.67547536	-2.76620579	4.00000000	0.07352068	0.55684292	0.57797331	3.56452441	0.56003934	3.69703269	0.68509078	3.80145288	-3.35126853	-31.10324287	-4.05239439	-31.49750328	2.00000000	0.07642028	0.40057209	0.15706465	3.07250071	-0.27147871	8.67858982	-1.18738437	8.76364708	-6.19482470	18.35055733	27.81776810	15.86988735	4.00000000	0.04734703	0.52477771	0.11174113	3.03897977	0.12519267	9.31408596	-0.02785772	9.31496906	-4.85661173	28.05624008	8.45180416	27.92043686	3.00000000
3.880000	0.13445824	0.36760056	0.95387685	3.93404603	0.13810743	2.13710356	0.10021676	2.14390492	-3.49859476	0.22502938	-2.36990786	-0.04232128	4.00000000	0.07833897	0.59199512	0.58594990	3.60089087	0.53548449	3.36474824	0.63416708	3.46560836	-2.97393107	-29.99087143	-8.64056396	-30.92398453	2.00000000	0.07215644	0.49087599	0.14500795	3.16370559	-0.32038072	8.77248383	-0.79751670	8.81448555	1.62928534	0.98453754	41.77014923	-1.18367672	3.00000000	0.04861405	0.61960948	0.11356071	3.13383746	0.10292880	9.55454159	0.09731978	9.55559158	-1.31381512	20.57336426	14.19805145	20.57860184	3.00000000
3.890000	0.13567340	0.38885584	0.95511162	3.95537186	0.10459497	2.15453696	0.06220589	2.15797114	-3.63649821	2.54390621	-3.33324623	2.33188868	4.00000000	0.08335967	0.62328672	0.59179324	3.63311696	0.51975656	3.04896712	0.50633401	3.13412213	-2.87624884	-26.39923668	-12.40506268	-27.71128082	2.00000000	0.06936514	0.58040488	0.13835733	3.25352454	-0.28783932	8.55425835	-0.37834370	8.56745720	6.21781921	-29.39674759	41.35598755	-30.77072144	3.00000000													1.00000000
3.900000	0.13640879	0.41021049	0.95572066	3.97674775	0.06978475	2.19537783	0.01161645	2.19651723	-3.77154231	4.38007307	-3.82991362	4.24229097	4.00000000	0.08806267	0.65237564	0.59705853	3.66305041	0.49977964	2.78559709	0.32249588	2.84839153	-3.43366647	-20.91012573	-14.81024742	-22.42277145	2.00000000	0.06591980	0.66620702	0.13770440	3.33939838	-0.10480943	8.45625114	0.33761486	8.46363735	9.40437412	-61.98623276	31.27491760	-62.65802383	2.00000000													1.00000000
3.910000	0.13695787	0.43243220	0.95534211	3.99897957	0.03072955	2.25176096	-0.03644725	2.25226545	-4.03728628	5.89813566	-3.14549732	5.84447575	4.00000000	0.09396065	0.67800975	0.59874570	3.68940830	0.46153682	2.59816051	0.14988929	2.64308929	-4.88307667	-15.07631302	-14.76815319	-16.54861832	2.00000000	0.06472978	0.74738950	0.14258549	3.42073607	0.04106214	7.76243114	0.76038498	7.79969311	11.45630550	-85.20297241	20.18480110	-85.34088135	2.00000000													1.00000000
3.920000	0.13729368	0.45509869	0.95429081	4.02167273	-0.01014310	2.31741738	-0.07270426	2.31857967	-4.52386475	7.34160328	-1.46553755	7.37999868	4.00000000	0.09881505	0.70252573	0.59911972	3.71440315	0.40787220	2.50717092	-0.00497202	2.54013586	-6.40217972	-10.55603981	-12.99216843	-11.67059898	2.00000000	0.06510168	0.81992894	0.15096529	3.49375892	0.11086718	6.32247448	0.61641878	6.35342026	8.89657211	-113.40319824	-1.49568987	-113.26068115	2.00000000													1.00000000
3.930000	0.13700327	0.47879899	0.95321715	4.04539919	-0.05578026	2.39442897	-0.08165289	2.39647007	-5.06458235	8.83033466	0.51095557	8.97088242	4.00000000	0.10275170	0.72611016	0.59712720	3.73839664	0.33160907	2.46894693	-0.12001245	2.49400616	-7.50067806	-8.70974445	-11.44389153	-9.21165466	2.00000000	0.07265975	0.90838581	0.18064889	3.58736897	0.21213317	5.03842163	0.47670862	5.06536722	4.06785345	-136.53195190	-26.66069603	-133.00926208	3.00000000	0.07081640	1.01932967	0.19705793	3.54278851	0.48048714	3.86577940	0.83720696	3.98447418	-4.04788446	-105.57305145	-67.18553162	-110.78658295	3.00000000
3.940000	0.13616119	0.50300628	0.95233238	4.06963730	-0.10836522	2.48544025	-0.05507966	2.48841119	-5.48041821	10.19890308	2.62414742	10.44850922	4.00000000	0.10482977	0.75045091	0.59591246	3.76285601	0.23351298	2.41608214	-0.18997639	2.43476343	-8.57215786	-10.30350685	-10.07125854	-10.14320374	2.00000000	0.07199664	0.92878824	0.17099449	3.60995007	0.26035321	3.73399997	0.22395638	3.74975944	1.99405372	-125.69205475	-31.42197990	-119.59018707	5.00000000	0.07626514	1.06116438	0.20726842	3.58619452	0.43275580	2.83632278	0.18347427	2.87500739	-4.75825691	-85.99143219	-55.25166702	-80.86030579	4.00000000
3.950000	0.13482794	0.52799517	0.95166314	4.09467077	-0.17045587	2.59851241	-0.01169642	2.60412335	-5.62136507	10.38420582	4.83673716	10.77736187	4.00000000	0.10702606	0.77675009	0.59305525	3.78940105	0.15095994	2.32045150	-0.27997839	2.34215117	-9.67915249	-13.36866283	-7.59067011	-12.80167675	3.00000000	0.07454498	0.95064569	0.16551891	3.63262653	0.20400590	2.05391097	-0.44139162	2.11068583	-0.12577523	-100.72292328	-25.29396629	-94.65650177	5.00000000	0.07991919	1.08786023	0.20815261	3.61315370	0.38502446	1.80686605	-0.47025841	1.90634513	-5.46862936	-66.40981293	-43.31780624	-50.93402863	4.00000000
3.960000	0.13284713	0.55433118	0.95177019	4.12108135	-0.23346952	2.72774148	0.04055599	2.73801517	-5.36170244	8.52372837	6.81847811	9.14565468	4.00000000	0.10785897	0.80036145	0.59136307	3.81308770	0.06127804	2.14137816	-0.39212304	2.17784667	-10.52021503	-14.40667248	-3.92826676	-13.80121231	3.00000000	0.07650252	0.96614802	0.16025472	3.64911485	0.16965990	0.98022467	-0.85336947	1.31067324	-3.26935267	-79.59588623	-20.13697243	-73.62248993	5.00000000	0.08339384	1.10327053	0.20169362	3.63022041	0.36273095	1.42323077	-0.73504633	1.64239228	-7.03748894	-58.36419296	-36.74526215	-42.17722321	4.00000000
3.970000	0.13043308	0.58207530	0.95265561	4.14894438	-0.28951100	2.84212565	0.11384039	2.85910034	-4.72068405	4.96381283	8.45489788	5.91376019	4.00000000	0.10841127	0.82107484	0.58730614	3.83420181	-0.04902705	1.91240799	-0.45373288	1.96610820	-11.64785099	-12.38591480	1.45280933	-11.75106907	3.00000000	0.07797586	0.97087115	0.15068893	3.65988445	0.18385425	0.77007562	-0.73878860	1.08287919	-4.02553797	-49.29865646	-6.51531696	-45.94578552	5.00000000	0.08696301	1.10865593	0.18946439	3.64405131	0.26561165	0.79755384	-1.15450835	1.42812157	-7.59663105	-35.37511826	-19.18013573	-21.60617828	4.00000000
3.980000	0.12680374	0.61187845	0.95387256	4.17899227	-0.33225769	2.87677741	0.21200676	2.90365124	-3.96001267	0.45499006	9.62913990	1.78260994	3.00000000	0.10814210	0.83839434	0.58074242	3.85272527	-0.17638342	1.75538111	-0.41019517	1.81127965	-12.57148933	-7.82244682	8.34212589	-6.92592955	3.00000000	0.08035147	0.97145516	0.14021055	3.67064452	0.11797895	0.51375079	-0.67383009	0.85551500	-3.31881595	-19.18156433	10.21108627	-22.23990822	5.00000000	0.09049709	1.10822129	0.17194799	3.66192603	0.16171274	0.55253404	-1.28909028	1.41180682	-7.41982746	-19.86463737	-4.42119551	-13.63087273	5.00000000
3.990000	0.12312467	0.64239138	0.95606768	4.20980453	-0.36226472	2.82832813	0.32730499	2.87015748	-3.39872909	-4.36765718	9.86778355	-2.69349599	3.00000000	0.10526185	0.85166317	0.57389367	3.86793256	-0.31297871	1.73576021	-0.26616752	1.78372204	-11.50240993	-1.92594326	14.00190639	-0.89268780	3.00000000	0.08178141	0.97576463	0.13315760	3.67903256	0.05904982	0.41047880	-0.52613193	0.66992128	-3.29884768	-8.22915268	15.82422638	-15.06633377	5.00000000	0.09192392	1.11317575	0.15801607	3.67678142	0.06098753	0.47375458	-1.23678005	1.32581592	-5.72081232	-10.59696674	7.55402756	-14.10752392	5.00000000
4.000000	0.11911790	0.67162710	0.95969754	4.23953581	-0.38670504	2.73622656	0.44298220	2.79869795	-2.92147255	-8.32766056	8.78759766	-6.48910570	3.00000000	0.10142039	0.86785030	0.57131761	3.88476753	-0.46140090	1.80198991	-0.03887514	1.86052942	-8.41859531	1.85666072	15.85394478	2.75482631	3.00000000	0.08221027	0.98188794	0.12989044	3.68598628	0.02442716	0.42649952	-0.30838996	0.52688032	-2.44070768	-7.09268761	14.59808731	-13.71791840	5.00000000	0.09063398	1.12055671	0.14580549	3.69110775	0.01088822	0.54654378	-0.99245507	1.13304710	-2.62237167	-3.96308541	17.68394852	-16.62147522	4.00000000
4.010000	0.11552718	0.69709659	0.96519697	4.26583862	-0.41562304	2.63132596	0.53340048	2.71682453	-2.36092114	-10.42775631	6.32094479	-8.76756668	3.00000000	0.09566949	0.88682318	0.57369274	3.90473461	-0.55398607	1.89499748	0.18075952	1.98257148	-4.36939335	0.52360690	13.43866253	1.24642849	3.00000000	0.08064911	0.98856556	0.12970950	3.69284630	0.01296252	0.42755750	-0.11324546	0.44249067	-0.37024778	-5.60109472	12.84046936	-11.59190559	5.00000000	0.08896113	1.12880468	0.13831285	3.70237565	0.01815123	0.60131252	-0.69782448	0.92133880	0.33290198	-3.78562975	21.60801315	-19.92783356	4.00000000
4.020000	0.11161466	0.72140276	0.97194749	4.29136658	-0.44842342	2.51533532	0.58663386	2.62147570	-1.64843845	-11.73807526	2.88522792	-10.58824253	3.00000000	0.08924351	0.90956491	0.57958877	3.92909122	-0.55301553	1.93229711	0.31508356	2.03442287	0.21456504	-5.51493025	7.80278206	-5.21116829	3.00000000	0.08008695	0.99126405	0.12960814	3.69560456	0.02251447	0.34198561	-0.00347085	0.34274352	0.89486998	-6.35140181	8.91189003	-9.30379009	5.00000000	0.08825096	1.13273895	0.13207518	3.70978451	0.05826509	0.50322115	-0.47636193	0.69537544	1.90902710	-6.02217484	20.43776703	-19.65087318	4.00000000
4.030000	0.10690376	0.74589843	0.97848636	4.31715393	-0.46423280	2.39721584	0.59612489	2.51346779	-0.47140118	-13.96977425	-0.59862953	-13.51135540	3.00000000	0.08203417	0.93049902	0.58446825	3.95176315	-0.49734479	1.84396350	0.33944994	1.93978846	4.38425255	-13.33182240	1.36172223	-13.85944653	3.00000000	0.08105966	0.99359852	0.13013582	3.69818807	0.05060602	0.21335332	0.02672399	0.22089541	1.05008113	-7.61469746	4.34388781	-7.86963415	5.00000000	0.09117623	1.13859320	0.13097297	3.71642113	0.10485283	0.35728115	-0.29172957	0.47302228	1.24164140	-9.60336018	15.49538803	-17.69650459	3.00000000
4.040000	0.10143833	0.77132249	0.98419076	4.34377718	-0.46344012	2.27686763	0.56028312	2.39015055	1.24719715	-16.99328232	-3.41387320	-17.26524734	3.00000000	0.07736178	0.94817007	0.58695066	3.97020936	-0.42120793	1.62744069	0.27781376	1.70386612	6.30505228	-19.95251274	-3.17296004	-21.13128281	3.00000000	0.08271340	0.99520123	0.13064836	3.70054746	0.07918303	0.11934836	0.02599309	0.14556657	0.52112663	-7.51297188	0.88074917	-7.01214600	5.00000000	0.09359319	1.14089930	0.12831998	3.72068715	0.12954491	0.24642645	-0.15581758	0.31904075	-0.47510871	-10.34595680	10.95086098	-14.93427944	3.00000000
4.050000	0.09620609	0.79416311	0.98952657	4.36780930	-0.44329265	2.10251689	0.49729544	2.20553589	2.74176955	-19.53682709	-5.36067533	-20.39365005	4.00000000	0.07492393	0.96264178	0.58806366	3.98492718	-0.34011006	1.32977962	0.18449524	1.38492858	5.92871428	-23.31387901	-5.01317215	-24.51327896	3.00000000	0.08380289	0.99601996	0.13083085	3.70192242	0.07723743	0.07455051	0.02076402	0.10933684	-0.24365509	-5.66475487	-0.73892349	-5.03375721	5.00000000	0.09489401	1.14235008	0.12719139	3.72293901	0.10037602	0.15418628	-0.08714733	0.20357655	-1.93000531	-8.05140305	7.52396536	-10.95947647	3.00000000
4.060000	0.09229406	0.81414360	0.99426967	4.38871431	-0.39892629	1.85754836	0.42918572	1.94777524	3.48406959	-21.21740341	-6.33651781	-22.34779167	4.00000000	0.07281098	0.97442985	0.58953893	3.99699354	-0.27033150	1.05166233	0.12090603	1.09256172	4.83157492	-22.85624123	-4.91254854	-23.75679970	3.00000000	0.08410433	0.99620944	0.13088463	3.70228243	0.05401776	0.03723949	0.00801956	0.06609850	-0.92855185	-3.44228888	-1.05246341	-2.86294079	5.00000000	0.09482796	1.14311576	0.12693395	3.72374940	0.03591093	0.07206996	-0.05395375	0.09692616	-2.72898984	-5.68728495	4.36252260	-7.38358164	3.00000000
4.070000	0.08882574	0.83122313	0.99845982	4.40663910	-0.34364447	1.59625697	0.36352026	1.67280447	3.77416873	-21.63551521	-6.42429543	-22.79943275	4.00000000	0.07006552	0.98346317	0.59100622	4.00654840	-0.24071875	0.83088773	0.09868641	0.87066579	3.90191698	-19.15029907	-3.76713657	-19.79265022	3.00000000	0.08412653	0.99624926	0.13089153	3.70232844	0.02939123	0.00606626	-0.00899533	0.03132986	-1.18735719	-1.96090984	-0.86987531	-1.88001013	5.00000000	0.09455779	1.14338148	0.12685814	3.72413588	-0.00454467	0.04136463	-0.01030788	0.04287119	-2.55170202	-3.84147596	2.33249331	-4.98257017	3.00000000
4.080000	0.08572564	0.84531248	1.00158644	4.42140055	-0.30563298	1.37690699	0.29883334	1.44173014	3.62676215	-19.91587448	-5.99026537	-21.00751114	4.00000000	0.06699983	0.98977637	0.59188056	4.01362085	-0.23000649	0.67447025	0.08610040	0.71779269	3.10929656	-13.78579044	-2.43013954	-14.28140354	3.00000000	0.08442107	0.99626511	0.13081001	3.70263457	0.02064363	-0.01057535	-0.02069573	0.03108554	-0.93812585	-1.01525342	-0.49068695	-1.30071568	5.00000000	0.09440483	1.14362288	0.12690604	3.72442555	-0.01492004	0.01951953	0.00191964	0.02464355	-1.39466155	-2.14996743	1.38251579	-2.84868550	3.00000000
4.090000	0.08287778	0.85740352	1.00402820	4.43406010	-0.28154743	1.19703412	0.23806740	1.25253177	3.00608134	-16.69674683	-5.40016079	-17.65254974	4.00000000	0.06480010	0.99492693	0.59221506	4.01923132	-0.20464605	0.56278259	0.05734364	0.60157508	2.62736368	-8.89489555	-1.76730561	-9.37954617	3.00000000	0.08472268	0.99638909	0.13071768	3.70297360	0.02272148	-0.01041690	-0.02252720	0.03364896	-0.48232517	-0.18686718	0.02062912	-0.51710153	5.00000000	0.09424883	1.14377856	0.12699917	3.72466493	-0.00829007	0.00918408	0.00385543	0.01295905	-0.19950974	-1.08705449	0.53613299	-1.17591763	3.00000000
4.100000	0.08018031	0.86827940	1.00606430	4.44544888	-0.25506547	1.05104244	0.18576880	1.09738719	2.46285367	-13.70909214	-4.76709366	-14.52146435	4.00000000	0.06312872	0.99998575	0.59283960	4.02459574	-0.16405067	0.50587702	0.03168434	0.53275520	2.61964393	-5.60766029	-1.75619030	-6.21310043	3.00000000	0.08494737	0.99566895	0.12994012	3.70405698	0.02252435	-0.00001440	-0.01381350	0.02642270	-0.18913828	0.48896751	0.55687535	-0.03369652	4.00000000	0.09423032	1.14382839	0.12706605	3.72475028	-0.00267526	0.00338554	0.00254028	0.00500718	0.26774272	-0.61303705	-0.10213979	-0.48187599	3.00000000
4.110000	0.07755475	0.87835467	1.00768483	4.45598602	-0.23118760	0.94000793	0.14485815	0.97879851	2.40493321	-11.61901093	-4.05884075	-12.34232521	4.00000000	0.06177815	1.00532639	0.59319776	4.03011608	-0.13047139	0.49141097	0.02157042	0.50889373	2.51757169	-3.79406238	-1.56588531	-4.43333197	3.00000000	0.08518449	0.99576128	0.12985833	3.70432425	0.01817209	0.00740290	-0.00432022	0.02009209	-0.21723025	0.77520144	0.85477406	0.01799913	4.00000000	0.09427010	1.14377153	0.12706199	3.72481990	0.00050118	-0.00158449	-0.00157480	0.00228950	0.17273559	-0.25674370	-0.18747440	-0.22097798	3.00000000
4.120000	0.07541046	0.88728547	1.00898755	4.46526241	-0.20983423	0.84251159	0.10891656	0.87505370	2.48905158	-9.93106651	-3.27988768	-10.58493233	4.00000000	0.06083471	1.00970984	0.59312397	4.03460073	-0.11142268	0.47794032	0.01221448	0.49090850	1.99887764	-3.08783770	-1.00013363	-3.55924225	3.00000000	0.08530348	0.99581397	0.12981981	3.70445991	0.01481691	0.01417299	0.00551604	0.02123302	-0.34049699	0.53664041	0.70901889	-0.07006054	4.00000000	0.09430350	1.14372683	0.12704599	3.72487807	0.00086005	-0.00259876	-0.00502455	0.00572183	-0.07751077	-0.09256600	-0.13951026	0.02857628	3.00000000
4.130000	0.07359777	0.89489335	1.00980639	4.47312593	-0.18666597	0.74742633	0.07793704	0.77431548	2.46617985	-8.50378323	-2.48073077	-9.07419777	4.00000000	0.05973722	1.01476347	0.59313488	4.03977203	-0.09839035	0.44291812	-0.00135799	0.45371681	1.45128357	-3.43399906	-0.60944831	-3.70243502	3.00000000	0.08544352	0.99668050	0.13053045	3.70558929	0.01181172	0.02400080	0.01670544	0.03153771	-0.37528035	0.11293007	0.32411635	-0.20945290	5.00000000	0.09435747	1.14364374	0.12692945	3.72503114	-0.00219817	-0.00077188	-0.00581183	0.00626139	-0.24185485	0.01358986	-0.02621073	0.20166916	3.00000000
4.140000	0.07185428	0.90206999	1.01038885	4.48053408	-0.15755749	0.65744913	0.05415181	0.67823017	2.48560762	-7.42420292	-1.72321963	-7.92744923	4.00000000	0.05880921	1.01913810	0.59314823	4.04424381	-0.08990683	0.39613345	-0.00711878	0.40627038	1.21513224	-3.97100902	-0.39919212	-4.14614582	3.00000000	0.08552378	0.99670631	0.13057357	3.70568395	0.00820644	0.02481937	0.01907510	0.03236057	-0.35096952	-0.09659017	0.05878220	-0.25094888	5.00000000	0.09430038	1.14365757	0.12682603	3.72515011	-0.00663990	0.00087718	-0.00437659	0.00800076	-0.27933824	0.05663766	0.09383819	0.18109217	3.00000000
4.150000	0.07024828	0.90793997	1.01068485	4.48662710	-0.13113773	0.59273636	0.04199445	0.60852039	2.49107647	-6.36252308	-1.06682062	-6.80970383	4.00000000	0.05786786	1.02328312	0.59309202	4.04849482	-0.07940251	0.34785369	-0.00575831	0.35684747	1.21774125	-3.74837375	-0.03870823	-3.91186094	3.00000000	0.08563211	0.99679029	0.13063796	3.70583534	0.00400823	0.01544505	0.01183500	0.01986662	-0.30790564	-0.23202015	-0.14056799	-0.33983797	5.00000000	0.09421335	1.14373219	0.12677531	3.72527552	-0.01111701	0.00120699	-0.00200284	0.01136029	-0.17058226	0.00866916	0.13552544	0.05353337	3.00000000
4.160000	0.06889412	0.91355520	1.01098084	4.49241066	-0.10816163	0.54288900	0.03985763	0.55499190	2.25887609	-5.20332956	-0.60268909	-5.57276583	4.00000000	0.05713224	1.02613437	0.59291595	4.05144453	-0.06570226	0.30295849	-0.00422647	0.31002983	1.28509998	-2.84545112	0.32896382	-3.01767707	3.00000000	0.08567297	0.99691218	0.13070382	3.70597982	0.00008413	0.00571261	0.00362284	0.00676506	-0.20730785	-0.33977538	-0.28190967	-0.46712914	5.00000000	0.09404371	1.14379168	0.12680615	3.72545791	-0.01325527	0.00084837	0.00043685	0.01328957	0.02643353	-0.04786915	0.08919917	-0.06074928	3.00000000
4.170000	0.06828495	0.91819066	1.01128626	4.49709606	-0.08485653	0.49638745	0.03984670	0.50516224	1.82698476	-4.47551823	-0.41329852	-4.75210333	4.00000000	0.05651236	1.02848268	0.59279859	4.05387592	-0.05101133	0.27965802	-0.00033081	0.28427252	1.29693747	-1.85851669	0.46209240	-2.02854657	3.00000000	0.08562806	0.99700099	0.13074391	3.70608711	-0.00172841	0.00756284	0.00458484	0.00901136	-0.03455829	-0.18247555	-0.18583220	-0.25512132	5.00000000	0.09386724	1.14377618	0.12688023	3.72564983	-0.01106461	-0.00066559	0.00121370	0.01115086	0.23219883	-0.04965563	0.00230347	-0.11459609	3.00000000
4.180000	0.06756130	0.92350352	1.01186013	4.50248861	-0.06593261	0.45755056	0.03715058	0.46376696	1.45330465	-4.59419823	-0.53255743	-4.80069971	4.00000000	0.05616433	1.03085315	0.59290427	4.05627394	-0.03585449	0.27640361	0.00720471	0.27881250	1.19361913	-1.05688190	0.48369247	-1.20011294	3.00000000	0.08552621	0.99703342	0.13077469	3.70619845	-0.00152340	0.00839233	0.00487069	0.00982220	0.16650826	0.14943872	0.05645302	0.20213589	5.00000000	0.09371950	1.14370227	0.12689476	3.72581577	-0.00592116	-0.00201364	0.00017770	0.00625672	0.40020099	-0.00696712	-0.07722445	-0.08578482	3.00000000
4.190000	0.06706372	0.92783386	1.01236188	4.50687599	-0.05525189	0.42008409	0.03025035	0.42478055	1.17006588	-5.16839600	-0.78689712	-5.32457972	4.00000000	0.05583005	1.03366125	0.59299451	4.05910349	-0.02469032	0.28003353	0.01402497	0.28146952	1.02033865	-0.70324016	0.44893971	-0.80328530	3.00000000	0.08548111	0.99707019	0.13080534	3.70626426	0.00187481	0.01019140	0.00611121	0.01203023	0.31513363	0.34639490	0.20154569	0.47422722	5.00000000	0.09367743	1.14366925	0.12688012	3.72587132	-0.00006761	-0.00191728	-0.00210914	0.00285114	0.47024027	0.06393757	-0.12023084	-0.01037596	3.00000000
4.200000	0.06648180	0.93192184	1.01266015	4.51101589	-0.05016879	0.37017414	0.01986225	0.37408596	1.10315406	-5.78653145	-1.07353759	-5.90896940	4.00000000	0.05574699	1.03702927	0.59326178	4.06248331	-0.01660719	0.27510720	0.01735389	0.27615383	0.79127371	-1.07679880	0.22303241	-1.13468206	3.00000000	0.08553717	0.99719048	0.13087229	3.70641279	0.00727108	0.01426538	0.00832155	0.01804489	0.36648726	0.37955496	0.23006648	0.51985216	5.00000000	0.09377647	1.14365649	0.12681460	3.72599077	0.00489255	-0.00025829	-0.00396172	0.00630071	0.42094192	0.14175969	-0.11908222	0.11111224	3.00000000
4.210000	0.06594528	0.93533480	1.01265597	4.51447058	-0.04216420	0.29858351	0.00638763	0.30161354	1.34608769	-6.49201059	-1.30636156	-6.56820011	4.00000000	0.05561171	1.04013848	0.59345764	4.06560183	-0.01031778	0.26265779	0.01974702	0.26360106	0.60261554	-1.97763622	-0.07558366	-2.01012802	3.00000000	0.08566376	0.99736840	0.13097136	3.70665264	0.01267282	0.02015283	0.01161558	0.02648883	0.30915403	0.35800028	0.21804552	0.48842430	5.00000000	0.09390178	1.14368701	0.12676612	3.72612858	0.00922127	0.00206530	-0.00477470	0.01058750	0.29738909	0.17625587	-0.08685391	0.21423091	3.00000000
4.220000	0.06562782	0.93822664	1.01257825	4.51738071	-0.03038049	0.22219567	-0.00593265	0.22434145	1.66093147	-7.31076908	-1.26678073	-6.83772755	4.00000000	0.05551446	1.04237235	0.59361148	4.06784296	-0.00514093	0.23855665	0.01790971	0.23928323	0.48980492	-3.12468362	-0.24556208	-3.14681125	3.00000000	0.08585567	0.99759746	0.13110343	3.70697927	0.01565907	0.02535134	0.01503192	0.03337448	0.13739426	0.21398135	0.11781416	0.27618265	5.00000000	0.09399131	1.14371264	0.12671432	3.72623515	0.01164520	0.00457068	-0.00491217	0.01343991	0.14068827	0.14411905	-0.03356735	0.16629985	3.00000000
4.230000	0.06523715	0.94017845	1.01250839	4.51937246	-0.00562680	0.15166898	-0.02332429	0.15355508	1.87847030	-7.78552485	-1.00022209	-5.29634094	4.00000000	0.05547027	1.04434288	0.59380102	4.06982327	-0.00206893	0.20127991	0.01022667	0.20155016	0.34318951	-4.47859716	-0.34593791	-4.78364038	3.00000000	0.08602517	0.99788898	0.13126288	3.70735240	0.01596672	0.02733618	0.01653545	0.03571587	-0.09309555	-0.04586911	-0.06991908	-0.11679275	5.00000000	0.09407177	1.14375091	0.12667941	3.72633076	0.01222951	0.00626147	-0.00508688	0.01465071	-0.03562887	0.04924173	0.02888673	-0.04334478	3.00000000
4.240000	0.06524495	0.94092536	1.01235390	4.52013540	0.02033121	0.07579575	-0.03593663	0.08631219	1.94246423	-7.78391171	-0.71461654	-2.36013794	4.00000000	0.05547110	1.04624867	0.59400648	4.07174015	0.00275265	0.15283723	0.00506938	0.15294605	0.14002097	-5.92599010	-0.41106841	-4.42166185	3.00000000	0.08621372	0.99821830	0.13147831	3.70778871	0.01353690	0.02514471	0.01486142	0.03219264	-0.28803706	-0.34497175	-0.33026126	-0.45012075	5.00000000	0.09421803	1.14382875	0.12662844	3.72650409	0.01091398	0.00638962	-0.00518138	0.01366708	-0.20507324	-0.10060599	0.09257119	-0.18010309	3.00000000
4.250000	0.06543694	0.94110197	1.01202083	4.52055836	0.03892500	-0.01161695	-0.03717442	0.05506402	1.58303213	-7.86279392	-0.26118082	0.57012063	4.00000000	0.05556448	1.04808438	0.59396261	4.07357883	0.00455277	0.08654992	0.00292808	0.08671902	0.01445960	-7.11210012	-0.34197751	-1.78414738	3.00000000	0.08632691	0.99852771	0.13167228	3.70817113	0.00845653	0.01895676	0.00995186	0.02301980	-0.39425799	-0.55804849	-0.58641201	-0.45472479	5.00000000	0.09436980	1.14394057	0.12657629	3.72669959	0.00767515	0.00482599	-0.00408130	0.00994259	-0.33143219	-0.26738477	0.16388814	-0.10895795	3.00000000
4.260000	0.06645203	0.94124305	1.01103628	4.52197933	0.05370937	-0.09162972	-0.03563464	0.11202914	0.86857742	-8.04524517	0.29804638	3.50776887	5.00000000	0.05560030	1.04900992	0.59380656	4.07451820	0.00223418	0.00231663	0.00039240	0.00324227	0.03715351	-7.70812559	-0.25377339	0.52761734	3.00000000	0.08642600	0.99869877	0.13177483	3.70839381	0.00267886	0.01033296	0.00192597	0.01084692	-0.41675338	-0.59413749	-0.73747766	-0.26800650	5.00000000	0.09450001	1.14400375	0.12649910	3.72686362	0.00300705	0.00105699	-0.00171252	0.00361833	-0.40496573	-0.40561622	0.25951511	0.06433765	3.00000000
4.270000	0.06705585	0.93975383	1.01076365	4.52360916	0.06172570	-0.16623089	-0.03302494	0.18037023	0.35210735	-7.74382401	0.50817901	5.95595169	5.00000000	0.05575743	1.04850185	0.59381080	4.07504988	-0.00251417	-0.08937716	-0.00203500	0.08943567	0.18336938	-7.50018549	-0.31795520	2.60502005	3.00000000	0.08640698	0.99871856	0.13173330	3.70844364	-0.00180528	0.00202010	-0.00818186	0.00861873	-0.35105580	-0.46335405	-0.73574066	-0.07308467	5.00000000	0.09445374	1.14400589	0.12648107	3.72691345	-0.00198036	-0.00474950	0.00142629	0.00533984	-0.40311158	-0.50823218	0.36254519	0.27141002	3.00000000
4.280000	0.06762689	0.93757284	1.01066434	4.52586603	0.05565906	-0.24667133	-0.02131959	0.25376999	0.16185485	-7.07828379	0.47490484	6.70551729	5.00000000	0.05562227	1.04659510	0.59389484	4.07696342	-0.00099040	-0.17249286	-0.00380178	0.17253760	0.45724156	-6.55215502	-0.41399482	5.01349306	3.00000000	0.08630802	0.99862635	0.13157892	3.70864892	-0.00460465	-0.00242988	-0.01726175	0.01802984	-0.21962862	-0.23739535	-0.58607984	0.14815730	5.00000000	0.09435444	1.14390504	0.12652436	3.72706151	-0.00638757	-0.01075864	0.00529451	0.01358606	-0.30520692	-0.56074882	0.43513954	0.52160501	3.00000000
4.290000	0.06810801	0.93443888	1.01066923	4.52903652	0.04838270	-0.32368252	-0.01281897	0.32752952	0.25100785	-6.24682426	0.52120620	6.04779816	5.00000000	0.05551564	1.04411840	0.59395391	4.07944298	0.00746200	-0.23150741	-0.00820160	0.23177280	0.79448479	-5.18224049	-0.34724924	5.46697903	3.00000000	0.08621671	0.99852103	0.13132463	3.70893884	-0.00616430	-0.00188748	-0.02267857	0.02357708	-0.08351678	-0.00413011	-0.32248512	0.24861225	5.00000000	0.09423040	1.14374983	0.12662600	3.72728467	-0.00971090	-0.01655320	0.01046248	0.02185803	-0.08718979	-0.54771525	0.45082468	0.66880786	3.00000000
4.300000	0.06855293	0.93091035	1.01051581	4.53259611	0.05103387	-0.38077283	-0.01305342	0.38439927	0.53856367	-5.35930300	0.48208725	5.30960703	5.00000000	0.05535683	1.04141581	0.59381551	4.08215380	0.02014913	-0.26746291	-0.01595914	0.26869515	1.07300162	-3.89173222	-0.16638467	3.98209286	3.00000000	0.08616944	0.99848527	0.13102388	3.70924544	-0.00593501	0.00118266	-0.02370812	0.02446830	0.02126499	0.13591598	-0.02396457	0.05816403	5.00000000	0.09416846	1.14353871	0.12673454	3.72753000	-0.01041355	-0.02222458	0.01604793	0.02932423	0.24633554	-0.48544824	0.41121984	0.63427848	3.00000000
4.310000	0.06887997	0.92683923	1.01036954	4.53668308	0.06228163	-0.42743433	-0.01187623	0.43211126	0.82560843	-4.75203133	0.28668663	4.81607246	5.00000000	0.05581502	1.03879249	0.59353584	4.08483124	0.03327404	-0.29230118	-0.01991341	0.29486215	1.13887799	-3.14772010	0.01833182	3.24261570	3.00000000	0.08614513	0.99857271	0.13075353	3.70953059	-0.00476545	0.00446737	-0.02123229	0.02221435	0.08573902	0.11349633	0.21502182	-0.22721963	5.00000000	0.09408267	1.14333272	0.12688890	3.72780132	-0.00750404	-0.02693732	0.02079060	0.03484507	0.62321806	-0.36575562	0.34206679	0.57277650	3.00000000
4.320000	0.06960469	0.92207152	1.01003623	4.54151726	0.08132911	-0.45450577	-0.00592967	0.46176302	1.06896222	-4.22664452	0.20189250	4.34010124	5.00000000	0.05635652	1.03592575	0.59322220	4.08776569	0.04488509	-0.31415322	-0.01471837	0.31768468	1.03336298	-2.94832373	0.21613137	3.04041910	3.00000000	0.08609854	0.99869728	0.13055575	3.70976901	-0.00317786	0.00601162	-0.01672171	0.01805143	0.08975291	-0.03264929	0.34591794	-0.35792595	5.00000000	0.09394307	1.14302552	0.12714323	3.72822380	0.00157009	-0.03067156	0.02312511	0.03844451	0.93266070	-0.21100868	0.19792536	0.52869755	3.00000000
4.330000	0.07031862	0.91737431	1.01009715	4.54626894	0.09017505	-0.49797693	-0.00218848	0.50608039	1.11454010	-3.80597639	0.08321144	3.93315792	5.00000000	0.05704955	1.03261423	0.59294629	4.09116030	0.05579625	-0.34489232	-0.00748932	0.34945676	0.89158469	-2.94057131	0.33882421	3.02081275	3.00000000	0.08603895	0.99877053	0.13044220	3.70991659	-0.00182129	0.00470380	-0.01199755	0.01301476	-0.08499646	-0.25178656	0.38623521	-0.19575091	5.00000000	0.09388600	1.14267802	0.12745278	3.72869277	0.01529052	-0.03249347	0.02408400	0.04323962	0.96362984	-0.08736544	-0.06880137	0.35572326	3.00000000
4.340000	0.07174387	0.91214049	1.01010644	4.55169344	0.09550812	-0.54936010	-0.00224511	0.55760503	0.74380952	-3.91591477	-0.32051235	3.99195242	5.00000000	0.05739591	1.02891552	0.59303737	4.09487629	0.06192252	-0.38207966	-0.00266135	0.38707408	0.71403384	-2.77009082	0.20182379	2.83638048	3.00000000	0.08601584	0.99879688	0.13037126	3.70999575	-0.00160361	0.00030498	-0.00807109	0.00823450	-0.66481382	-0.58192009	0.44453827	0.47518858	5.00000000	0.09404205	1.14230168	0.12774174	3.72919226	0.02959861	-0.03088812	0.02464565	0.04937167	0.53128046	0.02211976	-0.36449084	-0.02521742	3.00000000
4.350000	0.07292855	0.90757245	1.01045811	4.55642557	0.10755552	-0.58016127	-0.00422597	0.59006196	0.55998659	-4.02291918	-0.86593795	4.09066677	5.00000000	0.05794594	1.02508724	0.59329718	4.09875250	0.06815303	-0.41485724	-0.00130584	0.42042011	0.42766923	-2.25807452	-0.17206365	2.30208111	3.00000000	0.08604757	0.99876583	0.13031060	3.71007085	-0.00459757	-0.00562370	-0.00507956	0.00886372	-1.28771412	-0.88004023	0.39102238	1.22941601	5.00000000	0.09458419	1.14195132	0.12790750	3.72985864	0.03901832	-0.02933740	0.01991764	0.05272404	-0.25340798	0.16782162	-0.57009500	-0.29803365	3.00000000
4.360000	0.07347097	0.90028763	1.01015210	4.56373692	0.11191808	-0.61560422	-0.01633366	0.62590814	0.88574988	-3.65043020	-1.41177714	3.82298613	4.00000000	0.05874224	1.02054489	0.59327286	4.10336399	0.07372042	-0.43667355	-0.00454982	0.44287604	0.25923243	-1.39356601	-0.58401120	1.44230843	3.00000000	0.08606161	0.99871469	0.13025635	3.71014667	-0.02011365	-0.01537402	-0.00139500	0.02535479	-1.47445917	-0.90773398	0.15572788	1.52341616	5.00000000	0.09520076	1.14171815	0.12810665	3.73054719	0.03241108	-0.02873142	0.00961609	0.04436713	-1.02465141	0.29612744	-0.70079726	-0.25475594	3.00000000
4.370000	0.07462989	0.89392823	1.00998044	4.57020330	0.10858631	-0.65815049	-0.03584027	0.66801018	1.14409995	-3.92024302	-2.04474545	4.20566988	4.00000000	0.05961271	1.01603198	0.59316206	4.10796118	0.07462566	-0.44160482	-0.01343489	0.44806728	0.38497496	-0.50080913	-0.88804799	0.60933703	3.00000000	0.08595431	0.99855322	0.13023420	3.71034169	-0.05481597	-0.03164311	0.00619069	0.06359561	-1.51776195	-0.75376016	0.05879211	1.61306834	5.00000000	0.09569407	1.14155591	0.12831169	3.73110557	0.00951154	-0.02626578	-0.00091071	0.02794977	-1.50672090	0.37382212	-0.72868335	-0.19010882	3.00000000
4.380000	0.07595158	0.88746327	1.00958276	4.57681417	0.12562318	-0.69174266	-0.05928477	0.70555210	1.46151638	-4.88540936	-2.58276796	5.29705620	4.00000000	0.06059090	1.01119936	0.59280008	4.11290503	0.07068064	-0.43821135	-0.02670735	0.44467768	0.67955673	-0.17539063	-1.06012905	0.37461594	3.00000000	0.08552867	0.99829012	0.13026699	3.71084309	-0.07317457	-0.04181067	0.00189878	0.08429861	-1.30791867	-0.55216181	0.01555143	1.39816880	5.00000000	0.09579484	1.14120674	0.12819581	3.73148704	-0.01791355	-0.02037088	-0.00756346	0.02816157	-1.52543938	0.45194387	-0.52660227	-0.20602304	3.00000000
4.390000	0.07722674	0.88040859	1.00886714	4.58401871	0.14881690	-0.72931147	-0.08727312	0.74943864	2.24094582	-5.87203646	-2.84368467	6.48546028	4.00000000	0.06115977	1.00691390	0.59264052	4.11723089	0.07724942	-0.42825836	-0.04032850	0.43703440	1.14210796	-0.84879124	-1.12326276	1.15631044	3.00000000	0.08427618	0.99766129	0.13043852	3.71225500	-0.07456671	-0.04101396	-0.00486076	0.08524064	-0.28647655	-0.02765250	-0.16047245	0.25885981	5.00000000	0.09513182	1.14092803	0.12795414	3.73224568	-0.03510999	-0.01408855	-0.01190578	0.03966039	-0.98241115	0.47002059	-0.14897269	-0.17711166	3.00000000
4.400000	0.07856324	0.87357807	1.00803888	4.59102774	0.17014667	-0.80227697	-0.12211899	0.82916301	2.93333721	-7.19714022	-3.00550079	7.98288393	4.00000000	0.06159389	1.00307345	0.59228367	4.12111235	0.09435198	-0.42775172	-0.05037884	0.44092160	1.92174375	-2.25510168	-1.08617449	2.72303295	3.00000000	0.08251023	0.99682349	0.13071348	3.71422887	-0.07849857	-0.03816237	-0.00168209	0.08729961	0.78917980	0.65507007	-0.04272576	-0.95995104	5.00000000	0.09437673	1.14074576	0.12765706	3.73307729	-0.03952092	-0.00896454	-0.01296041	0.04254689	-0.13862936	0.34359428	0.21844050	-0.20644368	3.00000000
4.410000	0.08050892	0.86500889	1.00656486	4.59993792	0.20130971	-0.88416183	-0.15283723	0.91957974	3.21426511	-8.76710415	-3.14454651	9.63349152	4.00000000	0.06230808	0.99881715	0.59160858	4.12548065	0.11853196	-0.45638183	-0.05968412	0.47528559	2.85589814	-3.92949700	-1.03900802	4.60840654	3.00000000	0.08252260	0.99663043	0.13000812	3.71496034	-0.06615184	-0.03360659	-0.00431202	0.07432403	1.06962717	0.86258602	0.33840680	-1.21610403	4.00000000	0.09376112	1.14089584	0.12764360	3.73371100	-0.03308710	-0.00494023	-0.00753279	0.03429147	0.49199829	0.16449897	0.51276445	-0.32506341	3.00000000
4.420000	0.08248170	0.85579592	1.00474977	4.60953283	0.24224718	-0.98166561	-0.18192728	1.02735031	3.45024037	-9.92467785	-3.29762173	10.86721420	4.00000000	0.06393709	0.99476963	0.59083927	4.12991095	0.14863831	-0.51841038	-0.06914139	0.54371244	3.56263232	-5.60623264	-1.13159752	6.47491503	3.00000000	0.08206436	0.99658728	0.13010986	3.71543169	-0.03667598	-0.01442581	-0.00298743	0.03952412	1.19216406	0.77836376	0.40245241	-1.26247132	4.00000000	0.09382248	1.14095294	0.12764260	3.73379493	-0.01877813	-0.00508328	0.00141362	0.01950529	0.65507102	0.08366011	0.75926834	-0.32273144	3.00000000
4.430000	0.08525536	0.84516621	1.00264454	4.62071848	0.27983201	-1.09091341	-0.21331458	1.14625525	3.56039691	-10.65816498	-3.69528937	11.70260429	4.00000000	0.06582481	0.98923987	0.59009987	4.13580084	0.19098638	-0.59163964	-0.07956226	0.62677222	4.08433533	-6.63694000	-1.39002037	7.70468855	3.00000000	0.08180321	0.99649060	0.13017239	3.71571708	-0.02267485	0.00021259	0.01011876	0.02483109	1.27967727	0.81441718	0.36777496	-1.28539121	4.00000000	0.09388945	1.14088976	0.12766433	3.73388958	-0.00644252	-0.00794033	0.01092640	0.01496466	0.53964543	0.09754960	0.86562276	-0.11897053	3.00000000
4.440000	0.08818993	0.83404624	1.00054383	4.63240957	0.31451085	-1.20126951	-0.24828711	1.26633799	3.39964366	-11.26642895	-4.43522024	12.42968845	4.00000000	0.06789091	0.98273623	0.58936977	4.14266396	0.23961991	-0.66712695	-0.09341935	0.71498477	4.63970995	-6.56674147	-1.69601488	7.93764544	3.00000000	0.08160639	0.99628162	0.13016328	3.71600437	-0.02155850	-0.00113944	0.01698472	0.02746904	0.93747514	0.61928397	0.32527551	-0.87994796	4.00000000	0.09384535	1.14069140	0.12778994	3.73412848	-0.00416463	-0.00874499	0.01987815	0.02211244	0.31935468	0.19739069	0.79235166	0.22951247	3.00000000
4.450000	0.09179426	0.82159096	0.99813497	4.64559793	0.34724647	-1.31640279	-0.29461086	1.39294362	3.21198678	-11.50074100	-5.24668312	12.82238293	4.00000000	0.06990600	0.97520167	0.58862066	4.15049934	0.28553361	-0.73932505	-0.11288772	0.80054647	5.02686262	-5.88063526	-1.99461269	7.56569767	3.00000000	0.08132432	0.99670035	0.13083555	3.71684504	-0.01385945	0.00035316	0.01491010	0.02035977	0.59917396	0.15789929	-0.03435741	-0.47215828	5.00000000	0.09375750	1.14043605	0.12797619	3.73445654	-0.00951545	-0.00442763	0.02897307	0.03081536	0.12958466	0.34362409	0.63907218	0.48796669	3.00000000
4.460000	0.09521649	0.80785954	0.99506605	4.66007853	0.37651223	-1.43277287	-0.35477579	1.52330732	3.18324876	-11.37932873	-5.92167950	12.89821625	4.00000000	0.07319384	0.96747959	0.58725923	4.15900183	0.33551198	-0.79230714	-0.13706882	0.87126732	5.01946688	-5.46350479	-2.25741291	7.28689718	3.00000000	0.08126370	0.99656963	0.13082287	3.71698976	-0.00841872	0.00608216	0.01506023	0.01829421	0.53880942	-0.01571411	-0.30257612	-0.42999318	5.00000000	0.09359342	1.14044070	0.12841111	3.73492146	-0.01094496	0.00159641	0.03443820	0.03617085	0.11937773	0.34430453	0.56896544	0.53889060	3.00000000
4.470000	0.09918945	0.79274952	0.99124229	4.67616320	0.40643132	-1.55396354	-0.42475411	1.66144669	3.09993863	-11.12040138	-6.32703114	12.77586174	4.00000000	0.07699925	0.95946473	0.58576083	4.16799974	0.39279839	-0.82986850	-0.16129315	0.93219513	4.90689993	-5.67822170	-2.42403173	7.49498081	3.00000000	0.08122522	0.99654967	0.13087232	3.71705556	-0.00088488	0.00447929	0.00625327	0.00774277	0.42701077	-0.13658652	-0.24738473	-0.29089925	5.00000000	0.09346595	1.14060473	0.12885766	3.73541403	-0.00847758	0.00855823	0.03758731	0.03947048	0.36912820	0.01788304	0.95242918	0.93818575	3.00000000
4.480000	0.10322516	0.77654260	0.98647696	4.69353151	0.43865335	-1.66329193	-0.49304861	1.78942835	2.80379629	-11.12577820	-6.33494806	12.74889946	4.00000000	0.08137616	0.95088845	0.58381861	4.17782211	0.44396040	-0.87170446	-0.18619944	0.99581110	4.80505133	-6.72037840	-2.37694764	8.39282036	3.00000000	0.08123788	0.99660689	0.13089989	3.71712041	0.00487044	0.00028362	-0.00134806	0.00506151	0.28187820	-0.78795099	-0.10692950	0.35298383	5.00000000	0.09333790	1.14082587	0.12929647	3.73592186	-0.00096199	0.01033545	0.04059461	0.04190071	0.86773866	-0.77067643	2.47333193	2.59880543	3.00000000
4.490000	0.10787753	0.75934809	0.98108578	4.71214247	0.47315431	-1.76495206	-0.55626380	1.91006815	2.29388309	-11.70114040	-5.84194994	13.05631638	4.00000000	0.08597951	0.94207382	0.58193326	4.18794346	0.48646218	-0.94348186	-0.21078983	1.08223653	4.29023600	-8.94003105	-2.00207210	10.10300446	3.00000000	0.08134994	0.99668151	0.13083221	3.71727109	0.00455864	-0.00273486	0.00264409	0.00593733	0.36341318	-2.14454937	0.24241972	1.83240926	5.00000000	0.09336577	1.14091980	0.12956923	3.73621178	0.00640998	0.00196497	0.05535719	0.05576170	1.60687149	-2.48823047	5.75466013	6.27610064	3.00000000
4.500000	0.11278065	0.74104887	0.97512996	4.73200130	0.49536642	-1.86893392	-0.61275160	2.02824211	1.48384297	-12.89036942	-4.67615891	13.67052555	4.00000000	0.09101646	0.93279487	0.57991880	4.19869184	0.52840596	-1.04470253	-0.23434211	1.19395661	3.02349639	-12.21742439	-1.14456618	12.42429352	3.00000000	0.08146236	0.99670172	0.13081224	3.71738696	0.00270084	-0.01979421	0.00656297	0.02102802	0.70040929	-4.37689734	0.91559505	4.38274622	5.00000000	0.09346312	1.14097810	0.12997852	3.73663640	0.02094327	-0.02175172	0.10745090	0.11161297	2.59977007	-5.66301441	10.86394119	12.27246094	3.00000000
4.510000	0.11810549	0.72217911	0.96884555	4.75259066	0.50507104	-2.00164461	-0.66164482	2.16782188	0.25259304	-14.47376823	-2.65418291	14.36133003	4.00000000	0.09635667	0.92227000	0.57734853	4.21077061	0.56639791	-1.17743552	-0.24778594	1.32987177	1.02959597	-15.76595974	0.28572008	14.85294056	3.00000000	0.08153094	0.99657583	0.13086244	3.71753883	0.00657147	-0.06423642	0.01614355	0.06655911	1.35157943	-7.73177767	1.57671392	7.94497681	5.00000000	0.09381405	1.14075983	0.13069785	3.73746610	0.04933085	-0.07370809	0.23101045	0.24745150	3.57818556	-10.36139584	16.54662704	19.59229279	3.00000000
4.520000	0.12343790	0.70186615	0.96194971	4.77469492	0.50226164	-2.16463995	-0.69087744	2.32706785	-1.18412697	-15.69188690	0.26092181	14.55185127	4.00000000	0.10244714	0.90983468	0.57462758	4.22488213	0.57923347	-1.35482943	-0.24295448	1.49335229	-1.52177632	-18.84659576	2.07647777	16.96530342	3.00000000	0.08139631	0.99603361	0.13112648	3.71815681	0.02472438	-0.15441626	0.03390486	0.16001630	2.37433815	-12.49282455	2.09735823	12.86832428	5.00000000	0.09400635	1.14020443	0.13274524	3.73959613	0.09544634	-0.18814602	0.44345942	0.49108574	3.83667755	-16.21165466	19.72553825	25.51831436	3.00000000
4.530000	0.12830822	0.68010676	0.95464647	4.79815817	0.48492840	-2.34691644	-0.68068355	2.49128532	-2.45492268	-15.50393009	3.73838830	13.48628521	4.00000000	0.10866344	0.89550453	0.57168621	4.24077702	0.54819477	-1.57293320	-0.21015157	1.67892826	-4.39620876	-20.85804367	3.86090207	18.30814552	3.00000000	0.08143319	0.99467885	0.13139318	3.71953797	0.05445840	-0.29733825	0.06269154	0.30871665	3.58779383	-19.08401871	2.40412760	19.55555534	5.00000000	0.09511356	1.13853729	0.13729937	3.74457049	0.15385455	-0.38346350	0.72643107	0.83571380	2.64610505	-22.13559532	17.36326027	27.44609070	3.00000000
4.540000	0.13308904	0.65515250	0.94709605	4.82466459	0.44902816	-2.52195740	-0.62000698	2.63558412	-3.59285164	-13.11740780	7.40227652	10.52025700	4.00000000	0.11491931	0.87900817	0.56959116	4.25854349	0.47616360	-1.81122708	-0.15262713	1.87898123	-7.10785055	-20.73478699	5.43078661	17.97734261	3.00000000	0.08202686	0.99144536	0.13208686	3.72289801	0.09570345	-0.50189990	0.09404209	0.51952535	4.44579220	-27.41288567	2.26566672	27.83268547	5.00000000	0.09679178	1.13483000	0.14604460	3.75421619	0.19745547	-0.65844452	0.98238015	1.19900322	0.01901972	-29.04609299	7.29725599	27.33825302	3.00000000
4.550000	0.13755165	0.62849778	0.94066828	4.85244417	0.40302387	-2.65840173	-0.51376522	2.73742270	-4.69864035	-8.68969154	10.84169006	5.90958786	4.00000000	0.11931931	0.85974091	0.56840187	4.27834272	0.38176358	-2.04298091	-0.08463909	2.08006692	-8.88736248	-17.78467751	6.71453428	15.40690327	3.00000000	0.08345378	0.98561019	0.13310783	3.72899127	0.15127330	-0.79934096	0.12094614	0.82247043	4.20305014	-37.43416595	1.11301088	37.60860062	5.00000000	0.09973606	1.12695682	0.15883279	3.76951957	0.19114184	-0.98766977	1.06361735	1.46400428	-3.50547194	-37.68663788	-8.93831635	30.13245583	3.00000000
4.560000	0.14154328	0.60017282	0.93603992	4.88142109	0.35399148	-2.72820282	-0.38386184	2.77772403	-5.46894264	-3.00439787	13.32028580	0.53778088	4.00000000	0.12222795	0.83771551	0.56823725	4.30056000	0.27664167	-2.23041272	-0.01466076	2.24755120	-9.50455189	-12.47706223	7.58436823	10.90996647	3.00000000	0.08517949	0.97685885	0.13487820	3.73808503	0.21040140	-1.22190309	0.13415739	1.24712229	2.34852958	-48.88619232	-1.12503362	48.72194672	5.00000000	0.10266347	1.11516154	0.17392673	3.78889799	0.12121572	-1.33720827	0.89217532	1.61207807	-7.06452274	-45.74344635	-25.20783234	36.00614548	4.00000000
4.570000	0.14473148	0.57231003	0.93347788	4.90958261	0.29538572	-2.71746063	-0.23278245	2.74336147	-5.69434786	2.97724390	14.39102077	-4.73911142	4.00000000	0.12380943	0.81340128	0.56866288	4.32492924	0.17246547	-2.33105206	0.06213883	2.33824921	-9.46541882	-6.14658451	7.87267160	5.46562672	3.00000000	0.08752419	0.96401340	0.13643606	3.75123525	0.24771981	-1.76533306	0.12680937	1.78713357	-1.07058597	-60.00201035	-3.53648520	59.60464478	5.00000000	0.10412388	1.09903753	0.18499286	3.80850863	0.01132227	-1.85230470	0.41979834	1.89931345	-9.89453793	-53.60625458	-36.29107666	44.76941681	4.00000000
4.580000	0.14723971	0.54489398	0.93217039	4.93714428	0.22729324	-2.64264798	-0.06988744	2.65332532	-5.72671509	8.44561005	14.39427567	-9.36683559	4.00000000	0.12529756	0.78838050	0.56924915	4.35000086	0.08387832	-2.33818388	0.14920284	2.34444046	-9.33000755	-0.54397380	7.38702488	0.58187640	3.00000000	0.09045468	0.94475245	0.13794944	3.77077651	0.22618814	-2.45014119	0.06533662	2.46142673	-6.00862694	-67.86148071	-4.71866560	67.41604614	5.00000000	0.10313597	1.08027077	0.18735251	3.82744884	-0.11343037	-2.48350286	-0.14556386	2.49034977	-11.81222820	-63.67183685	-39.30812454	58.30222702	4.00000000
4.590000	0.14941204	0.51881808	0.93152511	4.96331835	0.16771455	-2.52144957	0.07943411	2.52826929	-5.65164089	12.64333916	13.40614796	-12.75810337	5.00000000	0.12596467	0.76445264	0.57067275	4.37398052	0.00074642	-2.27775311	0.23666123	2.29001498	-9.26804256	2.65812659	5.81806517	-2.16282606	3.00000000	0.09365996	0.91714317	0.13856398	3.79857802	0.13312019	-3.22976756	-0.02293077	3.23259115	-11.75907230	-71.41551208	-4.24999285	71.17632294	5.00000000	0.10023678	1.05699468	0.18075138	3.85181594	-0.23100953	-3.13235259	-0.58538938	3.19494581	-13.35176659	-70.46239471	-31.56132126	69.75312042	4.00000000
4.600000	0.15064423	0.49414361	0.93312764	4.98807526	0.11862504	-2.36950254	0.20762978	2.38153815	-5.15828085	15.09197903	10.92767048	-14.63112926	5.00000000	0.12572800	0.74266326	0.57367313	4.39597654	-0.08687296	-2.20296073	0.30014563	2.22501016	-8.96317673	2.62521696	2.52637506	-2.03670645	3.00000000	0.09566734	0.88117182	0.13853747	3.83460546	-0.01681490	-4.02140188	-0.09723268	4.02261209	-16.58883095	-70.88964081	-1.87615180	71.14406586	5.00000000	0.09716067	1.01773155	0.16459972	3.89438272	-0.35626963	-3.89507651	-0.86637360	4.00613928	-14.82710075	-68.18746185	-17.39384079	70.19373322	4.00000000
4.610000	0.15128933	0.47104022	0.93640155	5.01141834	0.06824943	-2.19296980	0.31658262	2.21675420	-4.53016090	15.75655365	7.19003963	-15.15494442	5.00000000	0.12429282	0.72203445	0.57786000	4.41707468	-0.18816708	-2.16275001	0.32089353	2.19450831	-9.57306957	-0.60874021	-1.54291773	1.29880702	3.00000000	0.09445275	0.83480030	0.13558379	3.88108683	-0.23367770	-4.71738863	-0.09265840	4.72408152	-19.20846176	-66.18655396	2.75441432	67.06042480	4.00000000	0.09393515	0.97538525	0.15530989	3.93785596	-0.50591159	-4.74262190	-0.94550622	4.86234426	-16.04598236	-61.80826950	-6.05362940	63.64204407	4.00000000
4.620000	0.15190305	0.44982582	0.94072568	5.03307772	0.02174191	-2.01642060	0.38408685	2.05279016	-4.24627829	14.79490376	2.93707681	-14.43053818	5.00000000	0.12175169	0.70155352	0.58231580	4.43818808	-0.28822985	-2.18435860	0.28300831	2.22139430	-11.58522511	-5.76164103	-5.17147732	6.92181158	3.00000000	0.09058582	0.78292507	0.13370320	3.93314004	-0.46969166	-5.34339905	-0.03998068	5.36415148	-19.33378410	-58.14171219	8.28888607	59.53214264	4.00000000	0.08961129	0.92396545	0.14767532	3.99001884	-0.69464785	-5.36504745	-0.80126286	5.46884727	-17.38545227	-58.27814865	3.76801968	59.04259872	4.00000000
4.630000	0.15194139	0.43080118	0.94531697	5.05264854	-0.01302461	-1.86363828	0.38622516	1.90328324	-4.08552551	12.46445751	-1.40217876	-12.50657368	5.00000000	0.11849026	0.67940867	0.58490860	4.46072149	-0.36518809	-2.27259541	0.16854604	2.30791235	-12.44111156	-10.79422188	-9.08217335	12.39140415	3.00000000	0.08471318	0.72502542	0.13208716	3.99135923	-0.68071425	-5.89363098	0.07827033	5.93332815	-16.63371658	-48.70224762	12.48249722	50.35418320	4.00000000	0.08163081	0.86496878	0.14127947	4.04989529	-0.88664031	-5.72576094	-0.68997848	5.83494139	-18.14470100	-55.54504395	13.95092869	55.69834518	4.00000000
4.640000	0.15160422	0.41361380	0.94934607	5.07030487	-0.04930633	-1.75151896	0.33326098	1.78362346	-3.84597826	9.36558723	-5.28573895	-9.79526615	5.00000000	0.11396838	0.65617430	0.58614737	4.48442411	-0.52487129	-2.43457985	0.06677160	2.49141073	-11.91695881	-14.99639893	-12.45823956	16.95305443	3.00000000	0.07571662	0.66633338	0.13603204	4.05086756	-0.83969778	-6.35138941	0.25258175	6.41163301	-11.56868076	-38.28947449	14.12632370	39.84072113	4.00000000	0.07060267	0.80119580	0.13545792	4.11487627	-1.06188309	-6.09946108	-0.66973352	6.22732401	-16.11351395	-49.19531250	18.16599464	49.52427673	4.00000000
4.650000	0.15078071	0.39732879	0.95270115	5.08695221	-0.09100561	-1.68189573	0.24631320	1.70227075	-3.76358104	6.43872690	-7.87773418	-7.02562094	5.00000000	0.10906116	0.63141102	0.58542126	4.50967932	-0.70512468	-2.62308502	-0.04879782	2.71664453	-11.97515106	-18.44251823	-13.22581959	20.94366646	3.00000000	0.06701844	0.59893477	0.13810600	4.11885691	-0.93236852	-6.68718767	0.43603230	6.76593781	-5.98972321	-24.92774963	13.17049217	26.09798050	5.00000000	0.05724514	0.74067420	0.12965517	4.17712545	-1.25129390	-6.76292562	-0.41444522	6.89018583	-10.79382038	-39.66231155	16.52993584	39.92795944	3.00000000
4.660000	0.14984263	0.38085097	0.95456439	5.10356140	-0.13022621	-1.64616430	0.14579543	1.65773106	-3.90125275	4.51044035	-8.73746777	-4.90441990	5.00000000	0.10339610	0.60490859	0.58295637	4.53689241	-0.79505092	-2.81000471	-0.22739419	2.92915368	-9.91513252	-20.29290390	-13.03539276	22.78679848	3.00000000	0.05586383	0.52924001	0.14469078	4.18974495	-0.94510370	-6.90071154	0.58251905	6.98944664	-1.13168252	-8.70225811	9.25776291	9.31925297	5.00000000	0.04538155	0.67971939	0.12047487	4.23989916	-1.38271415	-7.37818480	-0.08881390	7.50715637	-4.16873455	-26.95228958	15.18048477	26.49177170	3.00000000
4.670000	0.14835384	0.36418474	0.95532382	5.12031126	-0.16666588	-1.62413955	0.04684130	1.63334036	-4.00458097	3.75683403	-8.17389297	-3.72589111	5.00000000	0.08991593	0.57473963	0.58362591	4.56994295	-0.87389362	-3.02264786	-0.37841648	3.16911483	-4.19563055	-20.37727928	-13.02723217	21.90519142	2.00000000	0.04629311	0.45533344	0.15000114	4.26445770	-0.90549999	-6.94418049	0.65410596	7.03345060	2.29720259	8.11134148	2.99017692	-8.13265610	5.00000000	0.03194577	0.60615677	0.11849863	4.31470490	-1.37974310	-7.59480906	0.07286780	7.71946430	3.22789335	-4.89484072	10.19563103	3.79203939	3.00000000
4.680000	0.14641739	0.34771556	0.95511287	5.13689518	-0.20399117	-1.59699512	-0.03724346	1.61040151	-4.02761412	3.73645806	-6.87523127	-3.24500990	5.00000000	0.08095270	0.54382837	0.57793915	4.60262585	-0.94459224	-3.25344396	-0.47555414	3.42100906	0.51628351	-19.68454361	-10.32727146	20.09154510	2.00000000	0.03700927	0.38603297	0.15880345	4.33492899	-0.85459268	-6.74288607	0.65405935	6.82822323	3.67303872	23.80985260	-4.75553799	-24.34765434	5.00000000	0.01514215	0.50738370	0.12998198	4.41555309	-1.25679159	-7.39797497	0.07425484	7.50433683	11.18054676	27.47502708	-2.36554003	-28.76466370	3.00000000
4.690000	0.14414163	0.33185327	0.95414984	5.15294886	-0.24830264	-1.54909289	-0.09431044	1.57169890	-4.12476921	3.83641100	-5.49610043	-2.94806552	5.00000000	0.07232688	0.51039374	0.57071370	4.63790321	-0.88837183	-3.45577478	-0.58812350	3.61627889	3.43063307	-17.50370598	-5.79361200	16.92404747	2.00000000	0.02975033	0.31812036	0.16640526	4.40365028	-0.80224663	-6.36165810	0.56423801	6.43682051	3.04188418	37.98563766	-12.81604671	-38.61967850	4.00000000	0.00085333	0.42686138	0.13564095	4.49752903	-1.09551024	-6.98033381	0.02416068	7.06581831	16.54922676	55.13283920	-14.29000664	-56.02381516	3.00000000
4.700000	0.14155899	0.31674501	0.95282060	5.16833401	-0.29158604	-1.49695444	-0.13124098	1.53072500	-4.45460892	3.55950880	-4.45287991	-2.30451107	5.00000000	0.06367426	0.47470477	0.56372702	4.67528486	-0.77071172	-3.62334967	-0.65910465	3.76258945	6.58968973	-12.93124294	-2.21582413	11.40969181	2.00000000	0.02268193	0.25651500	0.17192301	4.46590471	-0.77254176	-5.88170815	0.39940536	5.94565725	1.47307408	49.34701157	-20.28139305	-49.40723038	4.00000000	-0.00912671	0.36195859	0.13431937	4.56320810	-0.89140373	-6.23343229	-0.18997353	6.29971170	17.01380348	67.57829285	-18.98801231	-67.65824890	3.00000000
4.710000	0.13857606	0.30201170	0.95112723	5.18346119	-0.33354846	-1.45533478	-0.16227961	1.50186169	-4.52374268	2.12107396	-4.04938841	-0.63469803	5.00000000	0.05607102	0.43667030	0.55707926	4.71463728	-0.70187914	-3.75301456	-0.62336671	3.86863542	8.13638878	-6.78769302	1.08696067	4.79125977	2.00000000	0.01474824	0.20030928	0.17484215	4.52274275	-0.76859844	-5.35181427	0.13783076	5.40848017	0.39074618	57.53875732	-26.53367233	-56.15685654	4.00000000	-0.01313227	0.32283673	0.12198260	4.60442400	-0.66545630	-5.22871828	-0.54186445	5.29867411	14.50469112	71.91365051	-18.77497864	-71.23951721	3.00000000
4.720000	0.13479321	0.28818089	0.94964486	5.19787645	-0.37842095	-1.43804395	-0.19985287	1.50037122	-4.13531113	-0.84309572	-4.17162466	2.33941078	5.00000000	0.04932843	0.39797467	0.55139250	4.75432539	-0.62707269	-3.79364061	-0.57111579	3.88730001	7.17798853	0.77783859	4.24224663	-2.66622305	2.00000000	0.00685042	0.14982501	0.17497094	4.57384109	-0.79245263	-4.73920345	-0.17343424	4.80812979	1.06409931	63.79071045	-30.42510223	-60.07706070	4.00000000	-0.01842959	0.27008581	0.11696603	4.65767717	-0.51440603	-4.44620037	-0.80175447	4.54710007	11.75293922	75.94367981	-16.23163033	-74.25405121	3.00000000
4.730000	0.13083024	0.27385268	0.94777006	5.21286058	-0.43409005	-1.44530869	-0.24541368	1.52891445	-4.23121071	-4.33958244	-4.13470078	5.82975435	5.00000000	0.04397454	0.35897651	0.54573476	4.79409409	-0.55743641	-3.74895954	-0.50978410	3.82430553	5.76342726	7.26770115	5.48349905	-8.80562782	2.00000000	-0.00121416	0.10437245	0.17229193	4.62008142	-0.81268454	-4.06264162	-0.52528614	4.17629480	3.92937398	68.42507172	-30.76016998	-61.72944641	4.00000000	-0.02340404	0.22362362	0.11064719	4.70483017	-0.46805537	-3.92064786	-0.86992151	4.04318190	9.04138279	75.20692444	-9.12658787	-72.76329803	3.00000000
4.740000	0.12632588	0.25979885	0.94518024	5.22784424	-0.46519262	-1.51115847	-0.29855818	1.60908079	-4.83653069	-7.62898588	-3.44646478	9.09550858	5.00000000	0.03911936	0.32132351	0.54099178	4.83235407	-0.49751976	-3.61957812	-0.45116046	3.68136096	4.80868292	12.57312202	5.17626286	-13.72771168	2.00000000	-0.00927186	0.06589360	0.16581847	4.65992451	-0.77790844	-3.32223940	-0.87043655	3.52137423	8.50776386	70.35127258	-27.11278152	-60.60668945	4.00000000	-0.02824145	0.18498616	0.10204555	4.74470806	-0.44253710	-3.29522514	-0.86157101	3.43462563	7.31839132	71.24590302	0.66456348	-69.30371857	3.00000000
4.750000	0.12142844	0.24452919	0.94168282	5.24425697	-0.49450698	-1.62835276	-0.34183860	1.73577750	-5.30303097	-10.51827335	-1.94484901	11.78021908	5.00000000	0.03408949	0.28582355	0.53649896	4.86848879	-0.45331377	-3.39496589	-0.39945045	3.44831085	3.99857211	17.86734009	4.66384363	-18.69287682	2.00000000	-0.01743566	0.03590150	0.15456630	4.69298172	-0.65631235	-2.57228780	-1.15099072	2.89347386	13.83706379	68.16273499	-19.74072647	-56.53010941	4.00000000	-0.03296430	0.15581357	0.09045930	4.77645063	-0.36759028	-2.39318752	-0.85972220	2.56935620	7.93569660	69.75351715	7.81116533	-69.04793549	3.00000000
4.760000	0.11559147	0.22880837	0.93763489	5.26150799	-0.56093782	-1.75540876	-0.35505193	1.87674534	-6.39011288	-11.92261124	0.54509449	13.14193535	5.00000000	0.02974699	0.25204664	0.53330159	4.90269327	-0.43807921	-3.27213883	-0.35816330	3.32070589	3.06640434	19.21808052	4.22687721	-19.81440544	2.00000000	-0.02553524	0.01561018	0.13980950	4.71934652	-0.46498990	-1.86461723	-1.32325697	2.33324289	17.71091652	61.48747253	-9.28607750	-50.48926926	5.00000000	-0.03646903	0.13817424	0.08018193	4.79716444	-0.26844901	-1.59477210	-0.74707240	1.78142643	9.53933144	65.63144684	11.53737926	-66.11670685	3.00000000
4.770000	0.11125685	0.20948578	0.93345147	5.28174782	-0.63497609	-1.89253330	-0.33837557	2.02469134	-8.30378914	-10.89087582	3.76790309	12.53280163	4.00000000	0.02563628	0.22188759	0.52994472	4.93331575	-0.40759695	-3.02564955	-0.32417476	3.07014322	2.88050914	21.95696831	3.72204781	-22.42111015	2.00000000	-0.02932414	0.00244911	0.12400396	4.74026012	-0.23554859	-1.25734448	-1.36304367	1.86930096	17.84574318	51.38686752	1.95143020	-43.75566864	5.00000000	-0.03872210	0.12869662	0.07288915	4.80933332	-0.14646320	-0.93611610	-0.56476563	1.10305262	9.79011536	53.32502365	13.85716534	-54.89830399	3.00000000
4.780000	0.10442952	0.18947548	0.93023944	5.30313349	-0.71686256	-2.01846075	-0.28600293	2.16098905	-9.27041149	-8.33830357	6.83040333	10.44478321	4.00000000	0.02195809	0.19462916	0.52708012	4.96096992	-0.37711468	-2.77916026	-0.29018623	2.81960201	2.69461393	24.69585609	3.21721840	-25.02781487	2.00000000	-0.02955777	-0.00619544	0.10991347	4.75679255	-0.00998513	-0.79942334	-1.26210093	1.49401343	14.25042534	39.83337402	11.38930893	-37.31866837	5.00000000	-0.03944898	0.12454190	0.07030703	4.81427860	-0.02825341	-0.50023496	-0.37644455	0.62669271	8.34441185	37.20602417	13.93033791	-39.38364029	3.00000000
4.790000	0.09645516	0.16850743	0.92771047	5.32570887	-0.83127880	-2.09361267	-0.19266009	2.26083088	-9.03747272	-4.98346949	9.07567883	7.48481131	4.00000000													1.00000000	-0.02682810	-0.01164100	0.09802727	4.77014875	0.13346916	-0.49153662	-1.04988205	1.16690814	8.51676464	28.36327171	17.71020317	-31.70173836	5.00000000	-0.03871260	0.12226494	0.06876019	4.81712818	0.05325048	-0.26779583	-0.22980297	0.35687479	5.85933208	23.00456619	11.26933765	-25.23322868	3.00000000
4.800000	0.08762795	0.14678833	0.92590433	5.34922266	-0.94589370	-2.10955095	-0.07320990	2.31306720	-8.10445786	-0.79434806	10.18934822	3.66570926	4.00000000													1.00000000	-0.02356613	-0.01466965	0.08830018	4.78084612	0.15877247	-0.28918326	-0.80355293	0.86863858	2.33012700	18.49254227	20.47391701	-27.00783730	5.00000000	-0.03721506	0.12144514	0.06740103	4.81931019	0.08999376	-0.14724116	-0.14242505	0.22374925	2.87298608	12.31003380	8.10533524	-14.43231583	3.00000000
4.810000	0.07727964	0.12547949	0.92544973	5.37291574	-1.01820219	-2.09329844	0.04648367	2.32826018	-5.51824284	3.44327569	9.68604755	-0.83040988	4.00000000													1.00000000	-0.02166937	-0.01615550	0.08161342	4.78795385	0.11010154	-0.16330622	-0.58135605	0.61381274	-2.29318953	11.20400906	19.58833504	-22.43789482	5.00000000	-0.03559948	0.11929772	0.06497602	4.82292986	0.09128172	-0.09657175	-0.11139263	0.17339773	0.40965015	6.28601170	5.52040434	-8.01550388	4.00000000
4.820000	0.06645863	0.10436455	0.92677838	5.39667940	-1.06720245	-2.04070926	0.14863411	2.30770612	-1.20835197	6.55970764	7.34457207	-5.22016478	4.00000000													1.00000000	-0.02162891	-0.01672016	0.07782018	4.79178905	0.03405261	-0.09716274	-0.39181349	0.40511480	-3.92758060	6.33926058	16.22505188	-17.55344391	5.00000000	-0.03496719	0.11884396	0.06419206	4.82403469	0.07230496	-0.07813331	-0.08389869	0.13554266	-0.88379663	3.24239540	3.57447386	-4.54363060	4.00000000
4.830000	0.05522706	0.08423323	0.92961019	5.41990519	-1.06942546	-1.94964111	0.21977821	2.23451877	3.47119403	8.39158916	3.88589454	-8.88808346	4.00000000													1.00000000	-0.02258116	-0.01724698	0.07545001	4.79439735	-0.02228012	-0.07004068	-0.24373940	0.25458002	-3.20181680	3.26567936	12.32558441	-12.88449287	5.00000000	-0.03477729	0.11848395	0.06392618	4.82452106	0.04805534	-0.05564025	-0.03951682	0.08346695	-1.28612053	1.83105981	2.51191282	-3.05119085	4.00000000
4.840000	0.04429889	0.06502317	0.93270612	5.44222212	-1.00486219	-1.83460879	0.24173109	2.10569978	7.89660311	9.37068748	0.49059916	-11.76613235	4.00000000													1.00000000	-0.02325462	-0.01791104	0.07382438	4.79627800	-0.03855526	-0.06142268	-0.14898950	0.16570191	-1.72359979	1.53121066	8.82620049	-8.79328537	5.00000000	-0.03459216	0.11811162	0.06387533	4.82494020	0.03526645	-0.03397440	-0.00412098	0.04914229	-1.33489239	1.54752350	2.00302672	-2.77382493	4.00000000
4.850000	0.03383655	0.04680263	0.93525136	5.46338654	-0.88574791	-1.73257828	0.20935832	1.95709169	11.82039452	9.43883991	-2.08922744	-13.47844887	4.00000000													1.00000000	-0.02347174	-0.01876774	0.07263308	4.79776144	-0.02515102	-0.05529461	-0.09300504	0.11108557	-0.59964472	0.71032232	5.83710003	-5.29093790	5.00000000	-0.03419407	0.11776187	0.06407391	4.82550621	0.03370885	-0.02791757	0.00273300	0.04385370	-1.29212964	1.41985691	1.18888175	-1.99885869	4.00000000
4.860000	0.02516981	0.03085747	0.93729740	5.48164988	-0.73469245	-1.64610875	0.15267530	1.80907619	14.24046898	8.71099758	-3.52482295	-13.59580994	3.00000000													1.00000000	-0.02340249	-0.01938323	0.07207531	4.79859495	-0.01269053	-0.04822759	-0.05466851	0.07399727	-0.33661625	0.34452179	3.59909534	-2.62505579	5.00000000	-0.03366423	0.11737981	0.06421243	4.82617378	0.02536870	-0.01458867	0.00287555	0.02940525	-1.32157803	1.05571520	0.27096453	-0.70220256	4.00000000
4.870000	0.01896142	0.01537931	0.93827736	5.49835539	-0.57074583	-1.56553471	0.10402451	1.66957200	14.64084435	8.14130878	-3.62591410	-12.81369209	3.00000000													1.00000000	-0.02330540	-0.01970639	0.07183028	4.79901218	-0.01984166	-0.04391346	-0.02740969	0.05543802	-0.79056937	0.08279349	2.19144201	-0.84924847	5.00000000	-0.03322716	0.11717301	0.06415180	4.82666111	0.00657588	-0.00144405	-0.00074481	0.00677364	-1.45115805	0.74502766	-0.12562931	-0.11225487	4.00000000
4.880000	0.01468656	-0.00026658	0.93865055	5.51457930	-0.40776867	-1.49247825	0.07392466	1.54894531	13.49058533	8.38961601	-2.81768537	-12.12417221	3.00000000													1.00000000	-0.02340965	-0.01979295	0.07181468	4.79914856	-0.04100121	-0.04436051	-0.01236753	0.06165963	-1.35917783	-0.12353285	1.28455174	0.27218950	5.00000000	-0.03323121	0.11742980	0.06409870	4.82692337	-0.01621901	0.00722830	-0.00453647	0.01832715	-1.37517357	0.41288334	-0.09950840	-0.00992171	4.00000000
4.890000	0.01159353	-0.01520302	0.93901736	5.52983713	-0.27381486	-1.41873932	0.05583465	1.44599903	11.63742542	9.03374672	-2.07835841	-11.63440418	3.00000000													1.00000000	-0.02396581	-0.02023193	0.07178896	4.79985762	-0.06428386	-0.05018875	-0.00750727	0.08190046	-1.45856571	-0.12299949	0.62141335	0.79700041	5.00000000	-0.03374991	0.11770421	0.06392516	4.82753515	-0.03356685	0.00903315	-0.00477862	0.03508798	-0.88226944	-0.07962362	0.01213245	0.26727164	4.00000000
4.900000	0.00942818	-0.02962878	0.93960977	5.54443645	-0.17755671	-1.32312179	0.04661182	1.33579576	9.58805180	9.41272736	-1.89892757	-10.96852016	3.00000000													1.00000000	-0.02495870	-0.02091291	0.07172914	4.80106306	-0.08043472	-0.05685848	-0.00688744	0.09874244	-1.02280462	0.07007777	0.20412524	0.69131613	5.00000000	-0.03443694	0.11795490	0.06394538	4.82826662	-0.03936887	0.00309677	-0.00274063	0.03958546	-0.16497184	-0.53590173	0.16038036	0.35566443	4.00000000
4.910000	0.00836165	-0.04192500	0.94053119	5.55681324	-0.10618572	-1.21077573	0.03357679	1.21588683	7.64881611	8.97921848	-2.05838585	-9.72720432	3.00000000	-0.03773699	0.03631686	0.53088206	5.13020563	-0.09804212	-0.83462256	0.07130057	0.84338057	8.34977150	10.65458679	-6.17942238	-11.12606907	2.00000000	-0.02605602	-0.02175151	0.07158090	4.80245209	-0.08671403	-0.05589348	-0.00770676	0.10345433	-0.39224198	0.31388927	0.04843936	0.16740733	5.00000000	-0.03496018	0.11780023	0.06393577	4.82881212	-0.03303919	-0.00632064	0.00035390	0.03364021	0.43929034	-0.85466933	0.28289986	0.14400874	4.00000000
4.920000	0.00781220	-0.05340470	0.94075590	5.56830835	-0.03925813	-1.10165477	0.00761698	1.10238039	6.28461885	7.54983282	-2.24714613	-7.79019785	3.00000000	-0.03895665	0.02722500	0.53172189	5.13941717	-0.01305901	-0.73039496	0.00970066	0.73057610	6.62200832	7.64699268	-4.45913267	-7.67922688	2.00000000	-0.02697686	-0.02236328	0.07149740	4.80356073	-0.08375682	-0.04563585	-0.00806755	0.09572314	0.10778798	0.51673007	0.03721292	-0.34936827	5.00000000	-0.03510977	0.11753780	0.06398747	4.82911873	-0.01988597	-0.01720494	0.00365091	0.02654790	0.71273869	-0.98713040	0.35641885	0.10695187	4.00000000
4.930000	0.00768210	-0.06355693	0.94077939	5.57846165	0.02154639	-1.02769208	-0.02485613	1.02821839	5.61528158	5.39855337	-2.32505894	-5.30591965	3.00000000	-0.03924588	0.02035957	0.53199607	5.14629412	0.07192411	-0.62616736	-0.05189925	0.63241774	4.89424562	4.63939905	-2.73884273	-4.23238468	2.00000000	-0.02762734	-0.02271077	0.07143185	4.80430126	-0.07614856	-0.03471483	-0.00720589	0.08399791	0.37030888	0.58229566	0.05749954	-0.60923326	5.00000000	-0.03509820	0.11731309	0.06400739	4.82934475	-0.00786787	-0.02846190	0.00677618	0.03029686	0.66378319	-0.98460156	0.39671245	0.32679996	4.00000000
4.940000	0.00786004	-0.07306803	0.94006646	5.58800125	0.07046641	-1.00104296	-0.05202840	1.00486791	5.16376019	3.09191442	-2.14015102	-2.72284150	3.00000000	-0.03839550	0.01501142	0.53175092	5.15171480	0.08000709	-0.63055998	-0.05047967	0.63761681	4.83124542	4.17656565	-2.31925631	-3.64634538	2.00000000	-0.02827549	-0.02277147	0.07140566	4.80495262	-0.07001533	-0.02910670	-0.00541769	0.07601774	0.51052558	0.46734372	0.08751234	-0.67521113	5.00000000	-0.03507983	0.11716222	0.06405681	4.82950449	-0.00295090	-0.03785156	0.01147340	0.03966216	0.43344438	-0.84411198	0.40995476	0.58363897	4.00000000
4.950000	0.00912322	-0.08246683	0.93922770	5.59752178	0.11684019	-0.99715114	-0.06845593	1.00630426	4.38312721	1.01193678	-1.65231574	-0.49272177	3.00000000	-0.03565582	0.00963198	0.52902949	5.15833664	0.13116014	-0.58666867	-0.06803274	0.60498887	2.99234366	2.20507765	-0.35468817	-1.63324964	3.00000000	-0.02895038	-0.02292134	0.07132307	4.80564880	-0.06732597	-0.02837558	-0.00453473	0.07320194	0.73536736	0.37162033	0.11575811	-0.84240413	5.00000000	-0.03510910	0.11677161	0.06417976	4.82991505	-0.00371163	-0.04636509	0.01607637	0.04921328	0.25160670	-0.43435341	0.36593211	0.45369971	4.00000000
4.960000	0.01065181	-0.09256346	0.93850154	5.60775948	0.16447487	-0.99979389	-0.07987022	1.01637542	3.53578472	-0.46137968	-1.35345256	1.01415110	3.00000000	-0.03469630	0.00368114	0.52875078	5.16437101	0.17273878	-0.58384627	-0.07901341	0.61396927	2.81759596	2.56371617	0.18628354	-1.72157824	3.00000000	-0.02969377	-0.02328801	0.07127885	4.80647898	-0.06459833	-0.02862255	-0.00410018	0.07077433	1.15990269	0.51966447	0.12240164	-1.30065393	5.00000000	-0.03517592	0.11616261	0.06439885	4.83056593	-0.00512122	-0.05277811	0.02067300	0.05691334	0.32428151	0.23405679	0.20488539	-0.06214824	4.00000000
4.970000	0.01251431	-0.10325997	0.93773717	5.61864376	0.20269422	-0.99981946	-0.08908808	1.02404130	3.04314518	-1.22430027	-1.89067173	1.89047945	3.00000000	-0.03358697	-0.00281232	0.52867961	5.17095900	0.18194082	-0.57480836	-0.05658815	0.60556531	3.51435256	4.16170406	-0.22097999	-2.55843878	3.00000000	-0.03038413	-0.02380942	0.07124729	4.80734491	-0.05363963	-0.02581850	-0.00294186	0.05960251	1.65757775	0.84111035	0.18857709	-1.17261791	5.00000000	-0.03527435	0.11541011	0.06467249	4.83137274	-0.00374541	-0.05099463	0.02332410	0.05620048	0.61359352	0.94599742	-0.05141286	-0.28728232	4.00000000
4.980000	0.01465315	-0.11354920	0.93703902	5.62917614	0.21718402	-1.01909149	-0.09676218	1.04646039	2.66370773	-2.21895862	-2.98047566	3.06531191	3.00000000	-0.03161928	-0.00872484	0.52835459	5.17719889	0.19635728	-0.53112948	-0.03865113	0.56758136	3.47563839	5.53170490	-0.11778706	-3.02632618	3.00000000	-0.03094166	-0.02411683	0.07122284	4.80798197	-0.02994219	-0.01398598	-0.00094014	0.03306095	2.08892274	1.00623131	0.24998216	-0.56526768	5.00000000	-0.03531774	0.11484996	0.06492589	4.83198929	0.00481804	-0.03426292	0.02193240	0.04096573	0.88809150	1.50637662	-0.30260643	-0.15030323	4.00000000
4.990000	0.01717784	-0.12307166	0.93585545	5.63909864	0.23305954	-1.04613388	-0.12746949	1.07933378	2.43305683	-4.08562613	-4.29187727	5.15232563	3.00000000	-0.02915824	-0.01420366	0.52791548	5.18322086	0.24985102	-0.45001179	-0.05863756	0.51804876	3.75648832	7.10177946	-0.35711873	-3.46519756	3.00000000	-0.03129318	-0.02417496	0.07121459	4.80833817	0.00091386	0.00447362	0.00126095	0.00473692	2.41427612	0.99784994	0.20593619	-0.06495388	5.00000000	-0.03532577	0.11448342	0.06517277	4.83243132	0.01995250	-0.00791699	0.01540097	0.02641914	1.03101969	1.79748988	-0.47272971	0.00185072	4.00000000
5.000000	0.01975809	-0.13270636	0.93450987	5.64916325	0.26103270	-1.07759225	-0.19110937	1.12510705	3.08612251	-5.93191051	-6.25584745	7.60215569	3.00000000	-0.02662168	-0.01811936	0.52714205	5.18795013	0.30554205	-0.35138357	-0.07788241	0.47211441	4.27399826	7.86440849	-1.28101552	-2.89018369	3.00000000	-0.03110823	-0.02396858	0.07123291	4.80861568	0.02656418	0.02017266	0.00750932	0.03419037	2.44963503	0.96106488	0.19463378	0.72001940	5.00000000	-0.03513012	0.11457288	0.06533215	4.83269882	0.03470406	0.01592537	0.00705849	0.03883055	1.00455260	1.63270354	-0.50141263	0.24058083	4.00000000
5.010000	0.02173298	-0.14438169	0.93319356	5.66107750	0.29044878	-1.15254402	-0.26022294	1.21673095	4.57855844	-7.15430164	-8.18583107	9.77895737	4.00000000	-0.02358771	-0.02111439	0.52628678	5.19229841	0.34927550	-0.26507267	-0.08572638	0.44677278	4.06942320	7.25248766	-1.49282813	-1.69300234	3.00000000	-0.03042449	-0.02354602	0.07128438	4.80942106	0.04838374	0.02088236	0.00754663	0.05323543	2.08692884	0.63498312	0.18250300	1.59156597	5.00000000	-0.03457795	0.11507928	0.06536392	4.83344889	0.04327033	0.03099957	0.00073245	0.05323374	0.74280661	0.94394130	-0.36045361	0.47538728	4.00000000
5.020000	0.02489836	-0.15620573	0.92982244	5.67377377	0.33304113	-1.25569117	-0.34640479	1.34449732	5.91767025	-8.06048298	-8.48413467	11.30209923	4.00000000	-0.01963964	-0.02274762	0.52524537	5.19669628	0.38314399	-0.19596556	-0.09369651	0.44043258	3.00602579	5.65223360	-1.39308965	-0.53757226	3.00000000	-0.02962112	-0.02315107	0.07141025	4.81032515	0.07018298	0.02323451	0.00622620	0.07419069	1.54066348	-0.06522078	0.01985652	1.53670669	5.00000000	-0.03388067	0.11567204	0.06521905	4.83437538	0.04814699	0.03772173	-0.00174853	0.06118920	0.31776044	0.04131994	-0.09781637	0.29091841	4.00000000
5.030000	0.02843910	-0.16897689	0.92567950	5.68765926	0.40740368	-1.34762883	-0.46266812	1.48193896	6.80903959	-7.56247520	-7.12415314	10.93007946	4.00000000	-0.01517257	-0.02408221	0.52413738	5.20148849	0.41226146	-0.14416632	-0.12127955	0.45326832	1.86846745	4.06908751	-2.09950161	0.35697469	3.00000000	-0.02910611	-0.02295140	0.07173590	4.81096649	0.08523479	0.02866120	0.00915819	0.09038975	0.90566540	-0.64502573	-0.03034671	0.77773589	5.00000000	-0.03332677	0.11604922	0.06511424	4.83505344	0.04977810	0.03241096	-0.00050416	0.05940188	-0.08217748	-0.69660336	0.15270130	-0.16115528	4.00000000
5.040000	0.03266708	-0.18331258	0.92091286	5.70334721	0.49937853	-1.42510164	-0.55616695	1.60922813	7.06231403	-4.70219040	-4.57188177	7.82682371	4.00000000	-0.01083380	-0.02562667	0.52354878	5.20613146	0.42866749	-0.12678879	-0.12147277	0.46323520	1.33586693	2.84911776	-2.20519781	0.86449033	3.00000000	-0.02831100	-0.02325408	0.07143538	4.81186867	0.09114790	0.02023112	0.00769862	0.09368301	0.03761165	-1.08406746	0.14106083	0.13490666	4.00000000	-0.03305377	0.11623970	0.06511680	4.83538628	0.04679657	0.01641487	0.00362483	0.04972430	-0.40978834	-1.16784918	0.28657994	-0.44742870	4.00000000
5.050000	0.03803111	-0.19791511	0.91444576	5.72019434	0.57932228	-1.48167694	-0.58451688	1.69488668	6.15917826	-0.25751689	-0.71021169	2.59540558	4.00000000	-0.00673633	-0.02660315	0.52192450	5.21064615	0.42573091	-0.11041620	-0.16332269	0.46916187	0.41373223	2.01162243	-3.20918846	0.90962648	3.00000000	-0.02717731	-0.02255216	0.07167890	4.81322432	0.08846135	-0.00103743	0.00459148	0.08858650	-0.93596709	-1.76145720	0.15584062	-0.25285855	4.00000000	-0.03264513	0.11639994	0.06527292	4.83585215	0.03975661	-0.00211565	0.00891443	0.04079866	-0.74700630	-1.36228800	0.28946579	-0.52075535	4.00000000
5.060000	0.04445822	-0.21368696	0.90735096	5.73864412	0.64188588	-1.46908391	-0.55856854	1.69771135	3.91359353	4.90853786	3.63361573	-3.86011791	4.00000000	-0.00245232	-0.02752532	0.51963091	5.21559238	0.42279434	-0.09404361	-0.20517260	0.47926512	-0.50840247	1.17412710	-4.21317911	0.95476264	3.00000000	-0.02597802	-0.02229111	0.07170315	4.81445169	0.07372725	-0.02080059	0.01017327	0.07727786	-1.72031593	-2.19284558	0.09681343	-0.20386061	4.00000000	-0.03215802	0.11633053	0.06541838	4.83636522	0.03093037	-0.01643045	0.01241745	0.03715966	-1.05001187	-1.19690454	0.20529059	-0.37863478	4.00000000
5.070000	0.05195473	-0.22898531	0.90101939	5.75681877	0.66938436	-1.38360786	-0.48548678	1.61187577	0.78267002	10.01186752	6.91535330	-10.31898499	4.00000000													1.00000000	-0.02510248	-0.02256935	0.07174782	4.81537151	0.04723438	-0.04575890	0.01595821	0.06767295	-2.13031888	-1.91072905	0.12353268	-0.11057487	4.00000000	-0.03168524	0.11601719	0.06554414	4.83694601	0.01959751	-0.02694540	0.01319336	0.03583548	-1.19348812	-0.74606532	0.08320661	-0.18242420	4.00000000
5.080000	0.05901023	-0.24330080	0.89692473	5.77329540	0.66618729	-1.23342955	-0.38812408	1.45457697	-2.29636168	13.94603443	8.30056381	-15.22601986	4.00000000													1.00000000	-0.02497009	-0.02365006	0.07196488	4.81648159	0.01753503	-0.07442276	0.01395009	0.07772278	-2.04089451	-1.24393570	-0.02304339	-0.15953183	4.00000000	-0.03158221	0.11554750	0.06565532	4.83743954	0.00437250	-0.03351855	0.01208012	0.03589625	-1.14654565	-0.25126755	-0.02440019	-0.11539235	4.00000000
5.090000	0.06574097	-0.25472531	0.89456308	5.78676367	0.61832136	-1.05006862	-0.28345683	1.25112474	-4.64512300	15.89278984	7.94167900	-17.68253136	4.00000000													1.00000000	-0.02525171	-0.02470509	0.07222752	4.81760454	-0.00715372	-0.08575317	0.01323502	0.08706289	-1.50891340	-0.50117487	-0.32637188	-0.22844790	4.00000000	-0.03174767	0.11516165	0.06577658	4.83787632	-0.01034529	-0.03295870	0.01094354	0.03623619	-0.98253459	0.14027642	-0.07771422	-0.13688529	4.00000000
5.100000	0.07135832	-0.26384103	0.89265847	5.79763937	0.53890896	-0.87425518	-0.19482473	1.04532373	-6.35401106	15.73224640	6.71874714	-17.91927910	4.00000000													1.00000000	-0.02556522	-0.02570120	0.07238536	4.81866074	-0.01841021	-0.07981455	0.00906959	0.08241089	-0.79264235	0.30279306	-0.48592427	-0.47297156	4.00000000	-0.03204419	0.11485434	0.06590331	4.83832169	-0.01951906	-0.02642739	0.01011907	0.03437727	-0.75939459	0.41856596	-0.07966276	-0.13460234	4.00000000
5.110000	0.07706416	-0.27056867	0.89043647	5.80673647	0.46320593	-0.71322370	-0.14550933	0.86279821	-7.26374722	14.12222290	5.22957468	-16.58528709	3.00000000													1.00000000	-0.02575512	-0.02633755	0.07238946	4.81932497	-0.01659387	-0.06460901	0.00136333	0.06671986	-0.13989055	0.88725460	-0.51488841	-0.86219269	4.00000000	-0.03231173	0.11463370	0.06599257	4.83867979	-0.02249380	-0.01865886	0.00957257	0.03075318	-0.52948749	0.54074860	-0.06960676	-0.08819817	4.00000000
5.120000	0.08070044	-0.27716917	0.88933039	5.81435299	0.39460590	-0.58328629	-0.11927585	0.71425724	-6.79221535	12.39430428	3.55134058	-14.50351143	3.00000000													1.00000000	-0.02583782	-0.02683312	0.07233529	4.81983042	-0.01027606	-0.05151191	-0.00607495	0.05287702	0.28507885	1.03328943	-0.49038789	-1.02317941	4.00000000	-0.03248419	0.11450951	0.06606828	4.83890533	-0.02423205	-0.01259229	0.00903308	0.02876377	-0.34861249	0.50524551	-0.08896004	-0.02874387	4.00000000
5.130000	0.08415208	-0.28279409	0.88856310	5.82099676	0.31946585	-0.48325035	-0.08793274	0.58593643	-5.71504593	11.03001213	2.29837894	-12.49821186	3.00000000													1.00000000	-0.02587697	-0.02722058	0.07223419	4.82023287	-0.00506630	-0.04187087	-0.01060658	0.04348950	0.42956576	0.90998036	-0.33107194	-0.91641438	4.00000000	-0.03264438	0.11443658	0.06614709	4.83909798	-0.02760716	-0.00849975	0.00846796	0.03010162	-0.19307195	0.43465081	-0.14748299	-0.02603358	4.00000000
5.140000	0.08700279	-0.28703105	0.88801515	5.82613277	0.25890672	-0.39177012	-0.06294797	0.47379214	-4.88606119	9.88085938	1.77495480	-10.86773968	3.00000000													1.00000000	-0.02592404	-0.02760991	0.07209684	4.82064819	-0.00202963	-0.03602838	-0.01252939	0.03819881	0.40780625	0.75776035	-0.08645374	-0.74874568	4.00000000	-0.03291035	0.11438462	0.06624242	4.83938503	-0.03194889	-0.00626656	0.00717894	0.03333975	0.01326256	0.41409427	-0.22718950	-0.12348604	4.00000000
5.150000	0.08951441	-0.29031587	0.88728428	5.83033180	0.22898228	-0.28856942	-0.05387912	0.37230116	-3.98461151	9.02300835	1.39745057	-9.37728977	3.00000000													1.00000000	-0.02592792	-0.02799946	0.07195050	4.82106447	0.00069382	-0.03047767	-0.01221187	0.03284052	0.35358292	0.69129288	0.14130287	-0.64155054	4.00000000	-0.03332311	0.11434153	0.06633898	4.83981133	-0.03307996	-0.00325311	0.00440609	0.03353028	0.30081168	0.42513755	-0.29737553	-0.25039360	4.00000000
5.160000	0.09108403	-0.29256803	0.88691133	5.83310223	0.19986828	-0.19209558	-0.04632374	0.28105858	-2.91441607	8.34839249	0.93360460	-7.68765020	3.00000000													1.00000000	-0.02592785	-0.02828140	0.07180636	4.82138109	0.00455702	-0.02370286	-0.00916844	0.02581961	0.32518402	0.69635916	0.30484545	-0.53604615	4.00000000	-0.03380145	0.11427081	0.06639159	4.84029770	-0.02749817	0.00224008	0.00021774	0.02759012	0.62142694	0.46067870	-0.33481801	-0.28021356	4.00000000
5.170000	0.09299088	-0.29423177	0.88634318	5.83569574	0.17019875	-0.11189430	-0.03789365	0.20718078	-2.31033111	7.48953247	0.69427717	-5.79302216	3.00000000													1.00000000	-0.02587383	-0.02850054	0.07170405	4.82162905	0.00864488	-0.01552356	-0.00436002	0.01829548	0.32307771	0.75205123	0.39418203	-0.36740232	4.00000000	-0.03413767	0.11425649	0.06636449	4.84063530	-0.01674211	0.00843766	-0.00418716	0.01921001	0.87238091	0.51233453	-0.32647470	-0.18377547	4.00000000
5.180000	0.09482412	-0.29468942	0.88611680	5.83759880	0.14681616	-0.04981085	-0.02987683	0.15788835	-2.18144155	6.30964804	0.63267928	-3.86708188	3.00000000													1.00000000	-0.02575770	-0.02858424	0.07168662	4.82177305	0.01164870	-0.00760242	0.00082931	0.01393473	0.31199822	0.79433531	0.38676244	-0.12259852	4.00000000	-0.03419850	0.11439803	0.06627052	4.84081554	-0.00460483	0.01337162	-0.00753086	0.01602244	0.93794036	0.50086135	-0.27117297	-0.00771197	4.00000000
5.190000	0.09633079	-0.29459533	0.88583326	5.83913469	0.13361336	0.00711729	-0.02453724	0.13603404	-2.02160382	5.19318819	0.59257275	-2.04073477	3.00000000													1.00000000	-0.02558484	-0.02859703	0.07175576	4.82195950	0.01412130	0.00008722	0.00527650	0.01507515	0.26780316	0.76667261	0.28795457	0.13022965	4.00000000	-0.03402574	0.11465836	0.06613735	4.84115505	0.00601445	0.01806114	-0.00957437	0.02130838	0.79692733	0.39061695	-0.18360369	0.18214884	4.00000000
5.200000	0.09730331	-0.29421291	0.88566774	5.84019279	0.11643711	0.05729173	-0.02015779	0.13132510	-1.80196571	4.49216652	0.62188005	-0.36377943	3.00000000													1.00000000	-0.02541689	-0.02856578	0.07186233	4.82216072	0.01672402	0.00840678	0.00785844	0.02030079	0.20735461	0.66310686	0.14989096	0.30094272	4.00000000	-0.03385742	0.11489651	0.06604069	4.84146214	0.01333368	0.02270316	-0.01074777	0.02843827	0.54120559	0.25516748	-0.09789801	0.28843206	4.00000000
5.210000	0.09811098	-0.29376590	0.88550329	5.84113026	0.09384745	0.09398510	-0.01602173	0.13378055	-1.79178393	4.00005150	0.77188510	0.86961573	3.00000000													1.00000000	-0.02528241	-0.02847767	0.07196535	4.82235146	0.01926334	0.01579829	0.00801987	0.02617213	0.14815433	0.51311725	0.01810842	0.32866177	4.00000000	-0.03375002	0.11504732	0.06595682	4.84166527	0.01670979	0.02495578	-0.01124882	0.03207092	0.27769893	0.13206226	-0.03087610	0.21993001	4.00000000
5.220000	0.09928386	-0.29244494	0.88528115	5.84291077	0.07439566	0.12702221	-0.00774860	0.14740893	-1.96619225	3.23790884	1.01555705	1.36125851	3.00000000													1.00000000	-0.02510696	-0.02829001	0.07204326	4.82261992	0.02045065	0.02045883	0.00658693	0.02966783	0.06981993	0.31075242	-0.08031069	0.20488736	4.00000000	-0.03363948	0.11528027	0.06585668	4.84194183	0.01688149	0.02429696	-0.01107305	0.03159018	0.06138546	-0.02300121	0.02938600	0.00324855	4.00000000
5.230000	0.10010672	-0.29093933	0.88516533	5.84463024	0.05955628	0.16339520	0.00398755	0.17395644	-1.93459618	2.29569888	1.20517516	1.30774271	3.00000000													1.00000000	-0.02485538	-0.02797031	0.07209613	4.82302999	0.02052112	0.02189432	0.00493303	0.03041073	-0.04831619	0.06783172	-0.12766019	-0.02063735	4.00000000	-0.03342547	0.11560866	0.06571514	4.84235859	0.01564603	0.02307023	-0.01068196	0.02985193	-0.10049706	-0.19681817	0.09204403	-0.23686159	4.00000000
5.240000	0.10047049	-0.28901494	0.88524157	5.84659004	0.03937259	0.19059454	0.02009869	0.19565387	-1.65500212	1.48257875	1.30066943	1.06666970	3.00000000													1.00000000	-0.02458041	-0.02767360	0.07212299	4.82343531	0.01974950	0.02107583	0.00350829	0.02909539	-0.17423277	-0.14010620	-0.12610066	-0.24128503	4.00000000	-0.03317873	0.11590064	0.06557839	4.84276438	0.01420438	0.02115034	-0.00962789	0.02723595	-0.20019443	-0.31856254	0.14095579	-0.40107179	4.00000000
5.250000	0.10065769	-0.28707716	0.88554263	5.84855986	0.01680603	0.19512747	0.03606826	0.19914339	-1.26541054	0.76105851	1.31167889	0.68571788	3.00000000													1.00000000	-0.02439464	-0.02749382	0.07214823	4.82369518	0.01752997	0.01795148	0.00239499	0.02520499	-0.25627440	-0.25359201	-0.09962004	-0.37039077	4.00000000	-0.03304110	0.11606970	0.06549765	4.84299707	0.01217624	0.01712112	-0.00776853	0.02239964	-0.22350790	-0.37430444	0.16176833	-0.46183833	4.00000000
5.260000	0.10064963	-0.28471583	0.88608897	5.85098362	0.00372001	0.18722464	0.04681349	0.19302437	-0.75297678	0.12801550	1.16586232	0.24860997	3.00000000													1.00000000	-0.02426830	-0.02739917	0.07217549	4.82385540	0.01353803	0.01358328	0.00148099	0.01923479	-0.29412958	-0.28457305	-0.06952095	-0.41293678	4.00000000	-0.03300868	0.11616690	0.06544219	4.84311342	0.00885498	0.01160807	-0.00524931	0.01551493	-0.19601056	-0.39224848	0.16443302	-0.45270145	4.00000000
5.270000	0.10066196	-0.28276196	0.88670313	5.85303164	0.00108462	0.18365258	0.05793919	0.19257829	-0.21651238	-0.01440073	0.85891360	0.17318328	3.00000000													1.00000000	-0.02416938	-0.02729692	0.07218863	4.82399845	0.00937673	0.01007897	0.00093499	0.01379793	-0.30612525	-0.25777066	-0.04016432	-0.39354214	4.00000000	-0.03297066	0.11624493	0.06542102	4.84320259	0.00590406	0.00679046	-0.00339467	0.00961728	-0.15545209	-0.38017741	0.15572509	-0.38949230	4.00000000
5.280000	0.10054587	-0.28130093	0.88728344	5.85460806	0.00811927	0.18510148	0.06702095	0.19702865	0.04690656	0.39370903	0.55752546	0.53090614	3.00000000													1.00000000	-0.02406540	-0.02718686	0.07219405	4.82415009	0.00666026	0.00824931	0.00072109	0.01062686	-0.27522019	-0.17180008	-0.01018463	-0.29523459	4.00000000	-0.03289333	0.11633486	0.06538262	4.84332705	0.00509446	0.00381023	-0.00248936	0.00683142	-0.09585594	-0.33203945	0.12900466	-0.25730982	4.00000000
5.290000	0.10056885	-0.27989137	0.88779700	5.85610867	0.01551000	0.18907711	0.07130454	0.20266981	-0.10428517	0.77773988	0.27229974	0.82364911	3.00000000													1.00000000	-0.02401948	-0.02708722	0.07217895	4.82426071	0.00469596	0.00727205	0.00077200	0.00869084	-0.18387359	-0.04079004	0.02042690	-0.12473584	4.00000000	-0.03281908	0.11634450	0.06537711	4.84340191	0.00546081	0.00171519	-0.00159157	0.00594099	-0.00970329	-0.25498152	0.09081315	-0.09174314	4.00000000
5.300000	0.10081026	-0.27776057	0.88874578	5.85845375	0.01480592	0.20301019	0.07053763	0.21542495	-0.59574062	0.75650078	-0.09589204	0.72411221	3.00000000													1.00000000	-0.02399866	-0.02704801	0.07219125	4.82430696	0.00268081	0.00693363	0.00112193	0.00751803	-0.06913409	0.10887823	0.04245039	0.06815702	4.00000000	-0.03278045	0.11633071	0.06534632	4.84345341	0.00569401	-0.00088929	-0.00050434	0.00578507	0.06364529	-0.17478843	0.06463626	0.02772728	4.00000000
5.310000	0.10131625	-0.27546465	0.88951397	5.86092710	0.00402555	0.21871550	0.06815840	0.22912495	-1.27307642	0.57946664	-0.40907875	0.54679769	3.00000000													1.00000000	-0.02398604	-0.02700472	0.07220922	4.82435560	0.00175515	0.00813929	0.00172611	0.00850342	0.02170089	0.23978539	0.04437607	0.22902116	4.00000000	-0.03274129	0.11630068	0.06534302	4.84350300	0.00609731	-0.00314439	0.00022662	0.00686409	0.08686655	-0.11354996	0.04272939	0.07606157	4.00000000
5.320000	0.10142637	-0.27297118	0.89033133	5.86355352	-0.01505874	0.22455950	0.06291816	0.23369303	-1.88151741	0.50305623	-0.49787268	0.59161443	3.00000000													1.00000000	-0.02397888	-0.02695109	0.07223696	4.82441664	0.00313815	0.01173004	0.00258653	0.01241499	0.08822121	0.32300520	0.03021138	0.33359882	4.00000000	-0.03269082	0.11627886	0.06536253	4.84356117	0.00748190	-0.00389082	0.00034707	0.00844025	0.06545496	-0.05861787	0.00747138	0.07005596	4.00000000
5.330000	0.10110448	-0.27076951	0.89067310	5.86580467	-0.03817429	0.21735950	0.05343854	0.22706410	-2.16853976	0.47158894	-0.39900717	0.72634155	3.00000000													1.00000000	-0.02396963	-0.02681386	0.07226208	4.82455635	0.00568346	0.01719075	0.00301469	0.01835516	0.13461775	0.33720833	0.01589198	0.36174253	4.00000000	-0.03259988	0.11621869	0.06538532	4.84367275	0.00913984	-0.00322660	0.00028225	0.00969677	0.01736172	0.01379125	-0.03137895	0.01596522	4.00000000
5.340000	0.10028026	-0.26869336	0.89117616	5.86809444	-0.06440958	0.21584083	0.04727045	0.23015289	-2.15062976	0.57920653	-0.24930272	0.96581215	3.00000000													1.00000000	-0.02390641	-0.02661003	0.07228644	4.82477093	0.00745164	0.02153662	0.00267265	0.02294550	0.13169611	0.27223146	-0.00106398	0.29655960	4.00000000	-0.03248975	0.11616847	0.06538827	4.84379387	0.00939394	-0.00268600	-0.00025574	0.00977374	-0.05084485	0.08802076	-0.05530649	-0.05473786	4.00000000
5.350000	0.09952053	-0.26667434	0.89160556	5.87029409	-0.08869686	0.22757524	0.04769067	0.24886146	-2.05519772	1.10177457	0.00585411	1.60449755	3.00000000													1.00000000	-0.02378038	-0.02632613	0.07233603	4.82508564	0.00835095	0.02385341	0.00220444	0.02536894	0.07374699	0.13947669	-0.02425039	0.15151785	4.00000000	-0.03235913	0.11613824	0.06536556	4.84392977	0.00784583	-0.00214409	-0.00113162	0.00821187	-0.12049875	0.12599882	-0.06224101	-0.09532061	4.00000000
5.360000	0.09874452	-0.26474217	0.89204514	5.87242222	-0.10472697	0.24392454	0.05229711	0.27055851	-1.96005201	1.90072334	0.32444555	2.47613931	3.00000000													1.00000000	-0.02364514	-0.02602220	0.07235519	4.82541895	0.00877995	0.02368518	0.00218774	0.02535471	0.00698651	0.00442505	-0.03392073	0.00301154	4.00000000	-0.03226925	0.11617175	0.06534488	4.84402800	0.00537361	-0.00052874	-0.00206797	0.00578202	-0.15633593	0.12548091	-0.05483804	-0.10963248	4.00000000
5.370000	0.09758970	-0.26192373	0.89262331	5.87552261	-0.11980247	0.26326078	0.05539854	0.29449597	-1.85384238	2.44414043	0.46663821	3.01416540	3.00000000													1.00000000	-0.02358775	-0.02581183	0.07235595	4.82563686	0.00847635	0.02240006	0.00195963	0.02403022	-0.04127210	-0.06016921	-0.02286375	-0.07164807	4.00000000	-0.03225039	0.11614118	0.06532987	4.84406710	0.00312862	0.00176157	-0.00261447	0.00444149	-0.14606604	0.09170754	-0.01379454	-0.13941851	4.00000000
5.380000	0.09618115	-0.25897008	0.89321357	5.87884760	-0.13876750	0.29264289	0.06220092	0.32979575	-1.87130642	2.73006725	0.33863956	3.27677155	3.00000000													1.00000000	-0.02353462	-0.02560528	0.07236855	4.82585049	0.00753660	0.02044340	0.00141362	0.02183418	-0.08665336	-0.04021645	-0.01262098	-0.06263024	4.00000000	-0.03227026	0.11615673	0.06530411	4.84410334	0.00195606	0.00309199	-0.00269953	0.00454687	-0.10042163	-0.02553603	0.06689805	-0.06546982	4.00000000
5.390000	0.09475021	-0.25603375	0.89386004	5.88217735	-0.15989697	0.32746008	0.06831884	0.37076220	-2.07225966	3.05486512	0.02065956	3.61811852	3.00000000													1.00000000	-0.02347491	-0.02546981	0.07239623	4.82600117	0.00651806	0.01976347	0.00116546	0.02084318	-0.11844014	0.03160364	-0.02025192	0.00126214	4.00000000	-0.03227907	0.11618614	0.06526849	4.84415054	0.00165741	0.00289585	-0.00221984	0.00400758	-0.02613913	-0.19389440	0.19630116	0.14112024	4.00000000
5.400000	0.09301992	-0.25286418	0.89450556	5.88584566	-0.18048559	0.35675851	0.06921837	0.40576208	-2.34771132	3.37067175	-0.37792072	3.99052334	3.00000000													1.00000000	-0.02337397	-0.02523492	0.07241841	4.82625771	0.00525784	0.02088485	0.00142598	0.02158368	-0.09134348	0.04888032	-0.01274577	0.02179933	4.00000000	-0.03224150	0.11628260	0.06523182	4.84426022	0.00155851	0.00021805	0.00011157	0.00157764	0.03783301	-0.37042329	0.36970431	0.36659116	4.00000000
5.410000	0.09133484	-0.24920908	0.89535129	5.88995838	-0.20276146	0.38777414	0.06158451	0.44189778	-2.63872027	3.64518523	-0.74583220	4.34620142	3.00000000													1.00000000	-0.02330058	-0.02505081	0.07241820	4.82645607	0.00350331	0.02334203	0.00150750	0.02365156	0.00501470	-0.04280270	0.02681815	-0.03383377	4.00000000	-0.03217771	0.11631064	0.06522025	4.84433079	0.00203003	-0.00626389	0.00414420	0.00778021	0.05046091	-0.56338149	0.52491635	0.60011429	4.00000000
5.420000	0.08900837	-0.24476656	0.89606571	5.89502382	-0.23029396	0.42483059	0.04687210	0.48550317	-2.86880803	4.35513926	-0.89634055	5.07489729	3.00000000													1.00000000	-0.02328441	-0.02477982	0.07241607	4.82672739	0.00281368	0.02512112	0.00082850	0.02529178	0.14115793	-0.16842464	0.05022798	-0.06229322	4.00000000	-0.03217077	0.11625093	0.06526095	4.84440327	0.00370182	-0.01210968	0.01139833	0.01703730	0.07671874	-0.69970304	0.55136931	0.80192125	4.00000000
5.430000	0.08668270	-0.24042520	0.89656329	5.89997387	-0.26330444	0.46847659	0.03360410	0.53845036	-3.06893182	5.83265543	-0.64975274	6.50067568	3.00000000													1.00000000	-0.02331655	-0.02453075	0.07244866	4.82698059	0.00511858	0.02109520	0.00166371	0.02177097	0.26540679	-0.20183535	0.00889971	-0.02781623	4.00000000	-0.03218437	0.11601575	0.06541476	4.84468460	0.00453424	-0.02017822	0.01985139	0.02866701	0.18982121	-0.64200777	0.38849497	0.76833266	4.00000000
5.440000	0.08389265	-0.23570737	0.89656615	5.90545511	-0.29843572	0.52303112	0.02592107	0.60274148	-3.24188542	7.68144178	0.06715845	8.29347324	3.00000000													1.00000000	-0.02332431	-0.02422626	0.07245943	4.82728529	0.01003592	0.01438850	0.00332594	0.01785526	0.30299386	-0.10396837	-0.08418711	0.03565191	4.00000000	-0.03214696	0.11569846	0.06561825	4.84506321	0.00436082	-0.02910520	0.02569146	0.03906636	0.32402509	-0.38072067	0.05917198	0.45947906	4.00000000
5.450000	0.08076591	-0.23058721	0.89650333	5.91145468	-0.32829219	0.60791063	0.02828191	0.69147015	-3.36759210	9.50623322	1.00939071	10.06564331	3.00000000													1.00000000	-0.02319857	-0.02404559	0.07245724	4.82750559	0.01561052	0.01078324	0.00334022	0.01926457	0.20592433	0.16505477	-0.21359706	0.24449506	4.00000000	-0.03201297	0.11553033	0.06603710	4.84553385	0.00767990	-0.03478067	0.02438445	0.04316570	0.39471683	0.05551900	-0.37969172	0.08257201	4.00000000
5.460000	0.07722881	-0.22442849	0.89680648	5.91856337	-0.36135626	0.72591972	0.04464586	0.81211519	-3.47071528	11.11820221	1.80986047	11.62258339	3.00000000													1.00000000	-0.02292493	-0.02416790	0.07255519	4.82782078	0.01832028	0.01540903	-0.00035632	0.02394155	0.00705516	0.60305399	-0.36820030	0.63002932	4.00000000	-0.03196034	0.11503766	0.06635576	4.84612274	0.01519428	-0.03217030	0.01606091	0.03903520	0.43391290	0.72623247	-0.81401753	-0.02845945	4.00000000
5.470000	0.07332858	-0.21677643	0.89736772	5.92717028	-0.39520603	0.85475010	0.07399569	0.94459563	-3.66506577	11.96434212	2.32846236	12.51851368	3.00000000													1.00000000	-0.02264884	-0.02417475	0.07258553	4.82809877	0.01623927	0.02535507	-0.00631890	0.03076559	-0.23473883	0.98907483	-0.46398357	0.92437351	4.00000000	-0.03190213	0.11466909	0.06658595	4.84656096	0.02210517	-0.02123993	0.00371709	0.03088025	0.41940409	1.51111782	-1.08978117	0.29436108	4.00000000
5.480000	0.06949738	-0.20712677	0.89830989	5.93759537	-0.43491378	0.98491406	0.10553996	1.08182454	-3.84744430	11.42111778	2.56315351	12.15226555	3.00000000													1.00000000	-0.02243494	-0.02393722	0.07255907	4.82841969	0.01066749	0.03968443	-0.01281686	0.04304557	-0.46018463	0.98147762	-0.43989077	0.86188036	4.00000000	-0.03162722	0.11424723	0.06641852	4.84709167	0.02497098	-0.00200377	-0.01027640	0.02707710	0.23352131	2.09081030	-1.09927297	0.76993048	4.00000000
5.490000	0.06491829	-0.19621389	0.89947891	5.94948769	-0.47493449	1.10564423	0.13064146	1.21040452	-3.72151089	9.69949150	2.54396510	10.57425117	3.00000000													1.00000000	-0.02244609	-0.02318896	0.07227725	4.82921934	0.00448589	0.05505086	-0.01804785	0.05810719	-0.61616427	0.71316010	-0.14681172	0.62324774	4.00000000	-0.03119193	0.11438721	0.06615330	4.84762049	0.02624717	0.02679912	-0.02307333	0.04403958	-0.10177092	2.21307850	-0.90113348	1.11317599	4.00000000
5.500000	0.06014143	-0.18458506	0.90103161	5.96215487	-0.51770782	1.20042431	0.15183587	1.31609046	-3.27128410	7.35997820	2.46730542	8.29461956	3.00000000													1.00000000	-0.02250743	-0.02248040	0.07199907	4.82998323	-0.00205599	0.06347802	-0.01957274	0.06645884	-0.65437633	0.48603877	0.33528608	0.47284859	4.00000000	-0.03081298	0.11485597	0.06584721	4.84829664	0.02519033	0.05716135	-0.03177188	0.07008156	-0.40681133	1.87492096	-0.60411572	1.20898449	4.00000000
5.510000	0.05434570	-0.17210704	0.90274984	5.97601986	-0.55210811	1.25676167	0.17355283	1.38361621	-2.55284595	4.60748243	2.58894849	5.55977583	3.00000000													1.00000000	-0.02256463	-0.02175709	0.07175373	4.83074903	-0.00890112	0.05687495	-0.01749278	0.06016633	-0.57251793	0.08583218	0.60484946	0.13895947	4.00000000	-0.03069541	0.11565079	0.06553777	4.84915781	0.01889250	0.07790886	-0.03439051	0.08723202	-0.58616811	1.11964381	-0.26717278	0.81939834	4.00000000
5.520000	0.04869813	-0.15895326	0.90443015	5.99043322	-0.57141304	1.28295314	0.19860962	1.41842425	-1.56622720	1.75034988	2.84839034	2.65910029	3.00000000													1.00000000	-0.02256759	-0.02119088	0.07164067	4.83132648	-0.01631520	0.05493113	-0.00135650	0.05731888	-0.45892918	-0.41655010	0.63430864	-0.33353153	4.00000000	-0.03058530	0.11675420	0.06516162	4.85032892	0.00856663	0.08251785	-0.03420860	0.08973745	-0.67339557	0.08754469	0.05432546	-0.06163331	4.00000000
5.530000	0.04248747	-0.14550322	0.90643710	6.00538349	-0.58130437	1.28602326	0.23025273	1.42996049	-0.39718148	-0.64631301	2.98903942	0.10169248	3.00000000													1.00000000	-0.02272670	-0.02077032	0.07162176	4.83177662	-0.02039849	0.05638753	0.01296469	0.06134929	-0.32121798	-0.56407917	0.62860292	-0.47156924	4.00000000	-0.03050315	0.11772970	0.06475616	4.85138845	-0.00035920	0.07506559	-0.03207972	0.08163381	-0.65659893	-0.85908473	0.29078588	-0.92607391	4.00000000
5.540000	0.03694357	-0.13266271	0.90876162	6.01956177	-0.57959551	1.26399732	0.26663789	1.41587996	0.58145273	-2.37000370	2.84407043	-1.81561804	3.00000000													1.00000000	-0.02304621	-0.02063116	0.07164747	4.83212614	-0.02101014	0.04591586	0.01312457	0.05217228	-0.09549168	-0.64959109	0.30751324	-0.58740252	4.00000000	-0.03048473	0.11845016	0.06442719	4.85218048	-0.00544521	0.05755716	-0.02825558	0.06434947	-0.51906163	-1.43344545	0.42973769	-1.39492714	4.00000000
5.550000	0.03114432	-0.12024257	0.91170710	6.03358221	-0.56715363	1.22395957	0.29881746	1.38167727	1.39346468	-3.73261166	2.19087791	-3.45047998	3.00000000													1.00000000	-0.02349113	-0.01951634	0.07246999	4.83358145	-0.02192485	0.03537931	0.01123299	0.04311119	0.11151502	-1.05120921	-0.30649015	-0.83758473	5.00000000	-0.03064650	0.11884358	0.06418674	4.85266924	-0.00872808	0.03640925	-0.02244146	0.04365125	-0.32562959	-1.60868204	0.51292181	-1.45396852	4.00000000
5.560000	0.02540063	-0.10824723	0.91516256	6.04732323	-0.54472739	1.17866147	0.32065162	1.33745587	2.30265403	-4.82682276	0.89502555	-5.03961515	3.00000000													1.00000000	-0.02357047	-0.01922967	0.07239301	4.83388853	-0.02003188	0.02946590	0.00998750	0.03700359	0.16275644	-1.20534456	-0.53166986	-0.78886276	5.00000000	-0.03084373	0.11901132	0.06401949	4.85297728	-0.01101551	0.01835457	-0.01614522	0.02681231	-0.17182855	-1.46740186	0.54926896	-1.21085465	4.00000000
5.570000	0.01986024	-0.09670235	0.91861486	6.06058598	-0.52289885	1.13043690	0.32775152	1.28791761	3.26418090	-5.54146528	-0.72448820	-6.39604998	3.00000000													1.00000000	-0.02365513	-0.01914078	0.07226311	4.83406734	-0.01508576	0.01395921	-0.00168861	0.02062259	0.18128276	-0.96945894	-0.40735066	-0.60727537	5.00000000	-0.03094992	0.11908909	0.06388399	4.85316610	-0.01256657	0.00506584	-0.01046800	0.01712193	-0.08311750	-1.10499561	0.52902251	-0.79838413	4.00000000
5.580000	0.01476110	-0.08546907	0.92196470	6.07336903	-0.48946625	1.07017577	0.31051385	1.21707523	4.09574175	-5.96101713	-2.20921540	-7.40464211	3.00000000													1.00000000	-0.02379065	-0.01924122	0.07210811	4.83429623	-0.01254384	-0.00442596	-0.01231177	0.01812503	0.24551757	-0.75388181	-0.31905258	-0.58669204	5.00000000	-0.03099311	0.11907620	0.06379837	4.85326290	-0.01229225	-0.00315917	-0.00535169	0.01377390	-0.01906685	-0.68803424	0.45512536	-0.41018486	4.00000000
5.590000	0.01023096	-0.07490277	0.92504650	6.08527136	-0.44058913	1.00311756	0.27083355	1.12858963	4.91380167	-6.25462961	-3.38999200	-8.19787121	3.00000000													1.00000000	-0.02394592	-0.01933182	0.07202997	4.83449221	-0.01319982	-0.00844734	-0.00972164	0.01844189	0.27986649	-0.49035096	-0.13072650	-0.49565551	5.00000000	-0.03108163	0.11901383	0.06376260	4.85337687	-0.01162317	-0.00741668	-0.00097373	0.01382221	0.05841963	-0.32909679	0.34988794	-0.18769494	4.00000000
5.600000	0.00574580	-0.06513174	0.92781854	6.09637403	-0.38135019	0.93547696	0.22385766	1.03472579	5.74254084	-6.23765898	-4.07987165	-8.53612900	3.00000000	-0.02670173	0.05014574	0.52588660	5.29720116	-0.34198409	0.18702307	-0.00181993	0.38978720	8.24274158	4.24657297	0.35810390	-3.70290661	2.00000000	-0.02413005	-0.01944692	0.07193699	4.83472824	-0.01115339	-0.00667882	-0.00629170	0.01444266	0.30608577	-0.08208583	0.18020339	-0.31827152	5.00000000	-0.03128062	0.11886750	0.06379499	4.85362577	-0.01127482	-0.00808779	0.00232570	0.01406922	0.12727940	-0.05323222	0.22186834	-0.14309941	4.00000000
5.610000	0.00208842	-0.05644838	0.92975819	6.10599375	-0.32140481	0.87385225	0.17973581	0.94827414	6.18809748	-5.75095892	-3.97351742	-8.06002712	3.00000000	-0.03014690	0.05163690	0.52562958	5.30096388	-0.25907046	0.22630952	0.00213683	0.34400302	6.99034262	2.09764457	0.30333298	-3.72524261	2.00000000	-0.02422546	-0.01955300	0.07186632	4.83488750	-0.00658372	-0.00299459	-0.00292199	0.00780070	0.35417700	0.16839206	0.30272049	-0.25791070	5.00000000	-0.03143091	0.11873842	0.06386339	4.85383558	-0.01028489	-0.00671943	0.00405634	0.01293768	0.13594210	0.10947800	0.08745851	-0.16347145	4.00000000
5.620000	-0.00072252	-0.04819992	0.93097174	6.11479235	-0.25546965	0.81488639	0.13795544	0.86506432	6.21763611	-5.05525827	-3.24965048	-7.06979656	3.00000000	-0.03306835	0.05407913	0.52595538	5.30478573	-0.17615680	0.26559597	0.00609358	0.31876257	5.73794365	-0.05128383	0.24856207	-3.74757862	2.00000000	-0.02428653	-0.01956196	0.07184982	4.83495140	-0.00066931	-0.00097884	-0.00045020	0.00126838	0.35517433	0.14973170	0.23911622	-0.21099950	5.00000000	-0.03152677	0.11867790	0.06392445	4.85396433	-0.00766134	-0.00413706	0.00395595	0.00956352	0.09439947	0.13023399	-0.02605654	-0.14130034	4.00000000
5.630000	-0.00275167	-0.04034149	0.93201935	6.12297583	-0.18828881	0.76891929	0.10448495	0.79850280	6.11708450	-4.35157633	-2.50148225	-5.97297716	3.00000000	-0.03432838	0.05709548	0.52615154	5.30806065	-0.14848450	0.24205834	0.00233750	0.28398123	5.69407368	-0.73181540	0.22673021	-4.01199436	2.00000000	-0.02423649	-0.01945380	0.07189410	4.83507872	0.00381706	0.00005307	0.00195124	0.00428720	0.27518725	0.03050386	0.15798377	-0.09382790	5.00000000	-0.03153330	0.11871379	0.06396496	4.85401869	-0.00534635	-0.00114230	0.00232700	0.00594165	0.03104068	0.04332213	-0.09988009	-0.05579395	4.00000000
5.640000	-0.00431540	-0.03257775	0.93301564	6.13095808	-0.12918814	0.73287714	0.08889834	0.74946737	5.93119717	-3.44566536	-1.93174112	-4.63109207	3.00000000	-0.03517033	0.06040239	0.52602369	5.31147528	-0.08519031	0.22389288	0.01248568	0.23987769	4.47816038	-2.37920952	0.07454310	-3.95569134	2.00000000	-0.02413952	-0.01943741	0.07194031	4.83518744	0.00514200	0.00005153	0.00357584	0.00626335	0.15551826	-0.07140305	0.07771379	0.06732622	5.00000000	-0.03154896	0.11872425	0.06397261	4.85403919	-0.00576358	-0.00070551	0.00042220	0.00582193	-0.05385499	-0.07597627	-0.12932892	0.07458152	4.00000000
5.650000	-0.00524244	-0.02577730	0.93378717	6.13786459	-0.07358927	0.70112747	0.08201549	0.70973349	5.62380600	-2.28305197	-1.45021844	-2.98148775	3.00000000	-0.03541137	0.06232202	0.52589089	5.31341457	-0.03902592	0.18600498	0.01268436	0.19047774	4.06473541	-2.50469732	-0.09589642	-3.25965977	2.00000000	-0.02402455	-0.01945616	0.07197770	4.83530998	0.00484302	-0.00193071	0.00376112	0.00642872	0.04594437	-0.11103002	0.01480254	0.10601530	5.00000000	-0.03158550	0.11874643	0.06395712	4.85408449	-0.00810691	-0.00347539	-0.00105103	0.00888285	-0.14753100	-0.19870451	-0.12722775	0.22358154	4.00000000
5.660000	-0.00585919	-0.01875169	0.93449599	6.14495277	-0.01903196	0.67613381	0.06911357	0.67992342	5.46026373	-1.17984211	-1.21031809	-1.41633749	3.00000000	-0.03594566	0.06360254	0.52600890	5.31480694	-0.00443502	0.14684671	0.00859251	0.14716473	3.93967128	-1.19848228	-0.53606099	-1.42387795	2.00000000	-0.02399476	-0.01955703	0.07200782	4.83541918	0.00431842	-0.00458369	0.00279738	0.00689089	0.01142228	-0.12208850	-0.02755805	0.05054397	5.00000000	-0.03169927	0.11870776	0.06392833	4.85420799	-0.01067799	-0.00761164	-0.00185401	0.01324363	-0.19764109	-0.24366707	-0.09510230	0.29021272	4.00000000
5.670000	-0.00575380	-0.01251862	0.93525690	6.15123320	0.03381456	0.67159593	0.05352944	0.67457390	5.52527761	-0.09070982	-1.30361140	0.09899586	3.00000000	-0.03598244	0.06424748	0.52671015	5.31576061	0.02608821	0.12798746	0.00622570	0.13076752	3.34068179	0.70581645	-0.93272483	1.03189445	2.00000000	-0.02402971	-0.01958104	0.07204416	4.83547497	0.00416635	-0.00566693	0.00186743	0.00727735	0.05028423	-0.08525505	-0.00956705	0.06194552	5.00000000	-0.03186437	0.11859056	0.06390759	4.85441160	-0.01272165	-0.01080011	-0.00252152	0.01687723	-0.17846639	-0.11696693	-0.02937868	0.20912291	4.00000000
5.680000	-0.00510276	-0.00577622	0.93587214	6.15803480	0.08683170	0.68360597	0.04003445	0.69026053	5.64984560	1.13985431	-1.45578265	1.75858724	3.00000000	-0.03549443	0.06552134	0.52659601	5.31712961	0.05982403	0.15110280	-0.01077801	0.16287152	2.87084222	3.14849281	-0.97306561	3.62001514	2.00000000	-0.02401449	-0.01963716	0.07205872	4.83553505	0.00467428	-0.00579356	0.00152917	0.00759951	0.10522518	0.03594036	0.10547901	0.13114820	5.00000000	-0.03201209	0.11843212	0.06388620	4.85462904	-0.01437509	-0.01305578	-0.00341373	0.01971675	-0.12117899	0.13039552	0.04000060	0.09285356	4.00000000
5.690000	-0.00389080	0.00077512	0.93603539	6.16469908	0.14498876	0.70020044	0.02751648	0.71558338	5.82512569	2.32953477	-1.51727259	3.37082791	3.00000000	-0.03451686	0.06699308	0.52642852	5.31890440	0.09520762	0.20622566	-0.02731581	0.22877865	2.53665805	5.57446766	-1.05839968	6.06003618	2.00000000	-0.02392430	-0.01969200	0.07205496	4.83564043	0.00652340	-0.00548437	0.00224380	0.00881293	0.15471746	0.20615971	0.32856655	0.31136486	5.00000000	-0.03213122	0.11825664	0.06386890	4.85484171	-0.01547520	-0.01062633	-0.00285823	0.01898868	-0.06997797	0.35603878	0.07515183	0.04333424	4.00000000
5.700000	-0.00227746	0.00828802	0.93614268	6.17238379	0.20605008	0.72639275	0.01180569	0.75514394	6.16743183	3.20520973	-1.65550983	4.68795824	3.00000000	-0.03342450	0.06916152	0.52592367	5.32138443	0.11587155	0.28234360	-0.03623018	0.30733818	2.37267089	7.38981533	-1.08026791	7.81920433	2.00000000	-0.02381183	-0.01975243	0.07205967	4.83576822	0.00882431	-0.00366724	0.00569951	0.01112661	0.20134258	0.35908964	0.67486364	0.65122628	5.00000000	-0.03226849	0.11815590	0.06380887	4.85502243	-0.01564442	-0.00345216	-0.00066031	0.01603438	-0.05171591	0.49639282	0.08726709	0.03482825	4.00000000
5.710000	-0.00006982	0.01565276	0.93615341	6.18007231	0.26739454	0.76399213	-0.00541061	0.80945235	6.54744720	3.87144184	-1.93588090	5.79714918	3.00000000	-0.03195017	0.07239557	0.52489382	5.32508469	0.12991509	0.36501175	-0.03966937	0.38946781	2.21733642	8.40076256	-0.96776158	8.71016598	2.00000000	-0.02372090	-0.01982939	0.07209882	4.83589363	0.01082951	0.00150893	0.01320417	0.01714366	0.24274234	0.54735804	1.14065897	1.13669133	5.00000000	-0.03244428	0.11806288	0.06375618	4.85522795	-0.01531324	0.00519883	0.00128597	0.01622273	-0.04087050	0.54786402	0.08492213	0.05430663	4.00000000
5.720000	0.00300302	0.02325333	0.93630904	6.18827200	0.33219111	0.81222576	-0.02475679	0.87788069	6.79252815	4.43651915	-2.18326259	6.73292589	3.00000000	-0.03065374	0.07642265	0.52519739	5.32932615	0.14791790	0.45808464	-0.05036841	0.48400229	2.31041598	9.00637531	-1.14111686	9.32230186	2.00000000	-0.02364345	-0.01983073	0.07222277	4.83604002	0.01309655	0.00879741	0.02632830	0.03069354	0.35854694	0.77098548	1.70472980	1.77206850	5.00000000	-0.03265316	0.11824373	0.06381667	4.85551071	-0.01551195	0.01071921	0.00147348	0.01891278	0.01436085	0.49534515	0.05434298	0.10635240	4.00000000
5.730000	0.00676238	0.03127294	0.93597168	6.19713545	0.40573817	0.86003679	-0.04906505	0.95220488	6.99006987	4.74553919	-2.21187210	7.34703922	3.00000000	-0.02933651	0.08172394	0.52455664	5.33482599	0.17619035	0.54791963	-0.06081561	0.57875514	2.86193585	9.45710278	-1.26701915	9.94932652	2.00000000	-0.02352047	-0.01970465	0.07251797	4.83638382	0.01595157	0.01614586	0.04652447	0.05176550	0.59530729	0.96491843	2.39769721	2.58266330	5.00000000	-0.03278068	0.11845589	0.06390783	4.85577440	-0.01682965	0.01360625	0.00104935	0.02166722	0.09571238	0.42891318	0.05158554	0.18897682	4.00000000
5.740000	0.01104353	0.04028277	0.93535542	6.20712948	0.47908407	0.90864015	-0.07635355	1.03003800	7.11716032	4.50222588	-1.91598189	7.36950397	3.00000000	-0.02762885	0.08743805	0.52441686	5.34079123	0.20462741	0.64257014	-0.07731517	0.67878306	3.66477060	9.92696667	-0.90437168	10.61535263	2.00000000	-0.02333080	-0.01943949	0.07300916	4.83697319	0.02065922	0.02779549	0.07311199	0.08089966	0.80848843	1.19678044	3.42495108	3.69263864	5.00000000	-0.03290120	0.11871146	0.06395222	4.85606050	-0.01652449	0.01599696	0.00084812	0.02301479	0.12004350	0.42863002	0.12590684	0.29311752	4.00000000
5.750000	0.01612528	0.05001854	0.93427521	6.21816492	0.55021685	0.95699561	-0.09916623	1.10833800	7.01395559	3.49142146	-1.17607665	6.59023333	3.00000000	-0.02538062	0.09451180	0.52288091	5.34837103	0.24414283	0.74391758	-0.09923775	0.78921938	4.11591530	10.73461342	-0.00155391	11.45393276	2.00000000	-0.02308319	-0.01911291	0.07385239	4.83791065	0.03214044	0.03998854	0.10788757	0.11946472	0.83023506	1.77496159	5.17428160	5.51624537	5.00000000	-0.03306157	0.11873384	0.06386279	4.85624552	-0.01285880	0.01930725	0.00157747	0.02325096	0.08649213	0.89221299	0.51073301	0.87618804	4.00000000
5.760000	0.02210988	0.05993546	0.93307722	6.22980928	0.62080479	0.99894887	-0.11024723	1.18129241	6.75025702	1.79275119	0.02006777	5.16911840	3.00000000	-0.02233557	0.10190900	0.52177286	5.35644674	0.29113641	0.84979868	-0.09601016	0.90340257	3.85005045	12.39282322	1.45635378	12.89335060	2.00000000	-0.02281793	-0.01879621	0.07507134	4.83919764	0.04658766	0.05552767	0.15676475	0.17271051	0.61278445	3.03212976	7.93550873	8.49444389	5.00000000	-0.03330979	0.11883689	0.06381112	4.85651922	-0.00932083	0.02700854	0.00582604	0.02915959	0.00646617	1.88746905	1.25261128	2.09540749	4.00000000
5.770000	0.02870284	0.06981607	0.93182474	6.24175358	0.68709272	1.01537764	-0.10442336	1.23044395	6.35471201	-0.40896434	1.43660486	3.31834936	3.00000000	-0.01964667	0.11127196	0.52055264	5.36626434	0.34778416	0.97200531	-0.07559657	1.03511500	2.82988596	15.17682362	3.73567700	15.32287312	2.00000000	-0.02238653	-0.01806190	0.07671059	4.84104490	0.05529628	0.08028810	0.23708244	0.25634339	0.31836006	5.05999231	11.84018803	12.82615185	5.00000000	-0.03339556	0.11908876	0.06386598	4.85679102	-0.01044394	0.03873190	0.01426078	0.04257471	-0.22893833	2.83886170	2.02060461	3.36084342	4.00000000
5.780000	0.03606575	0.08027650	0.93072939	6.25459242	0.74945945	0.99485785	-0.08002619	1.24813294	5.58574915	-3.02529335	2.59941912	1.02591407	3.00000000	-0.01580515	0.12137090	0.51962739	5.37710857	0.37667000	1.12111926	-0.02616793	1.18299341	0.75494146	19.25905609	6.40536499	19.05591011	2.00000000	-0.02152538	-0.01740742	0.07908014	4.84364986	0.05324764	0.13298793	0.36956871	0.39636111	0.02175424	8.04130173	16.66274834	18.38661003	5.00000000	-0.03332828	0.11961312	0.06407490	4.85735941	-0.01421847	0.08242571	0.04455913	0.09477171	-0.53998774	3.86246371	2.90379381	4.78320169	4.00000000
5.790000	0.04375602	0.09076668	0.92984521	6.26762962	0.80766392	0.94463897	-0.04026492	1.24349713	4.41949320	-5.67450190	3.11392593	-1.40958619	3.00000000	-0.01196007	0.13304849	0.52006036	5.38941050	0.37627906	1.32686031	0.04589458	1.37994587	-2.22721982	23.94653130	8.87055397	23.55784416	2.00000000	-0.02075397	-0.01600343	0.08265409	4.84756660	0.04323050	0.22712919	0.56157100	0.60730433	-0.23023134	12.18990707	21.22991753	24.28293800	5.00000000	-0.03335036	0.12036904	0.06446564	4.85821056	-0.02065782	0.13668437	0.08394780	0.16173001	-0.61983144	5.82996941	4.51221275	7.34586334	4.00000000
5.800000	0.05205367	0.10049862	0.92963880	6.28042030	0.85127014	0.87393135	0.00435213	1.22001469	2.81386423	-7.41917896	2.83300853	-3.42793655	3.00000000	-0.00666850	0.14658506	0.52013159	5.40394497	0.33916417	1.59673405	0.15717992	1.63990772	-4.56683064	27.46664047	10.88721752	27.23808479	3.00000000	-0.02028920	-0.01406534	0.08875538	4.85398531	0.04134136	0.36244994	0.81634980	0.89415103	-0.14922264	17.09396744	23.41281700	28.64234161	5.00000000	-0.03370398	0.12138692	0.06508107	4.85945129	-0.03246159	0.18536100	0.12348952	0.22508246	-0.53688627	9.04057693	6.82394600	11.29526520	4.00000000
5.810000	0.06103690	0.10845322	0.92994851	6.29242325	0.87168735	0.78004903	0.03599972	1.17030394	0.57197660	-7.78429079	1.86837804	-5.01744032	3.00000000	-0.00387118	0.16284445	0.52231735	5.42058754	0.25943601	1.93025267	0.28532791	1.96839893	-5.13425875	27.31970787	11.99695873	27.60982704	3.00000000	-0.02039508	-0.00988081	0.09809535	4.86422014	0.04068110	0.55525535	1.10805523	1.24006045	0.17114133	22.02091980	21.18106270	29.73348618	5.00000000	-0.03413677	0.12461501	0.06720926	4.86334181	-0.04072189	0.26206014	0.18503572	0.32337594	-0.81529838	14.23239517	9.30528545	16.99975586	3.00000000
5.820000	0.07030252	0.11540232	0.93099374	6.30405235	0.87061322	0.68080920	0.04819334	1.10625088	-2.14289117	-7.27146053	0.68294674	-6.50903082	3.00000000	-0.00108188	0.18405114	0.52517641	5.44216728	0.16641459	2.26517701	0.42226511	2.31020093	-4.93419552	21.90932083	11.69851494	22.79909897	3.00000000	-0.02039413	-0.00354990	0.11081365	4.87842703	0.04273302	0.81149739	1.36924469	1.59222651	-0.28612283	27.07608795	13.32106304	27.57392883	5.00000000	-0.03470114	0.12699467	0.06893178	4.86633301	-0.03934490	0.40830386	0.29673693	0.50627351	-1.85503662	22.79146194	11.51126766	25.56233788	3.00000000
5.830000	0.07922591	0.12174104	0.93180382	6.31502771	0.83753228	0.60834616	0.04014522	1.03593290	-4.84998369	-6.22313690	-0.04000898	-7.76850796	3.00000000	-0.00108040	0.20918372	0.53102046	5.46797037	0.12649123	2.51575851	0.54948032	2.57817173	-3.96720600	11.54317665	9.54553032	12.83298397	2.00000000	-0.01935092	0.00525925	0.12712395	4.89699364	0.05289676	1.11314118	1.50732529	1.87454283	-2.25296569	32.06071854	0.02276252	24.05098343	4.00000000	-0.03521924	0.13073763	0.07173520	4.87103796	-0.04483085	0.65075535	0.44712031	0.79082799	-3.83014774	33.85073471	12.19592476	36.02040482	3.00000000
5.840000	0.08738548	0.12724535	0.93206561	6.32487392	0.76961619	0.56748396	0.02319962	0.95649642	-7.29683256	-4.65382004	0.08714685	-8.53174305	3.00000000	-0.00089622	0.23821586	0.53732640	5.49768019	0.12723961	2.58109164	0.64679682	2.66393876	-2.61745024	-2.54171872	5.90835285	-1.23399293	2.00000000	-0.01881350	0.01786189	0.14484848	4.91874838	0.04827175	1.45055723	1.45201790	2.05299830	-5.77804613	35.91978836	-16.33203888	21.92207527	4.00000000	-0.03542219	0.13658693	0.07605664	4.87831306	-0.08371841	1.04259706	0.60563189	1.20863867	-6.82928371	44.87631989	10.02796745	45.91227722	3.00000000
5.850000	0.09496874	0.13248566	0.93193054	6.33409262	0.67473841	0.53340846	0.01616031	0.86026603	-9.35633469	-3.20802689	0.88529021	-8.93639660	3.00000000	-0.00037477	0.26651543	0.54492480	5.52698660	0.10656070	2.45382881	0.69699532	2.55312228	-2.95228076	-17.61096001	1.18336475	-16.76632500	2.00000000	-0.01788564	0.03399336	0.16148674	4.94194126	-0.01594747	1.84375930	1.17297018	2.18530583	-11.02860260	38.43609238	-31.60507584	23.43873596	4.00000000	-0.03570483	0.14764200	0.08375287	4.89178610	-0.17009255	1.59604776	0.72755951	1.76228344	-10.47452736	53.25572968	4.89566040	52.99475098	3.00000000
5.860000	0.10132067	0.13776353	0.93154079	6.34236050	0.56729352	0.50569052	0.03296931	0.76067853	-10.65889931	-2.62128782	1.82692754	-9.08233070	3.00000000	0.00305838	0.29161021	0.55197912	5.55327892	0.09863234	2.16931057	0.67559183	2.27421665	-5.00089550	-29.66348648	-4.38535738	-29.67914581	3.00000000	-0.01780112	0.05402219	0.17298505	4.96503592	-0.15302756	2.26261020	0.70713270	2.37547016	-17.12764740	38.76297760	-41.70943069	27.61045837	4.00000000	-0.03714773	0.16581947	0.09334640	4.91239023	-0.30192831	2.23505139	0.75599229	2.37868452	-13.66201305	55.79093552	-1.91701567	54.66226959	3.00000000
5.870000	0.10654557	0.14299758	0.93187368	6.34976339	0.45217305	0.48767588	0.07017851	0.66874003	-11.09201527	-2.53863931	2.25318265	-8.74979401	3.00000000	0.00452255	0.31030184	0.55940574	5.57344532	0.04192848	1.75811243	0.60460120	1.85963964	-6.28173447	-36.56979752	-9.91718292	-37.49118805	3.00000000	-0.01909012	0.07843199	0.17757122	4.98990631	-0.36751145	2.67229056	0.15502833	2.70189476	-21.80647087	34.80136871	-43.71865082	30.44272232	4.00000000	-0.04081339	0.19254050	0.10273148	4.94094753	-0.47005770	2.87769938	0.68268508	2.99468994	-14.93014908	49.60951233	-8.40348721	48.32574844	3.00000000
5.880000	0.11022876	0.14760247	0.93289489	6.35574770	0.33232662	0.46871924	0.10873228	0.58477467	-11.04784679	-2.30337691	1.63383281	-7.79610920	3.00000000	0.00402000	0.32571459	0.56538707	5.58998585	-0.06746358	1.30764186	0.47285306	1.39214528	-6.23033905	-38.98083496	-14.00392151	-40.12948608	3.00000000	-0.02343188	0.10806043	0.17471296	5.01998711	-0.65065861	3.05699325	-0.35604411	3.14568448	-22.95824623	25.62915611	-37.11067963	27.90802002	4.00000000	-0.04684972	0.22617620	0.10924226	4.97573519	-0.65306431	3.41098309	0.52460372	3.51233649	-13.03481388	35.33189774	-12.46691132	34.28795624	3.00000000
5.890000	0.11298011	0.15208702	0.93457329	6.36127043	0.22229037	0.43733713	0.12906143	0.50728065	-10.90182400	-1.92543387	-0.19429000	-6.22935820	3.00000000	0.00317166	0.33662418	0.56963938	5.60172558	-0.16967495	0.90233654	0.28647780	0.96180576	-5.04958248	-36.96254349	-16.42937279	-36.04883194	3.00000000	-0.03127776	0.14118463	0.16660340	5.05498028	-0.93745631	3.31405973	-0.72711283	3.52001548	-19.23816872	11.59259415	-24.83756256	17.22456741	4.00000000	-0.05455488	0.26464462	0.11253130	5.01510525	-0.81041849	3.72352862	0.34130085	3.82595468	-7.98321438	12.15287971	-15.97513676	11.44619560	3.00000000
5.900000	0.11453220	0.15639803	0.93645972	6.36622524	0.12079688	0.41089827	0.11916061	0.44455430	-10.69966125	-1.51367581	-2.90706134	-3.89299703	3.00000000	-0.00098062	0.34325212	0.57209831	5.60992432	-0.20450141	0.55087680	0.08725275	0.59405309	-2.58728147	-30.43221474	-16.84370804	-26.30342293	2.00000000	-0.04318973	0.17731249	0.15585664	5.09451008	-1.15409958	3.37667108	-0.88465196	3.67647409	-10.39467430	-6.89112520	-11.26074791	-2.10749888	5.00000000	-0.06377777	0.30553868	0.11422960	5.05706072	-0.88670689	3.74021149	0.18389094	3.84827852	-0.78259802	-17.31126595	-19.71897316	-17.29596710	3.00000000
5.910000	0.11512051	0.16057491	0.93759912	6.37059450	0.01883705	0.39990145	0.07450730	0.40721902	-10.53169823	-1.00615346	-5.65446615	-0.87972379	3.00000000	-0.00296495	0.34622669	0.57125807	5.61359739	-0.19420856	0.24735132	-0.08790145	0.32653683	0.75595939	-23.47030258	-17.01381683	-13.73433018	2.00000000	-0.05759181	0.21433961	0.14525299	5.13563013	-1.23275018	3.21283698	-0.85557771	3.54598475	1.47718334	-26.85391998	0.50719327	-25.56805801	5.00000000	-0.07392190	0.34544083	0.11488785	5.09823751	-0.83880556	3.48478651	0.06460436	3.58489966	7.24919462	-42.34343338	-19.64526176	-41.63447189	3.00000000
5.920000	0.11509803	0.16399141	0.93823755	6.37407017	-0.08857778	0.40175378	-0.00421504	0.41142422	-10.35539055	-0.51916438	-7.38531303	2.10853601	3.00000000	-0.00547143	0.34678033	0.56854904	5.61732960	-0.15027443	0.05098904	-0.24537691	0.29221931	3.46289182	-17.47547722	-17.30446434	-1.41791642	2.00000000	-0.07189412	0.24636941	0.13590786	5.17193174	-1.13195467	2.81325793	-0.74175990	3.12185049	12.83927917	-43.22472000	8.49818039	-45.71956253	5.00000000	-0.08377175	0.38051960	0.11562176	5.13468027	-0.69691169	2.75492001	-0.21823345	2.85006952	13.88523674	-58.58968353	-16.82605362	-56.88265228	3.00000000
5.930000	0.11375696	0.16792442	0.93788433	6.37824059	-0.19708884	0.40450940	-0.10768274	0.46267420	-9.79961491	-0.27673665	-7.39696407	4.21865034	3.00000000	-0.00569037	0.34524089	0.56528199	5.62094784	-0.12195820	-0.01545548	-0.35408038	0.37481406	3.12080956	-8.75682640	-13.86911392	5.43957806	2.00000000	-0.08381683	0.27408952	0.13084252	5.20252943	-0.87876403	2.20688510	-0.61237681	2.45307422	20.84304810	-52.90127563	11.75054836	-57.72574234	5.00000000	-0.09065359	0.40736541	0.11500694	5.16240072	-0.49264032	1.86378920	-0.49279094	1.98978579	16.80905342	-67.50865936	-14.62117195	-62.04603195	3.00000000
5.940000	0.11126630	0.17194708	0.93649316	6.38317204	-0.30062079	0.40040648	-0.20389953	0.54062301	-8.60966969	-0.18492886	-5.65164614	5.02843857	3.00000000	-0.00603465	0.34351426	0.56127572	5.62532377	-0.05134773	-0.12791976	-0.58218390	0.59827930	1.22961581	0.10899429	-8.51384640	6.82362843	2.00000000	-0.09135015	0.29263029	0.12639023	5.22303152	-0.56877220	1.53451598	-0.47980234	1.70541823	23.69753265	-54.61826706	11.75032806	-59.81203461	5.00000000	-0.09309234	0.42507488	0.11123998	5.18066978	-0.26898974	1.17074990	-0.56411952	1.32711780	15.90937614	-62.55057144	-7.97498083	-56.41195679	3.00000000
5.950000	0.10737808	0.17673758	0.93375695	6.38992119	-0.38571927	0.39252949	-0.25939792	0.60839629	-6.71651316	0.00909343	-2.51786351	4.41571665	3.00000000	-0.00687826	0.34327728	0.55641556	5.63026237	-0.01904640	-0.13329411	-0.72364408	0.73606443	0.48870435	4.54627562	-4.94840145	5.59454250	2.00000000	-0.09393676	0.30399615	0.12228142	5.23539114	-0.29191908	0.94050163	-0.35533580	1.04691148	21.16306877	-48.23700714	10.95460796	-52.72673798	5.00000000	-0.09392530	0.41802451	0.09388998	5.19941616	-0.09640064	0.56924444	-0.58773845	0.82387429	12.53841877	-44.11347580	3.77285624	-43.62747192	4.00000000
5.960000	0.10266365	0.18059744	0.92965853	6.39726448	-0.44450429	0.38851511	-0.25852621	0.64448726	-4.19750977	0.65432584	1.29010272	2.82252908	3.00000000	-0.00881760	0.34451348	0.55026507	5.63682890	-0.09097327	0.05474537	-0.63519973	0.64401233	-1.02572668	8.96481323	2.05957270	1.31960654	2.00000000	-0.09376992	0.30726063	0.11766069	5.24105120	-0.09216244	0.48778999	-0.26176807	0.56120896	15.24507141	-36.13191223	10.08678246	-39.84705353	5.00000000	-0.09276576	0.42171210	0.08864673	5.20593023	-0.00822923	0.11957039	-0.56171501	0.57435924	7.82423830	-27.47193336	10.49003220	-30.39466476	4.00000000
5.970000	0.09778858	0.18395938	0.92642212	6.40401316	-0.47490025	0.39644179	-0.21421959	0.65466505	-1.31328619	1.55528879	4.51153040	1.00601459	3.00000000	-0.00534221	0.33734536	0.53263170	5.65617800	-0.12025519	0.19790356	-0.56261170	0.60840696	-3.47254682	13.55054188	11.96084213	-2.63847899	3.00000000	-0.09303930	0.30802494	0.11537421	5.24357033	0.01290782	0.20504543	-0.17751852	0.27151990	8.92163849	-23.16211319	8.45927715	-25.80488777	5.00000000	-0.09258968	0.42311588	0.08652250	5.20848227	0.02240290	0.05961383	-0.32575110	0.33191788	3.51493311	-15.66334152	11.64053917	-19.49938774	4.00000000
5.980000	0.09291971	0.18727434	0.92463297	6.41016912	-0.47241738	0.41694787	-0.13940234	0.64533460	1.69760108	1.88122284	6.15661716	-0.85274029	3.00000000	-0.00904806	0.34392956	0.53190130	5.66376877	-0.11240099	0.28347895	-0.48660633	0.57426476	-2.53957248	10.68264961	14.37608242	-3.89035749	3.00000000	-0.09306937	0.30873144	0.11541755	5.24427891	0.03868770	0.08119990	-0.08553185	0.12412035	4.02105188	-12.74336720	6.39990187	-14.32145214	5.00000000	-0.09274464	0.42450401	0.08643586	5.20988178	0.02066375	0.14144306	-0.07303462	0.16052160	0.95070273	-5.01861858	11.97251415	-12.57223225	4.00000000
5.990000	0.08812799	0.19163220	0.92460555	6.41664600	-0.43892872	0.45622101	-0.05221665	0.63523430	4.75073433	0.96853769	6.28358793	-3.10804176	3.00000000	-0.01135343	0.34998009	0.53136790	5.67026567	-0.17077079	0.45786324	-0.21417288	0.53354609	-0.06086615	3.89783216	12.34504986	-5.45283079	3.00000000	-0.09280474	0.30949020	0.11547390	5.24508429	0.02899927	0.06448279	-0.00877231	0.07124564	0.96950442	-5.73175859	4.77926826	-6.89780045	5.00000000	-0.09277076	0.42540094	0.08643220	5.21077919	0.00571273	0.08048688	-0.01584236	0.08222988	-0.15038519	-0.18548176	9.31187248	-8.20003605	4.00000000
6.000000	0.08356117	0.19690607	0.92471588	6.42362309	-0.37634683	0.48301578	0.01628796	0.61254102	7.60613489	-1.18221939	5.64578819	-5.63443136	3.00000000	-0.01315884	0.35594723	0.53043556	5.67656946	-0.20269106	0.53392500	0.00624110	0.57113791	0.81581128	-0.76713383	12.18240261	-7.40022469	3.00000000	-0.09244421	0.31017962	0.11548703	5.24586248	0.02273762	0.05783389	0.01347860	0.06358798	-0.34387457	-2.28103542	3.41555715	-2.66090512	5.00000000	-0.09255618	0.42593807	0.08636615	5.21136141	0.00578730	0.05944719	0.00199663	0.05976159	-0.51380712	-1.91929448	3.47412586	-4.60466623	4.00000000
6.010000	0.07975440	0.20235823	0.92494291	6.43027639	-0.28375298	0.46700907	0.05785624	0.54950941	9.82782936	-4.42301083	4.73193312	-7.71985006	3.00000000	-0.01450231	0.36103389	0.52999884	5.68184853	-0.13847648	0.39650124	0.00609457	0.42003107	2.34398413	-5.63835144	9.76818466	-7.79647684	3.00000000	-0.09199630	0.31089455	0.11562188	5.24671698	0.02439972	0.04183725	0.01473110	0.05062319	-0.47860757	-1.77397144	2.39552283	-0.06555735	5.00000000	-0.09228163	0.42648375	0.08634724	5.21197271	0.00773979	0.03949975	0.00029082	0.04025194	-0.44439101	-0.75164008	1.58540595	-0.15370758	4.00000000
6.020000	0.07729415	0.20761028	0.92565578	6.43611956	-0.16428679	0.39475498	0.08460531	0.43586662	11.13539219	-8.38056469	3.83590817	-7.88662004	3.00000000	-0.01633980	0.36512664	0.53077871	5.68640232	-0.09512352	0.26535615	0.04198501	0.28500021	4.67731905	-9.51040459	5.49828005	-7.25947428	3.00000000	-0.09193426	0.31116638	0.11577707	5.24703598	0.02103709	0.02075608	0.02870479	0.04119877	-0.27910355	-2.29986739	2.70511031	1.79186618	5.00000000	-0.09233695	0.42671940	0.08638772	5.21221828	0.00437746	0.03197317	0.00464929	0.03260463	-0.44824660	4.51056814	4.62995672	6.10248232	4.00000000
6.030000	0.07626830	0.21125488	0.92663109	6.44002914	-0.03267737	0.28298894	0.12121051	0.30958444	11.34059906	-11.94602489	3.03175879	-5.41909981	3.00000000	-0.01708114	0.36665362	0.53155017	5.68826675	-0.04883757	0.14202023	0.09771585	0.17917377	5.22957468	-7.68526268	5.06977940	-4.11924267	3.00000000	-0.09181126	0.31128615	0.11602357	5.24733639	0.01516839	-0.00877206	0.05714986	0.05977571	-0.25111908	-2.25859785	4.23422289	3.54546905	5.00000000	-0.09238364	0.42692244	0.08642530	5.21243000	-0.00568802	0.00855029	-0.00305002	0.01071278	-0.66343647	6.34829998	6.67472172	8.97555923	4.00000000
6.040000	0.07682447	0.21348178	0.92817062	6.44279289	0.08911217	0.13753858	0.15999228	0.22903137	10.20938301	-14.07475185	1.89214921	-1.56400895	3.00000000	-0.01726887	0.36664239	0.53245991	5.68919563	0.00811103	0.05834450	0.15752316	0.16817673	4.72010040	-2.61797142	6.39690638	1.24996817	3.00000000	-0.09167892	0.31102982	0.11648799	5.24788332	0.01103158	-0.04077256	0.10772949	0.11571405	-0.28679410	-1.22753119	5.25708818	4.77447605	5.00000000	-0.09243106	0.42711514	0.08651673	5.21264839	-0.01261247	0.18840034	0.14037123	0.23528248	-0.27137378	6.52369738	8.07626057	10.15947056	4.00000000
6.050000	0.07862277	0.21386091	0.92970896	6.44518948	0.19080831	-0.02997952	0.18805563	0.26957652	7.81110859	-14.51130199	-0.07130081	2.36477637	3.00000000	-0.01671497	0.36597055	0.53382045	5.69081116	0.06290378	0.06264026	0.23286094	0.24920855	4.52023458	1.48845458	5.58257723	4.90347672	3.00000000	-0.09150162	0.31059656	0.11758666	5.24907780	0.01136387	-0.06008496	0.18422616	0.19410980	-0.17362778	1.04182696	4.49839687	4.43379164	5.00000000	-0.09254767	0.42756480	0.08684431	5.21321678	-0.02229145	0.36321679	0.30373999	0.47400564	0.86921811	9.32066822	10.67814445	14.04058075	4.00000000
6.060000	0.08128414	0.21315557	0.93208611	6.44882679	0.26164383	-0.19243595	0.18353462	0.37306038	4.67727423	-13.36234570	-2.90896916	5.35756636	3.00000000	-0.01569600	0.36589402	0.53649700	5.69367599	0.10290541	0.14857873	0.31101555	0.35971633	4.13555527	3.58841395	2.88426995	5.23166323	3.00000000	-0.09139765	0.30958170	0.11958914	5.25132513	0.00999110	-0.05048960	0.25972897	0.26477945	0.26758996	4.25829887	1.58126795	3.25606251	5.00000000	-0.09283173	0.42826721	0.08750690	5.21422338	-0.02178817	0.34783307	0.35803050	0.49964827	2.09674191	8.63093758	8.61077023	12.17241573	4.00000000
6.070000	0.08434310	0.21023229	0.93431515	6.45360899	0.29117626	-0.32603043	0.13546348	0.45763502	1.23463893	-10.51189995	-6.16104650	5.87666273	3.00000000	-0.01437050	0.36743629	0.54023814	5.69793415	0.13708703	0.24158208	0.34920722	0.44620672	3.64121532	2.50877261	-1.77456295	1.92246532	3.00000000	-0.09137227	0.30861902	0.12294161	5.25481319	0.00919967	0.00945032	0.28188717	0.28219554	1.18160284	7.14933920	-3.42627907	3.14717197	5.00000000	-0.09305491	0.44374490	0.09959771	5.23386526	0.01751762	0.39980012	0.45998424	0.60969871	3.31695294	2.48970461	0.15612666	2.67250061	3.00000000
6.080000	0.08779011	0.20571272	0.93625915	6.45961618	0.28055644	-0.42077821	0.04990895	0.50819004	-2.37156439	-6.50316811	-9.21599102	4.17341328	3.00000000	-0.01296233	0.37181261	0.54535747	5.70481491	0.16865447	0.28221110	0.31795400	0.45736438	3.22169995	-1.32816219	-7.64285326	-0.61753243	3.00000000	-0.09124827	0.30831173	0.12720880	5.25909328	0.01489632	0.12023722	0.21941121	0.25063953	2.24595952	8.35567284	-9.26940536	4.16101074	5.00000000	-0.09370103	0.44391748	0.10231189	5.23666048	0.07050043	0.52368414	0.54097247	0.75621861	4.49020386	0.79095560	-6.31893587	-1.03718531	3.00000000
6.090000	0.09080532	0.20023085	0.93620962	6.46587276	0.23792782	-0.46810281	-0.06601015	0.52923268	-5.69276428	-2.48768139	-11.32953167	2.74978042	3.00000000	-0.01120066	0.37647834	0.54911149	5.71105719	0.20250645	0.22811194	0.19527823	0.36218435	2.46392345	-5.25782204	-12.40098000	-0.82488751	3.00000000	-0.09122090	0.30974111	0.13043344	5.26262045	0.04485045	0.25038272	0.07179938	0.26430705	2.81544733	7.26830912	-13.35712147	4.97241688	5.00000000	-0.09275356	0.44554567	0.10678907	5.24151802	0.12068487	0.46839190	0.37124571	0.60973698	4.31108284	1.29996955	-10.63893127	-1.07269263	3.00000000
6.100000	0.09310642	0.19514863	0.93460089	6.47167873	0.16332567	-0.45764580	-0.19854902	0.52491587	-8.15428162	0.51770484	-12.16870213	2.84708810	3.00000000	-0.00911843	0.37947789	0.55096358	5.71515131	0.23257229	0.10307456	0.00102967	0.25439200	0.59755594	-6.30418015	-13.67886257	-1.74471998	3.00000000	-0.09091111	0.31359610	0.13049968	5.26648855	0.09747489	0.33739308	-0.13339898	0.37567371	2.51752615	3.98330760	-13.62126350	4.81533003	5.00000000	-0.09023589	0.44981742	0.11192830	5.24865913	0.17292368	0.38270551	0.10622137	0.43318483	2.32946301	-2.42189431	-15.34871387	-4.99158239	3.00000000
6.110000	0.09430830	0.19057348	0.93169343	6.47723103	0.05695782	-0.41468203	-0.33678511	0.53724259	-9.52381039	2.15845227	-11.99372578	4.06106520	3.00000000	-0.00641390	0.37918866	0.54973036	5.71813774	0.24913219	-0.02546360	-0.20301838	0.32238439	-2.17760038	-3.38412786	-11.28427792	-1.98199368	3.00000000	-0.09014051	0.31886271	0.12728043	5.27270889	0.14081076	0.35133088	-0.32165194	0.49671021	1.32255793	-0.62227684	-10.02477169	2.85507345	5.00000000	-0.08810009	0.45617330	0.11312389	5.25546980	0.21143897	0.43523932	-0.04617851	0.48607835	-0.12086232	-5.68292904	-15.13154316	-6.88547373	3.00000000
6.120000	0.09458302	0.18688992	0.92782778	6.48257780	-0.05988131	-0.36787552	-0.45741048	0.59003603	-9.94429970	2.29723620	-11.44460869	6.23108435	3.00000000	-0.00348098	0.37588748	0.54544818	5.72428894	0.22093873	-0.06654436	-0.32389262	0.39767888	-4.89733219	2.75491548	-6.55991220	1.70837831	3.00000000	-0.08783466	0.32372883	0.12157939	5.28055096	0.14631972	0.29998022	-0.41358179	0.53145790	-0.69454575	-4.72286987	-3.91341162	-1.52265966	5.00000000	-0.08572855	0.46221346	0.10964870	5.26283073	0.18919377	0.39349991	-0.19162215	0.47681811	-2.33473086	-6.05253601	-8.79781246	-5.44074965	3.00000000
6.130000	0.09339791	0.18381585	0.92281699	6.48857450	-0.16650781	-0.34914264	-0.55812347	0.67906350	-9.53411007	1.07651949	-10.99958420	8.96746159	3.00000000	-0.00086145	0.37365896	0.54014957	5.73060608	0.13118055	0.02128829	-0.31956285	0.34609529	-7.04621553	10.33727551	-0.95682365	6.08427429	3.00000000	-0.08518609	0.32581726	0.11552006	5.28748560	0.11509470	0.20822583	-0.38663968	0.45397690	-2.81075931	-6.57285738	2.68406081	-6.70013428	5.00000000	-0.08401760	0.46525121	0.10415661	5.26933575	0.12295879	0.29195547	-0.26885617	0.41550031	-4.29187250	-7.20985270	-2.33625436	-6.74673986	3.00000000
6.140000	0.09071986	0.18072562	0.91622114	6.49633503	-0.25166973	-0.34794459	-0.65081316	0.77971846	-8.50667286	-0.27028048	-10.82592869	11.03729534	3.00000000	0.00090667	0.37342319	0.53527504	5.73579693	0.02239053	0.20131791	-0.25768727	0.32776967	-8.23291683	16.91113472	3.52224731	8.70495510	3.00000000	-0.08376448	0.32633093	0.11142489	5.29185104	0.06474417	0.10820801	-0.28470010	0.31137586	-3.81752610	-6.08968592	7.32839966	-9.53680134	5.00000000	-0.08217095	0.46663287	0.10070923	5.27348328	0.05872175	0.16791993	-0.24536152	0.30306372	-5.11538219	-8.14914322	1.89628255	-8.66980648	3.00000000
6.150000	0.08734816	0.17748529	0.90914190	6.50481939	-0.32796323	-0.36831361	-0.75928766	0.90539080	-7.41814661	-0.36932901	-11.29206181	12.13319969	3.00000000	-0.00002974	0.37784430	0.53425479	5.74042988	-0.06784726	0.42766008	-0.18868048	0.47233114	-7.70786381	19.34918976	3.88209939	11.57024479	3.00000000	-0.08430526	0.32635415	0.10997120	5.29340219	0.00746455	0.04092728	-0.16092043	0.16621114	-3.22079134	-4.31127882	8.55491161	-9.17196751	5.00000000	-0.08256318	0.46715176	0.09993816	5.27449226	0.00723085	0.07335866	-0.14829785	0.16560806	-4.08038950	-6.74010515	4.54323816	-8.13200951	3.00000000
6.160000	0.08372299	0.17301571	0.90145117	6.51442480	-0.39560309	-0.39822817	-0.88077879	1.04444182	-6.77060366	0.83888221	-12.51489162	13.08282375	3.00000000	-0.00270582	0.38444814	0.53545672	5.74765587	-0.13874231	0.66705018	-0.12828310	0.69329786	-6.29358149	21.80067062	3.79075980	17.99847221	3.00000000	-0.08555895	0.32680386	0.11035880	5.29478931	-0.03347658	0.02658143	-0.05570023	0.07021232	-1.72323525	-2.13247371	7.06006479	-6.74818802	5.00000000	-0.08351242	0.46768987	0.09976273	5.27559757	-0.03377274	0.02975886	-0.05554743	0.07149618	-2.27468681	-4.43659592	5.03419638	-6.66557312	3.00000000
6.170000	0.08016831	0.16933335	0.89278013	6.52449369	-0.45676616	-0.39344427	-1.00598288	1.17278945	-6.44410133	2.88553882	-13.90833950	14.02996922	4.00000000	-0.00471922	0.39155209	0.53414506	5.75515509	-0.18927409	0.87757951	-0.10165720	0.90349579	-5.11998844	25.73126030	5.37975597	24.80530357	3.00000000	-0.08603592	0.32709914	0.11042153	5.29535389	-0.03720199	0.03736317	0.00149477	0.05274684	-0.20375161	-0.19697072	4.56077290	-3.45055580	5.00000000	-0.08426380	0.46790805	0.09958337	5.27640009	-0.05005076	0.01609276	-0.02047879	0.05642195	-0.84474730	-2.14231491	3.68165374	-4.20637703	3.00000000
6.180000	0.07515794	0.16444591	0.88173366	6.53757095	-0.51733547	-0.34011054	-1.14978898	1.30588126	-5.80521822	5.78180218	-14.83659935	14.39379025	4.00000000	-0.00609553	0.40097016	0.53243214	5.76482630	-0.21526110	1.00648701	-0.16440699	1.04229701	-3.81117272	23.97858620	3.29306960	23.92783928	3.00000000	-0.08597630	0.32731465	0.11031213	5.29560280	-0.00904258	0.04693766	0.01103965	0.04905901	0.93623978	0.82109988	2.11246657	-0.66370618	5.00000000	-0.08455655	0.46764302	0.09937822	5.27684498	-0.03331254	0.01057535	-0.01968537	0.04011330	0.16501436	-0.65709728	1.65644598	-1.76744246	3.00000000
6.190000	0.06950016	0.16078608	0.86911976	6.55187178	-0.58220851	-0.25855798	-1.31324625	1.45960093	-5.08335781	8.48021698	-14.90127468	14.19077778	4.00000000	-0.00739926	0.41239735	0.52961147	5.77666855	-0.26159805	1.40454710	-0.01994322	1.42884004	-2.59991097	19.30682373	-0.17001560	19.39637756	3.00000000	-0.08576520	0.32790655	0.11033816	5.29623175	0.01789356	0.05238801	0.00569181	0.05565141	1.38845372	0.86479062	0.33875135	0.49523714	5.00000000	-0.08461646	0.46770608	0.09914307	5.27709579	-0.01644393	0.00595301	-0.01973671	0.02637004	0.73505741	-0.08776028	0.45091903	-0.75209284	3.00000000
6.200000	0.06290714	0.15881236	0.85536313	6.56725407	-0.63828117	-0.15714404	-1.48047101	1.61984313	-4.45109797	9.78746986	-13.88643074	13.43943119	4.00000000	-0.01032623	0.42594784	0.52886379	5.79055166	-0.29449752	1.72212791	0.06492734	1.74833322	-1.79536176	17.47801781	-0.49539983	17.41149902	3.00000000	-0.08555470	0.32854670	0.11048685	5.29692173	0.02801213	0.06327157	0.00446253	0.06933891	1.05813217	0.58079165	-0.36919177	0.56035221	5.00000000	-0.08465537	0.46785659	0.09892016	5.27736759	-0.00877151	0.00929410	-0.01638997	0.02078343	0.64528972	0.06714379	0.30704269	-0.56171679	3.00000000
6.210000	0.05639809	0.15816487	0.83996427	6.58398485	-0.66431189	-0.03469077	-1.62942553	1.75998330	-3.22238350	10.03239250	-11.98611832	11.83544731	4.00000000	-0.01412425	0.44013250	0.52678615	5.80538225	-0.29477975	1.72697675	-0.07183005	1.75342619	-0.26394400	9.45420456	-4.91844940	10.01342106	3.00000000	-0.08519874	0.32926485	0.11067253	5.29774427	0.02879047	0.07172227	0.00058046	0.07728720	0.40355447	0.42008480	-0.29837236	0.48701984	5.00000000	-0.08470692	0.46808857	0.09873927	5.27766609	-0.00882925	0.01430760	-0.01098184	0.02008143	0.23475972	0.19905341	0.45041439	-0.21658547	3.00000000
6.220000	0.04942778	0.15867259	0.82289803	6.60242653	-0.69628417	0.07103693	-1.73040223	1.86658776	-1.44862378	9.53890991	-9.35504436	9.29334164	4.00000000	-0.01926107	0.47520003	0.54002124	5.84321451	-0.29739538	1.76796138	-0.14481694	1.79863930	1.59086967	-4.52369356	-12.92271996	-2.23239160	2.00000000	-0.08483394	0.32993537	0.11069001	5.29850769	0.02760713	0.07291908	-0.00473162	0.07811359	0.01763784	0.43406761	0.05966600	0.43038520	5.00000000	-0.08483777	0.46821362	0.09867056	5.27785969	-0.01130576	0.01570731	-0.00465686	0.01990543	-0.00014828	0.31244549	0.47003436	0.06178530	3.00000000
6.230000	0.04246579	0.15967180	0.80387938	6.62270403	-0.71458757	0.15671998	-1.79929924	1.94233739	-0.27355054	8.11924553	-6.06810713	6.18502665	3.00000000	-0.02056219	0.48546550	0.53022957	5.85746050	-0.27777562	1.78008044	-0.22295216	1.81536591	1.93568313	-9.39039326	-12.52746964	-6.81622982	3.00000000	-0.08452762	0.33076993	0.11045641	5.29942703	0.02687077	0.07059599	-0.00721402	0.07588065	0.03792707	0.55363214	0.56930929	0.62585789	5.00000000	-0.08497725	0.46829608	0.09868423	5.27802229	-0.01252517	0.01643921	0.00056792	0.02067486	-0.04836507	0.34415600	0.39421022	0.22975297	3.00000000
6.240000	0.03576493	0.16187946	0.78473669	6.64310551	-0.70023119	0.23460449	-1.85024726	1.99217916	0.58085918	6.01524162	-3.16197371	3.27953196	3.00000000	-0.02234188	0.50043875	0.52503949	5.87340736	-0.22279465	1.50563955	-0.49109060	1.59929919	1.66695583	-9.84197807	-8.40957260	-7.89993668	3.00000000	-0.08437815	0.33152235	0.11023629	5.30022526	0.02580453	0.07327174	-0.00043424	0.07768404	0.27516109	0.67496693	0.99907154	0.91278982	5.00000000	-0.08512186	0.46844104	0.09875244	5.27823830	-0.01183469	0.01946688	0.00399854	0.02313023	0.01158287	0.36366278	0.27301171	0.30862367	3.00000000
6.250000	0.02724314	0.16452301	0.76723939	6.66274643	-0.67225772	0.28889003	-1.86995709	2.00801587	2.00658393	3.32309890	-1.36830997	0.93828636	2.00000000	-0.02478145	0.51386958	0.51866299	5.88847399	-0.19398803	1.28202677	-0.64869124	1.44983602	1.72271466	-13.18733597	-6.50270605	-11.38069153	3.00000000	-0.08418056	0.33217549	0.11016715	5.30091095	0.02784052	0.08745889	0.01905424	0.09374015	0.63667065	0.80121744	1.48446894	1.32802701	5.00000000	-0.08526690	0.46868268	0.09882952	5.27853060	-0.01059609	0.02589151	0.00545923	0.02850352	0.11541423	0.35341409	0.14998794	0.29069009	3.00000000
6.260000	0.02106614	0.16794486	0.74851185	6.68276119	-0.66187823	0.31950796	-1.85229623	1.99277937	2.91951394	-0.24189426	0.14602542	-1.12086332	2.00000000	-0.02700527	0.52660066	0.51246971	5.90280533	-0.21159686	1.29453838	-0.55301434	1.42352653	1.27854812	-13.41591644	-1.90851605	-12.35478115	3.00000000	-0.08388342	0.33277175	0.11041607	5.30162191	0.03646985	0.10312025	0.04229415	0.11727162	1.01275718	0.89868712	2.00757742	1.84697521	5.00000000	-0.08532112	0.46893960	0.09885852	5.27879477	-0.01003506	0.03175537	0.00583542	0.03381062	0.23565736	0.24414186	0.04722644	0.16394864	3.00000000
6.270000	0.01494394	0.17198174	0.72982681	6.70283365	-0.63493085	0.30795634	-1.83903766	1.96978009	2.83929205	-4.07759762	1.63420832	-2.79262853	2.00000000	-0.02900680	0.53983867	0.50674617	5.91736603	-0.21176109	1.19333506	-0.52080727	1.31914043	0.90222430	-11.14040661	4.10158062	-11.83428860	3.00000000	-0.08351748	0.33391184	0.11108699	5.30299425	0.04949420	0.10895307	0.05394667	0.13126571	1.31950188	0.49220470	1.63202846	1.63075614	5.00000000	-0.08539737	0.46935490	0.09892068	5.27922153	-0.00810878	0.03401612	0.00574701	0.03543835	0.42670515	0.01597201	-0.02665475	-0.00253779	3.00000000
6.280000	0.00955803	0.17482284	0.71048498	6.72311115	-0.58261675	0.23936753	-1.83317602	1.93836880	2.98591352	-7.55145359	2.45621085	-3.72304106	3.00000000	-0.03081735	0.55190951	0.50194752	5.93048143	-0.19673832	1.07591593	-0.46381253	1.18803334	2.17134261	-12.52308178	5.85722303	-14.01242256	3.00000000	-0.08296154	0.33556145	0.11202001	5.30496931	0.06891085	0.11345222	0.08149513	0.15576126	1.32064009	-0.18214931	0.48961636	0.72061312	5.00000000	-0.08548184	0.46973586	0.09896155	5.27961397	-0.00371213	0.03194014	0.00545960	0.03261533	0.80015850	-0.24895407	-0.08335400	0.05161892	3.00000000
6.290000	0.00271026	0.17798723	0.69290596	6.74224043	-0.55334651	0.12351547	-1.80397677	1.89097345	3.63439417	-10.21068573	2.85260868	-4.13786268	2.00000000	-0.03307433	0.56233221	0.49767160	5.94197083	-0.17290598	0.89894432	-0.42623851	1.00979042	4.78379488	-15.41785431	4.99606466	-16.35845184	3.00000000	-0.08221964	0.33691716	0.11278432	5.30669355	0.08361290	0.11337499	0.09888279	0.17211278	0.91753304	-0.46406847	-0.35820490	0.00024376	5.00000000	-0.08559914	0.47012237	0.09904992	5.28002739	0.00419275	0.02663880	0.00425732	0.02730073	1.29827189	-0.42507210	-0.15992412	0.42781553	3.00000000
6.300000	-0.00288306	0.17832033	0.67511320	6.76089478	-0.53333265	-0.00198260	-1.76217651	1.84111750	3.61529899	-11.06300640	3.55685043	-4.42333508	2.00000000	-0.03499090	0.57086754	0.49419501	5.95138407	-0.13026910	0.73018372	-0.35965070	0.82430995	7.18858242	-16.14519119	4.60398674	-16.18045616	3.00000000	-0.08130695	0.33763194	0.11317518	5.30791712	0.09723827	0.09292935	0.07201284	0.15256800	0.38441643	-0.73500299	-1.39731801	-0.69188398	5.00000000	-0.08555910	0.47033548	0.09910151	5.28025007	0.01869586	0.01980762	0.00277273	0.02737819	1.68525505	-0.44576403	-0.25475708	0.88656253	3.00000000
6.310000	-0.00733360	0.17735548	0.65762997	6.77896118	-0.49675643	-0.13031252	-1.72059131	1.79560101	3.15078282	-9.84860325	4.18026638	-4.50113583	2.00000000	-0.03628672	0.57639706	0.49038595	5.95822239	-0.03871579	0.57317764	-0.29585409	0.64618969	8.66025829	-14.72538280	4.76660061	-13.88037109	3.00000000	-0.07992090	0.33856651	0.11537674	5.31068134	0.09317149	0.08395711	0.04029733	0.13173306	-0.22720110	-1.14401591	-2.82307339	-1.36333191	3.00000000	-0.08533780	0.47042912	0.09911940	5.28049088	0.04236456	0.01428748	-0.00005737	0.04470896	1.80534244	-0.32957399	-0.32043654	1.23164082	3.00000000
6.320000	-0.01211293	0.17470923	0.64050937	6.79693222	-0.44503772	-0.23493369	-1.68263602	1.75627911	3.08633351	-7.51178455	4.10227060	-4.19124269	2.00000000	-0.03666763	0.57995749	0.48653993	5.96347713	0.09174432	0.40145317	-0.27658689	0.49606651	8.84548759	-12.23610401	4.75665665	-10.70614529	3.00000000	-0.07916930	0.33920345	0.11542300	5.31166744	0.08199755	0.08229066	0.01759243	0.11749402	-0.94485009	-1.11472309	-3.07854295	-1.48359096	3.00000000	-0.08485486	0.47050601	0.09907778	5.28098154	0.06760973	0.01135419	-0.00455435	0.06870761	1.59146285	-0.15036057	-0.32556248	1.32981813	3.00000000
6.330000	-0.01650419	0.17188294	0.62360311	6.81462669	-0.41707471	-0.29232153	-1.63577437	1.71323121	3.01829839	-4.87266207	3.59820700	-3.67687035	2.00000000	-0.03546024	0.58495033	0.48612776	5.96863031	0.20397145	0.28577247	-0.24082808	0.42575631	7.03801775	-10.43963528	3.69729257	-8.20296574	2.00000000	-0.07782820	0.33968523	0.11475937	5.31323957	0.07342808	0.06564409	-0.02499781	0.10161555	-1.37920451	-1.10426247	-2.26638317	-1.44752717	3.00000000	-0.08402424	0.47058406	0.09906095	5.28181601	0.08485969	0.01215860	-0.00925846	0.08622481	0.97452325	-0.00119249	-0.27240303	0.93921077	3.00000000
6.340000	-0.02072401	0.16827977	0.60769778	6.83147192	-0.39960042	-0.31091321	-1.59316707	1.67168438	2.51155829	-2.28309464	3.15832472	-3.29835606	2.00000000	-0.03175750	0.58654302	0.48336443	5.97351742	0.27056944	0.23324290	-0.17535761	0.39794517	3.17784452	-8.10337734	3.66781020	-6.77753162	2.00000000	-0.07815461	0.34127402	0.11414350	5.31497431	0.05540556	0.05224595	-0.06066002	0.09736042	-1.32813430	-0.97808659	-1.13876712	-1.44912612	4.00000000	-0.08279923	0.47074428	0.09892109	5.28305912	0.09067226	0.01446083	-0.01213159	0.09261614	0.07967638	0.03953030	-0.15120870	0.10499078	3.00000000
6.350000	-0.02424772	0.16524933	0.59215587	6.84769392	-0.37867808	-0.31275451	-1.56925368	1.64431441	1.89262891	-0.35397485	2.95795584	-3.20460486	2.00000000	-0.02738282	0.58760434	0.48102441	5.97859097	0.27936679	0.16638239	-0.14677370	0.35675120	-1.06621468	-5.92177296	4.32133055	-6.79005051	2.00000000	-0.07716967	0.34133086	0.11335048	5.31624031	0.03522498	0.04344111	-0.06003920	0.08205263	-1.26523209	0.21214068	0.62415451	-0.36896566	4.00000000	-0.08171795	0.47090384	0.09877283	5.28416204	0.08513120	0.01649732	-0.01241285	0.08759887	-0.70912802	-0.02416961	0.03255643	-0.70060682	3.00000000
6.360000	-0.02784123	0.16180645	0.57693666	6.86370611	-0.35529381	-0.30795732	-1.55323243	1.62283778	1.60394657	0.62630224	3.06987643	-3.41447282	2.00000000	-0.02421585	0.58911890	0.47981393	5.98230410	0.22506142	0.09846339	-0.12652650	0.27632704	-4.09578991	-5.65874672	4.02031994	-7.03887653	2.00000000	-0.07683659	0.34145814	0.11282305	5.31687689	0.02401980	0.02627845	-0.04724792	0.05915973	-1.08984709	1.38885784	2.30078936	0.90741920	4.00000000	-0.08087396	0.47110149	0.09854978	5.28505707	0.06931908	0.01586750	-0.01102332	0.07196128	-1.12021065	-0.12761885	0.22226219	-1.13869679	3.00000000
6.370000	-0.03153986	0.15946972	0.56162858	6.87962723	-0.33694345	-0.29582530	-1.53039587	1.59472728	1.42870092	0.86001253	3.86844850	-4.18281651	2.00000000	-0.02261471	0.59049410	0.47914457	5.98451853	0.13934971	0.06132771	-0.07041097	0.16774128	-5.51869774	-6.11126757	3.68652630	-5.57195807	2.00000000	-0.07674005	0.34159467	0.11241361	5.31731939	0.01957249	0.05580907	-0.00021582	0.05914204	-0.67395055	1.41507208	2.67828274	0.93236190	4.00000000	-0.08043575	0.47127461	0.09847377	5.28553438	0.05014501	0.01213575	-0.00778437	0.05217658	-1.16678858	-0.21923499	0.33749205	-1.19943190	3.00000000
6.380000	-0.03492129	0.15598196	0.54544139	6.89652777	-0.33176693	-0.28144678	-1.48649013	1.54884946	1.09257913	0.79983348	5.48671961	-5.63984776	2.00000000	-0.02254358	0.59107584	0.47874007	5.98523045	0.06730663	0.00772327	-0.02586668	0.07251839	-5.34491014	-6.07035971	3.80614829	-2.82790661	2.00000000	-0.07661404	0.34161898	0.11203881	5.31771564	0.01128477	0.11286239	0.05284007	0.12512928	-0.32495636	0.72716653	1.86671257	-0.17160301	4.00000000	-0.08008806	0.47142565	0.09845327	5.28591394	0.03704689	0.00828182	-0.00271940	0.03805859	-0.95933264	-0.27330881	0.36678845	-0.99661672	3.00000000
6.390000	-0.03791774	0.15349780	0.53064626	6.91182613	-0.32282737	-0.27100095	-1.42463386	1.48567843	0.63429648	0.58971393	7.42785120	-7.33364296	2.00000000	-0.02266142	0.59062743	0.47852093	5.98574305	0.02310530	-0.06620139	0.01047775	0.07089613	-4.03510809	-6.16620827	3.23923397	0.30197847	2.00000000	-0.07687003	0.34259304	0.11261080	5.31887388	0.01171809	0.12779707	0.07259995	0.14744544	-0.15609640	-1.25068629	-0.13948838	0.10725439	5.00000000	-0.07985463	0.47144488	0.09845655	5.28614807	0.03225195	0.00571609	0.00246384	0.03284710	-0.58753848	-0.25520226	0.33664215	-0.61916792	3.00000000
6.400000	-0.04092022	0.15048301	0.51648378	6.92661381	-0.31457439	-0.27213618	-1.33870363	1.40183544	0.32245219	0.38097426	9.10291958	-8.78273869	2.00000000	-0.02238341	0.58945721	0.47871846	5.98696184	0.00033318	-0.14069825	0.04043579	0.14639387	-2.53479218	-6.22841358	2.14205217	3.41062331	2.00000000	-0.07651965	0.34594312	0.11493567	5.32296658	0.01074281	0.09599403	0.05498032	0.11114448	-0.14343764	-4.43279552	-2.84903836	1.66070461	5.00000000	-0.07956319	0.47141171	0.09848563	5.28644276	0.03109078	0.00393639	0.00540136	0.03180104	-0.23186639	-0.19859231	0.24658005	-0.24702291	3.00000000
6.410000	-0.04432182	0.14836425	0.50427169	6.93946648	-0.31168473	-0.27112612	-1.22999668	1.29751635	0.11887152	0.41113681	10.29439831	-9.81935596	2.00000000	-0.02207390	0.58775747	0.47940207	5.98882008	-0.01253928	-0.20240147	0.05791013	0.21089612	-1.47902918	-5.45613098	1.26265836	4.99733353	2.00000000	-0.07625189	0.34755769	0.11604086	5.32494164	0.01334591	0.02674510	0.00590086	0.03046693	-0.23749851	-6.30997467	-4.39301825	1.92224729	5.00000000	-0.07920186	0.47143888	0.09856601	5.28681374	0.02998014	0.00214552	0.00680995	0.03081862	-0.06720448	-0.18386747	0.10814579	-0.06964110	3.00000000
6.420000	-0.04735775	0.14565982	0.49221361	6.95219135	-0.31527507	-0.27349082	-1.11445355	1.19004297	-0.07225076	0.95051211	11.09394169	-10.57297421	2.00000000	-0.02210516	0.58521616	0.48048338	5.99158192	-0.02268030	-0.25263080	0.06158749	0.26101673	-0.84520566	-4.02483130	0.51558423	4.17699194	2.00000000	-0.07615253	0.34754005	0.11586307	5.32514620	0.01214134	-0.08490507	-0.07632530	0.11481217	-0.34011319	-5.90142345	-4.20164680	1.75091922	5.00000000	-0.07882055	0.47152120	0.09867284	5.28721809	0.03050926	0.00088538	0.00707954	0.03133239	-0.05583190	-0.20672381	-0.02332671	-0.05379420	3.00000000
6.430000	-0.05064150	0.14258389	0.48133436	6.96396446	-0.31950474	-0.26173404	-0.99950528	1.08147991	-0.03944809	1.85112929	11.32863331	-10.91320324	2.00000000	-0.02284565	0.58246613	0.48124740	5.99453068	-0.03000982	-0.28923500	0.05842919	0.29659981	-0.35284901	-2.43019819	0.00238254	2.39573455	2.00000000	-0.07608950	0.34464303	0.11356454	5.32884502	0.00268954	-0.17101118	-0.13921142	0.22052637	-0.42845452	-3.89881420	-2.74728703	2.03995156	5.00000000	-0.07858310	0.47157499	0.09876890	5.28747988	0.03078754	-0.00084241	0.00636137	0.03144915	-0.07237011	-0.19875540	-0.10036458	-0.07021200	3.00000000
6.440000	-0.05345911	0.13976605	0.47188306	6.97422171	-0.32239294	-0.24208525	-0.88913363	0.97626895	0.31389418	2.62957835	10.97954369	-10.77677059	2.00000000	-0.02355100	0.57919300	0.48159310	5.99789667	-0.03384398	-0.30470538	0.05487005	0.31145066	0.03602973	-0.80161512	-0.06502122	0.75993896	2.00000000	-0.07611614	0.34168234	0.11123098	5.33261490	-0.00373013	-0.18510619	-0.14825264	0.23718570	-0.51377523	-0.66332573	-0.31927049	0.44854021	5.00000000	-0.07834010	0.47151610	0.09880232	5.28773212	0.02944507	-0.00402878	0.00429526	0.03002819	-0.12705600	-0.14105190	-0.12401064	-0.13103397	3.00000000
6.450000	-0.05692253	0.13706008	0.46380401	6.98341894	-0.31869021	-0.20075266	-0.77388656	0.86067736	1.01282489	2.99920940	10.28056145	-10.38755798	2.00000000	-0.02371090	0.57586497	0.48169097	6.00122976	-0.03007945	-0.30129701	0.05165934	0.30716991	0.13830441	0.71551549	0.16546454	-0.66486001	2.00000000	-0.07616586	0.33874246	0.10896659	5.33632612	-0.00763113	-0.15474483	-0.12342774	0.19808736	-0.41389546	2.44045472	2.01159978	-2.98976827	5.00000000	-0.07802999	0.47142184	0.09883057	5.28805733	0.02758546	-0.00657638	0.00203525	0.02843148	-0.25411823	-0.06396568	-0.11309412	-0.26357767	3.00000000
6.460000	-0.06024226	0.13577342	0.45694807	6.99114418	-0.30636573	-0.15905090	-0.67112172	0.75469297	2.03131318	2.89157510	9.39892292	-9.90325832	2.00000000	-0.02368312	0.57275838	0.48225507	6.00438738	-0.01963278	-0.28426298	0.05357464	0.28993297	-0.12274075	1.72487819	0.35521114	-1.55050111	2.00000000	-0.07630747	0.33869779	0.10886792	5.33650446	-0.01074603	-0.09402160	-0.07588379	0.12130082	-0.21525031	3.61827803	2.89072895	-4.52276850	5.00000000	-0.07767828	0.47132680	0.09883787	5.28842163	0.02555325	-0.00649939	0.00098236	0.02638515	-0.39105111	0.02707375	-0.06904931	-0.40183896	3.00000000
6.470000	-0.06357285	0.13433561	0.45065573	6.99840736	-0.28361773	-0.12887219	-0.58128983	0.65950352	3.20688534	2.38755202	8.42610550	-9.32649803	2.00000000	-0.02376682	0.57005149	0.48312953	6.00723314	-0.01656446	-0.25322834	0.06398211	0.26171106	-0.71531326	2.13383365	0.53546411	-1.73795366	2.00000000	-0.07643266	0.33863416	0.10877573	5.33667231	-0.01259893	-0.03325169	-0.02844930	0.04553867	-0.08278237	3.24783182	2.60538721	-4.11178637	5.00000000	-0.07740982	0.47124070	0.09882780	5.28870392	0.02121292	-0.00422026	0.00111094	0.02165717	-0.50251937	0.10261267	0.00331240	-0.48931575	3.00000000
6.480000	-0.06615224	0.13385290	0.44532454	7.00434923	-0.24489123	-0.11400803	-0.50777769	0.57515883	4.24808693	1.49759626	7.62774420	-8.75218582	2.00000000	-0.02410791	0.56773490	0.48384687	6.00968218	-0.02805856	-0.22488037	0.07263223	0.23797879	-1.49210691	2.17956948	0.76374739	-1.42702520	2.00000000	-0.07655526	0.33854699	0.10866337	5.33686018	-0.01249692	-0.00606999	-0.00660152	0.01538174	0.01330607	2.24320674	1.83715987	-2.86161327	5.00000000	-0.07724297	0.47123605	0.09883443	5.28887081	0.01446387	-0.00195230	0.00156052	0.01467823	-0.59429723	0.10752761	0.06393436	-0.44720840	3.00000000
6.490000	-0.06840540	0.13242170	0.44056576	7.00980568	-0.19151059	-0.10727395	-0.44210577	0.49360055	5.09242582	0.59793550	7.41179371	-8.55600357	2.00000000	-0.02436151	0.56569904	0.48446539	6.01182508	-0.05326338	-0.20585307	0.07611041	0.22584346	-2.11364579	1.87747610	0.80949086	-0.81707275	2.00000000	-0.07670331	0.33837575	0.10854103	5.33711767	-0.01078801	-0.01245042	-0.01002649	0.01928535	0.09021270	0.90764260	0.82008874	-1.20329893	5.00000000	-0.07715917	0.47123796	0.09885284	5.28895664	0.00700286	-0.00051310	0.00259324	0.00748520	-0.64288342	0.04727269	0.09110743	-0.28094095	3.00000000
6.500000	-0.07008713	0.13128723	0.43674570	7.01413107	-0.13066374	-0.10255500	-0.37511513	0.41024613	5.73296881	-0.23410077	7.95524168	-8.45698357	2.00000000	-0.02477899	0.56401139	0.48520204	6.01371336	-0.08482787	-0.19317815	0.08424197	0.22717895	-2.25766754	1.25148225	0.67797947	-0.11541396	2.00000000	-0.07680847	0.33824390	0.10844625	5.33731127	-0.00945100	-0.01418665	-0.00988897	0.01970721	0.10584313	-0.05275503	0.10100226	-0.07492746	5.00000000	-0.07712557	0.47128016	0.09889849	5.28902721	0.00015143	-0.00087445	0.00391336	0.00401272	-0.63173437	-0.03127753	0.10405189	-0.05495702	3.00000000
6.510000	-0.07133730	0.13000739	0.43310273	7.01818943	-0.07274915	-0.10824489	-0.29791915	0.32521564	5.92039490	-1.13274384	9.26953602	-7.03690767	2.00000000	-0.02563224	0.56199253	0.48594767	6.01602840	-0.11157087	-0.18011977	0.09485409	0.23213895	-1.89388239	0.86192513	0.79802942	0.30829930	2.00000000	-0.07689092	0.33810979	0.10836650	5.33748770	-0.00803433	-0.01516441	-0.00937184	0.01955355	0.03195861	-0.25373033	-0.01507681	0.16738662	5.00000000	-0.07714875	0.47125980	0.09893478	5.28907490	-0.00574508	-0.00243386	0.00502833	0.00801335	-0.59634912	-0.09346133	0.11260673	0.21025769	3.00000000
6.520000	-0.07150909	0.12931280	0.43031234	7.02107000	-0.01185170	-0.11921537	-0.20114729	0.23412175	5.48065710	-2.02998781	11.10544777	-3.59417295	2.00000000	-0.02724155	0.56013364	0.48710260	6.01874495	-0.12868650	-0.17398694	0.10152782	0.23903884	-1.07651997	0.92733103	1.14014304	0.27450782	2.00000000	-0.07692982	0.33797628	0.10827443	5.33765459	-0.00728182	-0.01592388	-0.00861635	0.01951503	-0.10693192	-0.18405578	0.09216783	0.16799834	5.00000000	-0.07723121	0.47123000	0.09899464	5.28918123	-0.01089312	-0.00388026	0.00592091	0.01299130	-0.57132298	-0.11631144	0.09106360	0.44411448	3.00000000
6.530000	-0.07129996	0.12846790	0.42832592	7.02323866	0.04930539	-0.14772725	-0.08020897	0.17517945	4.68348122	-2.49172902	13.06474876	0.82236403	2.00000000	-0.02904880	0.55831480	0.48833019	6.02158785	-0.13354389	-0.17579247	0.10613128	0.24495062	-0.01769165	0.92778736	1.37187767	0.08729944	2.00000000	-0.07700396	0.33779573	0.10818098	5.33787107	-0.00860300	-0.01791865	-0.00777921	0.02134492	-0.27411532	-0.20068628	0.12529354	0.27806216	5.00000000	-0.07739216	0.47114077	0.09905654	5.28937531	-0.01620265	-0.00517915	0.00700957	0.01839792	-0.55836660	-0.08987839	0.02686609	0.53338879	3.00000000
6.540000	-0.07049988	0.12686560	0.42808732	7.02504539	0.09682979	-0.18605570	0.06552462	0.21974124	3.76302266	-2.35971212	14.54006100	5.36597061	2.00000000	-0.03042498	0.55700725	0.48942149	6.02377748	-0.12997645	-0.16258110	0.12535651	0.24298301	1.09196186	1.25804102	1.09033370	-0.68840790	2.00000000	-0.07707053	0.33761245	0.10809021	5.33808613	-0.01252840	-0.02130046	-0.00655297	0.02556584	-0.43443188	-0.17631009	0.15965991	0.37114105	5.00000000	-0.07757355	0.47108909	0.09913065	5.28957796	-0.02206613	-0.00602007	0.00792922	0.02420802	-0.55010813	-0.04968665	-0.06461171	0.51975572	3.00000000
6.550000	-0.06919701	0.12466984	0.42950004	7.02796316	0.12309209	-0.22007196	0.22941379	0.34090176	2.70540404	-1.73698711	15.08139706	9.43699932	2.00000000	-0.03139223	0.55521631	0.49039060	6.02603197	-0.11176509	-0.14305511	0.14709458	0.23365149	1.98685896	2.48855400	0.48800439	-2.00919199	2.00000000	-0.07720207	0.33739728	0.10803777	5.33834362	-0.01886860	-0.02416720	-0.00460502	0.03100457	-0.53272420	-0.10518473	0.18191481	0.41087037	5.00000000	-0.07780206	0.47104347	0.09921420	5.28982544	-0.02808173	-0.00627438	0.00703453	0.02962155	-0.53011644	-0.01784662	-0.17087395	0.49558374	3.00000000
6.560000	-0.06750897	0.12170762	0.43272114	7.03265333	0.13933331	-0.23062459	0.39635846	0.47927186	1.74335587	-0.65794843	14.65399742	11.67612362	2.00000000	-0.03221652	0.55339736	0.49155846	6.02834558	-0.08572575	-0.13184050	0.16196021	0.22574750	2.31790137	3.37870646	0.14661290	-2.46660113	2.00000000	-0.07739883	0.33714604	0.10800353	5.33866453	-0.02587506	-0.02469644	-0.00219252	0.03583629	-0.52484006	0.02948236	0.18853258	0.35017982	5.00000000	-0.07809986	0.47098562	0.09931470	5.29014492	-0.03339996	-0.00576849	0.00414122	0.03414648	-0.46318930	0.01509117	-0.28285247	0.43426749	3.00000000
6.570000	-0.06596866	0.11908497	0.43752727	7.03834105	0.15058722	-0.22467355	0.54401851	0.60754496	1.31614971	0.42641956	13.48520851	11.72960377	2.00000000	-0.03343451	0.55256921	0.49406424	6.03125238	-0.04900343	-0.08511493	0.13886639	0.17008752	2.13019228	2.96128774	-0.17913027	-2.23064780	2.00000000	-0.07771143	0.33681837	0.10799281	5.33911753	-0.03188048	-0.02325003	-0.00002310	0.03945794	-0.40406507	0.20069160	0.17054771	0.19591527	5.00000000	-0.07848828	0.47091168	0.09938047	5.29054594	-0.03802044	-0.00558818	0.00010369	0.03842905	-0.34414190	0.04380403	-0.35358134	0.33245671	3.00000000
6.580000	-0.06470688	0.11702514	0.44409028	7.04533434	0.15938535	-0.20924799	0.66732913	0.71729809	1.48745251	0.99817014	11.87053108	10.76995659	2.00000000	-0.03389045	0.55154043	0.49593568	6.03343630	-0.02308671	-0.02068132	0.12019152	0.12412379	1.60418260	3.00165892	-1.24647903	-2.77755857	2.00000000	-0.07812013	0.33657104	0.10800884	5.33959532	-0.03560191	-0.02015928	0.00154885	0.04094255	-0.20472153	0.32445127	0.11930656	0.00495166	5.00000000	-0.07893316	0.47084200	0.09934343	5.29099798	-0.04137984	-0.00526508	-0.00427496	0.04193194	-0.22901693	0.04311402	-0.32674438	0.23524928	3.00000000
6.590000	-0.06324872	0.11551402	0.45167494	7.05320454	0.16913730	-0.19033551	0.77133673	0.81227791	1.87007308	1.09797883	10.39015579	9.81474972	2.00000000	-0.03402389	0.55106419	0.49752331	6.03509903	-0.01695510	0.00388871	0.12523979	0.12644209	0.62684423	4.04970646	-2.59254265	-1.98650360	2.00000000	-0.07852612	0.33639976	0.10803978	5.34003687	-0.03623608	-0.01562511	0.00256803	0.03954482	0.01774494	0.35201716	0.04892062	-0.17737573	5.00000000	-0.07935984	0.47080854	0.09923906	5.29143858	-0.04247303	-0.00453442	-0.00837153	0.04352702	-0.16199328	0.00846547	-0.20613083	0.17282906	3.00000000
6.600000	-0.06142762	0.11371206	0.45993534	7.06185293	0.19135241	-0.18044859	0.86530143	0.90439153	2.20317841	1.08989489	9.59684944	9.35338879	2.00000000	-0.03284772	0.55286217	0.49620408	6.03762007	-0.01783908	-0.00808438	0.11939356	0.12098932	-0.41422191	4.85339165	-3.64019942	1.22837651	3.00000000	-0.07889795	0.33631238	0.10807683	5.34042072	-0.03431210	-0.01048744	0.00282563	0.03599015	0.22010672	0.29868177	-0.01661273	-0.32793719	5.00000000	-0.07979625	0.47076735	0.09911041	5.29189539	-0.04212955	-0.00382314	-0.01053369	0.04359443	-0.12564416	-0.03317582	-0.03757726	0.13163222	3.00000000
6.610000	-0.05931052	0.11178911	0.46870747	7.07107973	0.22353800	-0.17755081	0.94959337	0.99157506	2.46437383	0.97028744	9.37705898	9.35120106	2.00000000	-0.03335361	0.55315995	0.49804011	6.03954744	-0.02566666	0.04635950	0.06065418	0.08054136	-0.68443549	5.34125233	-5.01644373	3.55235004	3.00000000	-0.07921478	0.33623725	0.10810972	5.34074783	-0.03049547	-0.00738502	0.00201234	0.03144141	0.37079158	0.19479543	-0.06547125	-0.41924846	5.00000000	-0.08021006	0.47074038	0.09899767	5.29232502	-0.04292068	-0.00440677	-0.00950824	0.04418157	-0.09763849	-0.07348046	0.13351730	0.09738275	3.00000000
6.620000	-0.05707601	0.10985120	0.47849339	7.08130264	0.25306284	-0.17041582	1.03974438	1.08358240	2.52123737	0.76277924	9.29966927	9.39067745	2.00000000	-0.03413162	0.55278003	0.49991432	6.04161215	-0.04663855	0.13961494	-0.01617943	0.14808531	-0.37872660	5.69808197	-5.74359798	3.93664598	3.00000000	-0.07947720	0.33617124	0.10813071	5.34101915	-0.02578739	-0.00665784	0.00072053	0.02664274	0.45770857	0.06686274	-0.09300135	-0.43952909	5.00000000	-0.08060494	0.47070172	0.09889140	5.29273558	-0.04518324	-0.00625153	-0.00607272	0.04601613	-0.06025508	-0.10770972	0.26496986	0.05564500	3.00000000
6.630000	-0.05432088	0.10811832	0.48951998	7.09279966	0.27584353	-0.15633826	1.14007461	1.18334329	2.12710738	0.76365143	9.26413059	9.30562973	2.00000000	-0.03510132	0.55137342	0.50130057	6.04381227	-0.05615148	0.23503302	-0.09104535	0.25823006	0.07904752	4.46050167	-4.31534243	3.25969815	3.00000000	-0.07975466	0.33614022	0.10813752	5.34129858	-0.02049661	-0.00772402	-0.00059474	0.02191176	0.48217160	-0.04437187	-0.08610594	-0.39941552	5.00000000	-0.08104344	0.47065103	0.09882762	5.29318142	-0.04692071	-0.00790705	-0.00180931	0.04761668	0.03106290	-0.12482505	0.30610129	-0.02956083	3.00000000
6.640000	-0.05130818	0.10671749	0.50127792	7.10501814	0.29556230	-0.14717361	1.23929250	1.28252208	1.45506918	1.01392543	9.26503468	9.16384506	2.00000000	-0.03553924	0.55645889	0.49790975	6.04994011	-0.04338029	0.27676323	-0.15331332	0.31935045	0.69941282	0.14316663	-0.90438443	-0.24942432	3.00000000	-0.07992499	0.33605531	0.10810430	5.34149170	-0.01529076	-0.00895336	-0.00146894	0.01777999	0.44381291	-0.09929969	-0.04619443	-0.31855717	5.00000000	-0.08156074	0.47054076	0.09884200	5.29371071	-0.04649162	-0.00912795	0.00184899	0.04741529	0.19946200	-0.11277246	0.24591003	-0.18159576	3.00000000
6.650000	-0.04815728	0.10555278	0.51444137	7.11860323	0.31043470	-0.14437716	1.32824695	1.37166119	0.82871389	1.39030576	9.10877609	8.89371681	2.00000000	-0.03583404	0.56143111	0.49422133	6.05613804	-0.02597244	0.26255646	-0.14422411	0.30068433	1.27314460	-6.16801262	3.12844968	-1.46096194	3.00000000	-0.08006863	0.33596340	0.10808389	5.34166336	-0.01052568	-0.01020779	-0.00189922	0.01478499	0.34490353	-0.10934388	0.00196530	-0.20816225	5.00000000	-0.08210534	0.47041082	0.09891424	5.29427528	-0.04329992	-0.00972003	0.00433549	0.04458877	0.38465625	-0.08912177	0.12796195	-0.34949738	3.00000000
6.660000	-0.04505803	0.10425480	0.52819425	7.13276052	0.31288821	-0.13349521	1.41335726	1.45371890	0.29544407	1.82554448	8.79115391	8.49897671	2.00000000	-0.03567122	0.56730509	0.49120936	6.06274128	-0.00727590	0.17640293	-0.07714555	0.19267166	1.56122041	-11.46449757	6.69367313	1.41000295	3.00000000	-0.08009476	0.33580834	0.10804962	5.34182453	-0.00710376	-0.01127819	-0.00137600	0.01339979	0.19189563	-0.10638593	0.03638781	-0.07453848	5.00000000	-0.08255947	0.47031254	0.09900466	5.29474878	-0.03754944	-0.01057188	0.00467213	0.03928808	0.49672988	-0.08380742	-0.00147904	-0.44406730	3.00000000
6.670000	-0.04186295	0.10259546	0.54279780	7.14780140	0.30940160	-0.11087979	1.50027418	1.53585362	-0.28235736	2.37640285	8.51270580	8.13413048	2.00000000	-0.03605296	0.56536442	0.49246094	6.06508207	0.00415994	-0.00477036	0.04165719	0.04213529	1.99120760	-12.78809166	7.79915810	2.14547944	3.00000000	-0.08013470	0.33570427	0.10805197	5.34193611	-0.00578879	-0.01200115	-0.00037123	0.01332949	0.02593837	-0.10882980	0.04262559	0.05698936	5.00000000	-0.08286097	0.47022501	0.09904958	5.29506588	-0.03039638	-0.01119698	0.00339293	0.03257030	0.50952464	-0.10141109	-0.11294366	-0.43439621	3.00000000
6.680000	-0.03866985	0.10105123	0.55797726	7.16338968	0.30354348	-0.07562377	1.58816171	1.61867702	-0.74228394	2.98362708	8.28771591	7.86570597	2.00000000	-0.03575948	0.56385201	0.49528259	6.06829691	0.01665897	-0.22190014	0.15546107	0.27145043	1.48583210	-14.76890087	9.20524311	7.10663080	3.00000000	-0.08017179	0.33558920	0.10804018	5.34205770	-0.00683858	-0.01307925	0.00048609	0.01476716	-0.13801830	-0.14424618	0.02414857	0.19722922	5.00000000	-0.08307739	0.47015378	0.09907040	5.29529476	-0.02432081	-0.01212060	0.00129770	0.02720468	0.44700560	-0.11480600	-0.16910179	-0.35396671	3.00000000
6.690000	-0.03577274	0.10061847	0.57417184	7.17984724	0.29725432	-0.04365860	1.67058098	1.69738245	-0.87064874	3.43130851	7.91801500	7.55305576	2.00000000	-0.03569468	0.56022215	0.49697509	6.07230234	0.03960471	-0.36170185	0.23781781	0.43468848	0.07926605	-19.04234314	11.66849327	18.67683792	3.00000000	-0.08025208	0.33548260	0.10807151	5.34219456	-0.01002817	-0.01434361	0.00066372	0.01751410	-0.31193817	-0.24671106	-0.00151443	0.38398013	5.00000000	-0.08326118	0.46998295	0.09904038	5.29554749	-0.02094923	-0.01360277	-0.00109989	0.02500231	0.32996425	-0.09368115	-0.14936881	-0.24602138	3.00000000
6.700000	-0.03279797	0.10074294	0.59157920	7.19750738	0.28257316	-0.00963292	1.74864721	1.77135754	-0.76541752	3.62693596	7.29096699	7.04599905	2.00000000	-0.03524240	0.55669874	0.49929395	6.07654428	0.07706489	-0.38214722	0.24519835	0.46054071	-0.00232668	-17.85928154	10.05710697	20.92916298	3.00000000	-0.08035824	0.33533135	0.10807735	5.34237957	-0.01321727	-0.01625121	-0.00014566	0.02094801	-0.48216024	-0.39775407	-0.01504417	0.60731471	5.00000000	-0.08346029	0.46984455	0.09904106	5.29579020	-0.01912862	-0.01530871	-0.00313576	0.02470007	0.20618564	-0.03842595	-0.08224260	-0.15903927	3.00000000
6.710000	-0.03008684	0.10148732	0.60979468	7.21593857	0.27141568	0.02776347	1.81946504	1.83980715	-0.48315921	3.75969195	6.38727713	6.28930712	2.00000000	-0.03445553	0.55090445	0.50119936	6.08269453	0.02734546	-0.67599016	0.46072823	0.81852365	0.27468520	-12.96739197	7.35415077	14.91845703	3.00000000	-0.08052141	0.33512780	0.10809431	5.34264088	-0.01832774	-0.02066071	-0.00082863	0.02763074	-0.61268455	-0.56135678	-0.00546542	0.82107174	5.00000000	-0.08367556	0.46965909	0.09900293	5.29607677	-0.01786835	-0.01595616	-0.00360962	0.02422616	0.13678285	0.03930471	0.01233847	-0.13610320	3.00000000
6.720000	-0.02721088	0.10102730	0.62817633	7.23454952	0.26774141	0.06744948	1.88191581	1.90206254	0.06615147	4.17017174	5.25830746	5.36412382	2.00000000	-0.03324150	0.54680949	0.50555789	6.08879709	-0.00671353	-0.98464185	0.61845279	1.16277623	-0.66618043	-12.40445995	7.58688879	14.44407463	3.00000000	-0.08071856	0.33493713	0.10806015	5.34291744	-0.02564943	-0.02804473	-0.00088656	0.03801560	-0.69335717	-0.69824004	0.03481904	0.98234320	5.00000000	-0.08386544	0.46951652	0.09894817	5.29632044	-0.01717557	-0.01464933	-0.00246819	0.02270892	0.11904544	0.10864024	0.11685955	-0.15420742	3.00000000
6.730000	-0.02501891	0.10170677	0.64734453	7.25385475	0.27186665	0.10796238	1.93119740	1.95322573	0.78170025	4.69894791	4.02219296	4.38722563	2.00000000	-0.03192390	0.54091525	0.50912696	6.09581232	0.03229721	-0.97764182	0.56762791	1.13094127	0.16273074	-7.63327217	3.40034723	8.25829887	3.00000000	-0.08093892	0.33469257	0.10801855	5.34324932	-0.03457647	-0.03699188	-0.00013455	0.05063546	-0.69905919	-0.71034658	0.08849965	0.99766296	5.00000000	-0.08399700	0.46934789	0.09888171	5.29654455	-0.01615745	-0.01217971	-0.00060989	0.02024304	0.11728779	0.14517872	0.18371308	-0.16789714	3.00000000
6.740000	-0.02216674	0.10277736	0.66660398	7.27335358	0.28461856	0.15232910	1.96262991	1.98900175	1.24124062	5.17068195	2.59831333	3.20903039	2.00000000	-0.03662007	0.51546949	0.52845418	6.12810898	0.03973280	-0.94303089	0.58841705	1.11225927	2.73789334	5.38812399	-5.02645254	-6.89964724	2.00000000	-0.08135190	0.33426794	0.10801976	5.34384155	-0.04269779	-0.04600212	0.00119110	0.06277511	-0.58147377	-0.51607811	0.12187792	0.77856994	5.00000000	-0.08413643	0.46922204	0.09889299	5.29673290	-0.01465262	-0.00974312	0.00214639	0.01772667	0.12700066	0.12726457	0.16873205	-0.16565108	3.00000000
6.750000	-0.01950085	0.10535398	0.68712044	7.29420233	0.30394053	0.21323970	1.98023558	2.01474166	1.30495870	5.52412367	0.84762371	1.65909421	2.00000000	-0.03408977	0.50702190	0.52702403	6.13704252	0.03349155	-0.98133582	0.59527504	1.14825702	2.34325147	11.06122971	-6.45791245	-12.50903034	3.00000000	-0.08184621	0.33371666	0.10805291	5.34458256	-0.04859846	-0.05239149	0.00299613	0.07152381	-0.35212192	-0.15421568	0.12182248	0.36659303	5.00000000	-0.08429872	0.46915865	0.09895524	5.29691792	-0.01319945	-0.00883539	0.00469306	0.01656244	0.14043744	0.05680364	0.08880967	-0.13682300	3.00000000
6.760000	-0.01606083	0.10775138	0.70709383	7.31461096	0.32452196	0.27409610	1.98690736	2.03180814	1.02057779	5.86074591	-0.92013675	0.07508595	2.00000000	-0.03267217	0.50361943	0.53074521	6.14228010	0.10729877	-0.74119639	0.40116009	0.84959668	0.67978513	8.65706444	-5.56376839	-10.19496822	3.00000000	-0.08247930	0.33304498	0.10811487	5.34550762	-0.05093117	-0.05239546	0.00458471	0.07321399	-0.06317773	0.26971191	0.09161028	-0.12283300	5.00000000	-0.08444632	0.46912625	0.09904011	5.29709101	-0.01187852	-0.00875046	0.00570795	0.01581931	0.14126785	-0.00231585	-0.00914205	-0.10239457	3.00000000
6.770000	-0.01267501	0.11021635	0.72690576	7.33486080	0.33267242	0.33652961	1.96976411	2.02580690	0.59217834	6.07105923	-2.48951316	-1.29579008	2.00000000	-0.03114237	0.49941409	0.53443307	6.14807892	0.15017976	-0.47411072	0.26120394	0.56174946	0.43747431	8.09221363	-7.47455931	-10.61094570	3.00000000	-0.08299416	0.33246511	0.10816546	5.34628487	-0.04943677	-0.04530350	0.00537218	0.06727007	0.21923789	0.64348090	0.03929786	-0.56834894	5.00000000	-0.08455995	0.46905389	0.09912147	5.29724836	-0.01041181	-0.00986308	0.00408242	0.01491148	0.14975901	0.03031850	-0.09245165	-0.14591959	3.00000000
6.780000	-0.00915405	0.11386999	0.74642605	7.35502958	0.33201638	0.39057046	1.92765343	1.99464977	0.18561308	5.86359882	-4.02419758	-2.67592549	2.00000000	-0.02973861	0.49364915	0.53729731	6.15466738	0.09106067	-0.49405220	0.31570345	0.59333658	-0.50512677	5.58748913	-6.17395687	-7.69662619	3.00000000	-0.08346646	0.33202469	0.10820945	5.34693193	-0.04504646	-0.03415942	0.00530146	0.05678164	0.44347230	0.83870763	-0.02855329	-0.86163467	5.00000000	-0.08462389	0.46891195	0.09915324	5.29740715	-0.00901191	-0.01106809	0.00139934	0.01434138	0.18859160	0.14475603	-0.13311622	-0.25646681	3.00000000
6.790000	-0.00575194	0.11803553	0.76584160	7.37517643	0.32410035	0.45333907	1.87673807	1.95772910	0.00143126	5.25988340	-5.36111975	-3.93290210	2.00000000	-0.02850730	0.48892823	0.54106402	6.16083097	0.06342552	-0.55571914	0.25851974	0.61618102	-2.04471421	-1.34149981	-2.74686337	-0.03035317	3.00000000	-0.08385655	0.33180550	0.10827518	5.34738398	-0.03862244	-0.02272204	0.00454746	0.04504069	0.57479095	0.76781422	-0.10195548	-0.93037748	5.00000000	-0.08469579	0.46876657	0.09915406	5.29756927	-0.00753986	-0.00974586	-0.00053806	0.01233372	0.23855627	0.38916364	-0.02000614	-0.16265050	3.00000000
6.800000	-0.00279220	0.12365660	0.78447896	7.39486694	0.32408279	0.51303756	1.81842041	1.91700029	0.31251857	4.72245359	-6.03432322	-4.46664762	2.00000000	-0.02848181	0.48248422	0.54291248	6.16753483	0.04592038	-0.58979636	0.21803229	0.63048118	-1.72280169	-5.10629082	-2.57743907	3.55141735	3.00000000	-0.08423734	0.33171380	0.10832109	5.34777832	-0.03166702	-0.01417200	0.00331781	0.03485188	0.62417501	0.49956724	-0.17009334	-0.80033398	5.00000000	-0.08478081	0.46862957	0.09908565	5.29774427	-0.00491583	-0.00446985	-0.00109877	0.00673441	0.29021761	0.26760539	-0.11683430	0.01956734	3.00000000
6.810000	0.00033511	0.12859577	0.80232674	7.41364765	0.32643351	0.55450809	1.75021577	1.86475015	-1.43392646	0.42838600	-5.67772150	-6.11789083	2.00000000	-0.02892029	0.47779927	0.54533970	6.17282963	0.03890175	-0.62815320	0.18784055	0.65679055	-0.79608464	-4.98932934	-2.85043812	3.64964342	3.00000000	-0.08456012	0.33163810	0.10836551	5.34811306	-0.02495646	-0.01081948	0.00131627	0.02723268	0.62053216	0.15844743	-0.22937977	-0.53860885	5.00000000	-0.08486245	0.46858749	0.09905956	5.29783964	-0.00110486	0.00248651	-0.00016422	0.00272588	0.35095814	-0.39763993	-0.57125229	0.54254818	3.00000000
6.820000	0.00343255	0.13464513	0.81921500	7.43185234	0.33619887	0.57882959	1.68063331	1.80903339	4.92288160	7.67171526	-6.61755180	-1.02427697	2.00000000	-0.02837266	0.46988177	0.54578245	6.18077850	0.03778565	-0.68183839	0.16153951	0.70173097	-1.02849674	-5.25186539	-1.18509650	4.65634203	3.00000000	-0.08476526	0.33155447	0.10836068	5.34833479	-0.01925236	-0.01323993	-0.00147956	0.02341235	0.56975454	-0.19056346	-0.26546168	-0.20180006	5.00000000	-0.08488089	0.46867564	0.09906960	5.29793024	0.00272145	0.01250356	0.00498854	0.01373430	0.37384892	-0.75124687	-0.71652865	0.99701685	3.00000000
6.830000	0.00720157	0.14047593	0.83581746	7.44984818	0.34908059	0.59382653	1.62538135	1.76531923	21.24804688	30.82538033	-9.15740776	18.57488441	2.00000000	-0.02775078	0.46414894	0.54790366	6.18692255	0.03992243	-0.74348670	0.15017588	0.75955188	-1.64539182	-6.59532595	0.07823519	6.38352442	3.00000000	-0.08486557	0.33143663	0.10833368	5.34849167	-0.01373862	-0.01759057	-0.00468822	0.02280696	0.48371616	-0.48946339	-0.26432812	0.14612827	5.00000000	-0.08477722	0.46886912	0.09911858	5.29815531	0.00691923	-0.01370658	-0.01556755	0.02186538	0.31787151	-0.85348713	-0.63039958	1.05832434	3.00000000
6.840000	0.01064467	0.14661185	0.85146064	7.46700096	0.27881175	0.45834702	1.59420013	1.68204999	26.44527054	38.79245758	-9.41446209	28.15987968	2.00000000	-0.02650862	0.45539811	0.54934001	6.19587708	0.02077731	-0.80512309	0.16195823	0.82151407	-2.05740571	-8.61499500	1.05529022	8.64622021	3.00000000	-0.08496677	0.33122438	0.10827026	5.34873533	-0.00865652	-0.02361139	-0.00801800	0.02639548	0.37278646	-0.68846220	-0.23300897	0.45259100	5.00000000	-0.08465004	0.46904159	0.09918788	5.29838037	0.01100674	-0.04344905	-0.03699077	0.05811442	0.19540600	-1.29594731	-0.81051129	1.18165779	3.00000000
6.850000	0.01450566	0.15279970	0.86711413	7.48427010	0.98334134	1.47155368	1.42052066	2.26942945	23.06855965	34.57302475	-8.76299286	24.67594337	2.00000000	-0.02668701	0.44769767	0.55103403	6.20376348	-0.02053979	-0.88033968	0.19333561	0.90155339	-2.06857204	-10.57242489	1.67272472	10.70578480	3.00000000	-0.08505759	0.33093232	0.10817139	5.34905672	-0.00525440	-0.03154749	-0.01008858	0.03353554	0.21783151	-0.82405424	-0.18280996	0.70785910	5.00000000	-0.08455004	0.46914324	0.09922978	5.29852915	0.01272025	-0.04264439	-0.03319078	0.05551555	0.00367735	-1.02752161	-0.44582891	0.77138770	3.00000000
6.860000	0.01812139	0.15872847	0.88233566	7.50100088	1.65342939	2.49289322	1.25995874	3.24589610	28.93863678	45.12162018	-11.09097767	33.46755981	2.00000000	-0.02702520	0.43818727	0.55259013	6.21340609	-0.05662062	-1.00723183	0.21561880	1.03160715	-1.66335797	-11.45458698	1.56663537	11.55343151	3.00000000	-0.08512300	0.33063096	0.10804627	5.34938955	-0.00346719	-0.04090418	-0.01122002	0.04255658	0.02605694	-0.91003352	-0.11624737	0.87359720	5.00000000	-0.08440651	0.46664798	0.09734685	5.30165863	0.01193347	-0.04727095	-0.03309318	0.05892461	-0.21829604	0.22240219	0.63738841	-0.34374103	4.00000000
6.870000	0.02317656	0.16470379	0.89687788	7.51751566	1.53643847	2.35689998	1.24052167	3.07481933	10.31158733	20.54339218	-9.81622505	7.96905327	3.00000000	-0.02849563	0.42871436	0.55500525	6.22329187	-0.06620884	-1.16259134	0.23273030	1.18750393	-0.60076421	-10.61559772	0.45094562	10.53901005	3.00000000	-0.08509372	0.33016983	0.10789569	5.34987545	-0.00413476	-0.05089392	-0.01191596	0.05243355	-0.14034104	-0.85610735	-0.04881088	0.85706282	5.00000000	-0.08427167	0.46664223	0.09739633	5.30180216	0.00817279	-0.05722493	-0.03546569	0.06781816	-0.36086503	0.68405330	1.00973010	-0.85290420	4.00000000
6.880000	0.08532865	0.25766426	0.90036464	7.62939358	1.51330698	2.37502456	1.15938032	3.04548883	-39.22727203	-50.77756500	-3.68000460	-25.29634094	4.00000000	-0.02960712	0.41655171	0.55792207	6.23584890	-0.05579190	-1.30276680	0.23448119	1.32487571	0.62471205	-7.40359020	-1.30747008	7.09154177	3.00000000	-0.08509091	0.32964355	0.10780473	5.35040951	-0.00757500	-0.06130859	-0.01228526	0.06298453	-0.26163632	-0.63399929	0.00291650	0.65691960	5.00000000	-0.08415606	0.46661431	0.09746698	5.30194044	0.00146727	-0.03436530	-0.01085109	0.03606762	-0.40463260	0.54946566	0.82702130	-0.72481674	4.00000000
6.890000	0.08795124	0.26427546	0.91461182	7.64531755	1.66194594	2.69103217	0.99946356	3.31702352	-56.51746750	-75.78907013	-4.22196817	-26.70880890	4.00000000	-0.02993494	0.40186104	0.56077683	6.25081778	-0.04051883	-1.36282337	0.21901776	1.38090479	1.02168310	-1.42616427	-2.87680578	0.98128217	3.00000000	-0.08512760	0.32891634	0.10768529	5.35114717	-0.01187616	-0.06869832	-0.01202989	0.07074759	-0.35673705	-0.32253361	0.04817528	0.37480548	5.00000000	-0.08412538	0.46655098	0.09754078	5.30204248	-0.00424230	-0.00988916	0.01327122	0.01708560	-0.41556552	0.77683640	0.88368285	-0.92019182	4.00000000
6.900000	0.09073964	0.27096850	0.92736965	7.65999174	0.25144172	0.71769357	1.09005320	1.32910609	-49.57572556	-65.54538727	-8.67618752	-29.11006927	4.00000000	-0.02957034	0.38526386	0.56262684	6.26752186	-0.01760391	-1.34569848	0.17171700	1.35672438	0.45967472	6.10610342	-3.81200671	-6.54448843	3.00000000	-0.08535168	0.32815072	0.10757107	5.35195303	-0.01539836	-0.06950820	-0.01116631	0.07206377	-0.39946401	0.01187126	0.09201127	0.07713359	5.00000000	-0.08429858	0.46632221	0.09766804	5.30235624	-0.00666051	-0.01604905	0.00967961	0.01989043	-0.40014523	0.69130301	0.66391546	-0.64426988	4.00000000
6.910000	0.09291513	0.27822697	0.93732357	7.67250156	-1.13911390	-1.26256800	1.13926578	2.04684758	-56.77168274	-77.71170044	-8.76610088	-31.73815536	4.00000000	-0.02961113	0.37154359	0.56414175	6.28132534	-0.00896946	-1.24000502	0.10883261	1.24480414	-0.28761101	12.54322338	-4.14699411	-12.88938713	3.00000000	-0.08560140	0.32733193	0.10742787	5.35282087	-0.01897147	-0.06485531	-0.00996372	0.06830376	-0.38100782	0.32014072	0.12790307	-0.19682005	5.00000000	-0.08449847	0.46605700	0.09781590	5.30271959	-0.00850415	-0.01595765	0.00827884	0.01988734	-0.37496158	0.15210399	0.10430741	0.03305919	4.00000000
6.920000	0.09507970	0.28569630	0.94480288	7.68329144	-0.98143071	-0.97449905	0.88514084	1.64205015	-39.24184418	-54.89682770	-11.67893314	-21.30466270	4.00000000	-0.02987902	0.36036953	0.56489116	6.29252768	-0.02563052	-1.04966033	0.06131927	1.05176222	-0.82776749	16.47553635	-3.78998184	-16.68146324	3.00000000	-0.08579522	0.32669809	0.10732064	5.35349226	-0.02347107	-0.05879005	-0.00840401	0.06385756	-0.34862021	0.49340317	0.14592217	-0.34254831	5.00000000	-0.08456007	0.46586856	0.09790515	5.30293703	-0.01252728	-0.01510382	0.00775636	0.02110022	-0.41344887	-0.02229304	-0.05597745	0.28149113	4.00000000
6.930000	0.03880493	0.20831218	0.96082062	7.78030539	-1.01719952	-1.00569344	0.69051331	1.58837116	9.61327171	13.98933029	-18.81137848	-19.69843102	3.00000000	-0.03019784	0.35175937	0.56498045	6.30114412	-0.05413129	-0.82060593	0.03480265	0.82312548	-1.15038824	18.42781067	-2.61948442	-18.46061897	3.00000000	-0.08593021	0.32624865	0.10726922	5.35396433	-0.02727291	-0.05275830	-0.00673495	0.05977131	-0.29838809	0.49807781	0.15037669	-0.34180379	5.00000000	-0.08452462	0.46581635	0.09791125	5.30300045	-0.01777653	-0.01302163	0.00822737	0.02352142	-0.48904017	0.05013371	0.09441012	0.34692237	4.00000000
6.940000	0.03994880	0.21564348	0.96425647	7.78848219	-1.13870633	-1.21109021	0.55613416	1.75290525	26.91644859	36.73277664	-18.85241127	-28.07433701	3.00000000	-0.03060540	0.34396437	0.56480366	6.30895185	-0.06830223	-0.62806678	0.01538147	0.63195699	-0.93232679	18.53975677	-1.38040125	-18.43090439	3.00000000	-0.08619596	0.32585400	0.10722994	5.35444164	-0.02993296	-0.04729082	-0.00505708	0.05619589	-0.14416726	0.48056278	0.15153407	-0.37431669	5.00000000	-0.08463579	0.46576884	0.09793551	5.30312395	-0.02332460	-0.01173069	0.00965347	0.02783587	-0.44527540	0.01586610	0.13964900	0.36831647	4.00000000
6.950000	0.04062210	0.22162941	0.96658665	7.79494095	-0.48579168	-0.30377147	0.31971782	0.65611750	20.56859589	25.18415642	-14.20125675	-24.92258263	3.00000000	-0.03163345	0.33878747	0.56503850	6.31423521	-0.06847516	-0.46614009	0.00812163	0.47121269	0.00448053	16.88702202	-0.69634283	-16.99871635	3.00000000	-0.08662079	0.32533583	0.10718805	5.35511303	-0.03174022	-0.04399220	-0.00375826	0.05437720	0.12952344	0.56044638	0.15295090	-0.56386125	5.00000000	-0.08506057	0.46560964	0.09806470	5.30359554	-0.02926619	-0.01291757	0.01209800	0.03420139	-0.21207395	0.03227466	0.11163154	0.18904985	4.00000000
6.960000	0.04145731	0.22648163	0.96781421	7.80001545	0.17129986	0.59113449	0.11984010	0.62701297	23.78203201	29.02381325	-11.86397362	-29.71296501	3.00000000	-0.03277709	0.33552057	0.56536132	6.31771135	-0.06455206	-0.30728626	0.01187871	0.31421795	1.16306257	14.84186077	-0.33038932	-13.62199402	3.00000000	-0.08704172	0.32486063	0.10713716	5.35575008	-0.03089191	-0.04098316	-0.00240132	0.05137797	0.42819580	0.69547111	0.15940785	-0.84012222	5.00000000	-0.08552042	0.46545529	0.09825765	5.30411768	-0.03300694	-0.01489594	0.01439135	0.03896740	0.10739912	0.07256854	0.01557903	-0.11188977	4.00000000
6.970000	0.04237434	0.23015396	0.96880585	7.80392838	0.06352480	0.35969055	0.08697212	0.37546882	18.41433716	21.46539307	-8.76965141	-19.84856606	3.00000000	-0.03333339	0.33313417	0.56540042	6.32016182	-0.05279118	-0.15516579	0.01280109	0.16439950	1.93706226	13.55682850	-0.14996853	-8.37862968	3.00000000	-0.08732952	0.32441199	0.10710092	5.35628414	-0.02421749	-0.03332719	-0.00080969	0.04120490	0.69471604	0.85626787	0.16961712	-0.95483100	5.00000000	-0.08587123	0.46526361	0.09844292	5.30455828	-0.02978009	-0.01399020	0.01444444	0.03593357	0.42553067	0.16077316	-0.12081453	-0.48100445	4.00000000
6.980000	0.04300401	0.23329207	0.96938014	7.80717993	0.05774991	0.29134911	0.04913558	0.30105424	2.59971309	-0.92151666	-4.55918074	-7.47807884	3.00000000	-0.03349587	0.33226693	0.56544185	6.32104492	-0.02306678	-0.03352364	0.00833422	0.04153757	2.37426138	12.48521805	-0.28337285	-2.96024108	3.00000000	-0.08752357	0.32413676	0.10711364	5.35662127	-0.01309880	-0.02126694	0.00103358	0.02499859	0.91766787	1.05230212	0.16933036	-0.73527569	5.00000000	-0.08609965	0.46512049	0.09857891	5.30486012	-0.02029476	-0.01044547	0.01162377	0.02561439	0.71393442	0.28804022	-0.26876757	-0.66588897	4.00000000
6.990000	0.04333782	0.23571464	0.96987122	7.80967426	0.04905447	0.24333769	0.01948923	0.24899679	-2.70773292	-7.80474949	-2.93885088	-6.52463055	3.00000000	-0.03362108	0.33257684	0.56550592	6.32138538	0.01191910	0.07804011	0.00523478	0.07911843	2.71336889	10.96740341	-0.58616114	1.85696328	3.00000000	-0.08760469	0.32393387	0.10714887	5.35684252	-0.00173282	-0.00875120	0.00314992	0.00946088	1.03138399	1.19504368	0.14864960	-0.30170855	5.00000000	-0.08625755	0.46501502	0.09867297	5.30507183	-0.00997484	-0.00632877	0.00715343	0.01381022	0.89859951	0.37914345	-0.39272270	-0.50330168	4.00000000
7.000000	0.04366434	0.23784839	0.96989715	7.81183290	0.03900472	0.20804343	-0.00988791	0.21189904	-0.20575401	-3.41033983	-3.06226397	-3.05889535	3.00000000	-0.03364385	0.33423463	0.56554633	6.32304382	0.03984878	0.18657272	-0.00143250	0.19078615	2.71336913	9.40907574	-0.84765834	6.10477781	3.00000000	-0.08756605	0.32398835	0.10719211	5.35692215	0.00870836	0.00347917	0.00483145	0.01054908	0.98025709	1.16842318	0.11283365	0.19461751	5.00000000	-0.08632303	0.46500403	0.09872816	5.30515814	-0.00063218	-0.00172580	0.00233706	0.00297320	0.92187995	0.40754178	-0.46380711	-0.15009801	4.00000000
7.010000	0.04416233	0.23971827	0.96955055	7.81379890	0.03564889	0.17855589	-0.04074524	0.18658303	-0.23155314	-3.04056811	-2.79987669	-2.23418307	3.00000000	-0.03298699	0.33653104	0.56568921	6.32543659	0.06196286	0.28327206	-0.00957747	0.29012787	2.08561277	8.25596523	-1.08657444	8.17776871	3.00000000	-0.08739623	0.32409495	0.10723955	5.35712814	0.01864533	0.01584167	0.00563686	0.02510739	0.82166749	0.99238127	0.07062063	0.65695471	5.00000000	-0.08626666	0.46502933	0.09872957	5.30522013	0.00807928	0.00221978	-0.00234321	0.00870016	0.83961910	0.42768815	-0.47366887	0.26440072	4.00000000
7.020000	0.04456637	0.24146353	0.96903658	7.81566238	0.03995398	0.15282729	-0.07221202	0.17368673	-0.09758249	-2.79307175	-2.56180167	-1.48312163	3.00000000	-0.03201954	0.33983970	0.56554729	6.32888651	0.08630254	0.35049441	-0.02410064	0.36176693	1.09916854	7.14900637	-1.19158852	7.42216873	3.00000000	-0.08716005	0.32430032	0.10730685	5.35744810	0.02688238	0.02682532	0.00578035	0.03841448	0.62854528	0.74482912	0.04567931	0.84324074	5.00000000	-0.08613330	0.46506360	0.09867866	5.30536699	0.01655109	0.00593613	-0.00726351	0.01902458	0.71699238	0.45470399	-0.43423304	0.65604997	4.00000000
7.030000	0.04480838	0.24289356	0.96814483	7.81736517	0.04304070	0.12629093	-0.09633452	0.16456683	-0.04449428	-2.65560198	-2.31191325	-0.82091254	3.00000000	-0.03090916	0.34400737	0.56511647	6.33322096	0.09984844	0.40685061	-0.03892034	0.42072785	-0.06126237	5.87413216	-0.96730214	5.85611343	3.00000000	-0.08683357	0.32459453	0.10737777	5.35789347	0.03208189	0.03307685	0.00565164	0.04642485	0.40616074	0.44238055	0.05730934	0.61273974	5.00000000	-0.08591088	0.46514028	0.09857726	5.30562305	0.02383341	0.01017104	-0.01207925	0.02859003	0.54262727	0.45392370	-0.36499822	0.77115822	4.00000000
7.040000	0.04520462	0.24402858	0.96703547	7.81900120	0.04019771	0.09867027	-0.11514673	0.15687717	-0.26319933	-2.58165479	-2.15914774	-0.16615824	3.00000000	-0.03001637	0.34874472	0.56478816	6.33805275	0.09144509	0.46427694	-0.05380809	0.47624636	-1.67024899	4.77988911	-0.47982144	4.62654305	3.00000000	-0.08645871	0.32503375	0.10743804	5.35847425	0.03453952	0.03484413	0.00586820	0.04941182	0.15115608	0.10753530	0.09448364	0.20092359	5.00000000	-0.08564517	0.46521434	0.09843774	5.30593204	0.02902647	0.01583025	-0.01570458	0.03660282	0.29390597	0.41727895	-0.26049262	0.54710931	4.00000000
7.050000	0.04578112	0.24481298	0.96561426	7.82072401	0.03654569	0.07116832	-0.13152012	0.15394174	-0.67924136	-2.58196592	-2.27047777	0.60837227	3.00000000	-0.02879540	0.35292462	0.56384194	6.34250879	0.06647553	0.51361001	-0.05666812	0.52098513	-3.62263393	4.08790255	-0.05731309	3.96984792	3.00000000	-0.08607092	0.32549953	0.10747703	5.35908175	0.03477925	0.03347173	0.00722340	0.04880707	-0.09380099	-0.15701486	0.13944928	-0.13922115	5.00000000	-0.08530034	0.46540657	0.09824034	5.30637360	0.03117149	0.02116362	-0.01768091	0.04161941	-0.01151687	0.33250287	-0.10972887	0.22072725	4.00000000
7.060000	0.04627067	0.24536960	0.96428359	7.82224703	0.02969705	0.04865887	-0.15207131	0.16240469	-1.06684387	-2.58289814	-2.79311848	1.72974873	3.00000000	-0.02818314	0.35849872	0.56352061	6.34812546	0.02261573	0.54641289	-0.04731913	0.54892403	-5.06763792	3.50303459	-0.05888454	3.65111065	3.00000000	-0.08572808	0.32581973	0.10752572	5.35955334	0.03274002	0.02971565	0.00938283	0.04519918	-0.28373146	-0.25305775	0.19182165	-0.31270701	5.00000000	-0.08494092	0.46566188	0.09802805	5.30686283	0.02939049	0.02412001	-0.01823219	0.04216620	-0.31990576	0.17473505	0.05036386	-0.12294938	4.00000000
7.070000	0.04645093	0.24568659	0.96282184	7.82375336	0.01663109	0.02345083	-0.18113652	0.18340385	-1.40724206	-2.62249541	-3.73041868	3.21284604	3.00000000	-0.02796713	0.36416522	0.56250978	6.35388565	-0.04550864	0.57102662	-0.03551741	0.57393724	-5.46116686	3.07443571	-0.66315442	3.54541826	3.00000000	-0.08541238	0.32600680	0.10762407	5.35993338	0.02807261	0.02486731	0.01164184	0.03926814	-0.42743623	-0.15542705	0.23563847	-0.29160589	5.00000000	-0.08460672	0.46600804	0.09783581	5.30738115	0.02377753	0.02495050	-0.01675524	0.03832280	-0.55988604	-0.02777410	0.17152661	-0.40658566	4.00000000
7.080000	0.04652325	0.24584706	0.96114188	7.82544231	-0.00150374	-0.00275572	-0.22096781	0.22099011	-1.77622843	-2.75358844	-4.98591805	4.90576267	3.00000000	-0.02863083	0.37080327	0.56266415	6.36055851	-0.12273724	0.59759218	-0.03990084	0.61136973	-4.78443193	3.26876235	-1.99688017	4.01248121	3.00000000	-0.08514156	0.32619703	0.10779533	5.36030579	0.02231188	0.02197474	0.01382170	0.03423081	-0.55062258	0.12957433	0.22094250	-0.08051687	5.00000000	-0.08438332	0.46627730	0.09767706	5.30776548	0.01544965	0.02331659	-0.01343066	0.03102802	-0.67018062	-0.18167947	0.24590981	-0.54734343	4.00000000
7.090000	0.04636490	0.24591203	0.95869380	7.82789660	-0.02137693	-0.03121508	-0.27643839	0.27901530	-2.15783429	-2.81906056	-6.29332352	6.55041265	3.00000000	-0.03039038	0.37645981	0.56253028	6.36648369	-0.17640527	0.62731028	-0.06845941	0.65522796	-3.00220418	4.24945688	-3.69831610	5.17346048	3.00000000	-0.08491673	0.32638848	0.10796152	5.36064482	0.01666695	0.02375816	0.01667353	0.03347005	-0.64011258	0.52075589	0.13749324	0.27292979	5.00000000	-0.08429482	0.46645337	0.09754667	5.30800200	0.00652410	0.01954784	-0.00988028	0.02285392	-0.65635389	-0.25506893	0.27738270	-0.54013747	4.00000000
7.100000	0.04620431	0.24525414	0.95565921	7.83100605	-0.04285872	-0.06224016	-0.34819940	0.35630539	-2.30692530	-2.43944716	-7.44106722	7.84804058	3.00000000	-0.03308692	0.38232824	0.56230104	6.37294626	-0.19418262	0.66768003	-0.11934339	0.70551139	-0.41101593	5.45240641	-5.10042667	6.38199282	3.00000000	-0.08482463	0.32666358	0.10811799	5.36097431	0.01032980	0.03194784	0.01909664	0.03862708	-0.66941422	0.86992687	0.02985396	0.63973022	5.00000000	-0.08431565	0.46662310	0.09748363	5.30818415	-0.00031441	0.01535018	-0.00709724	0.01691442	-0.58084363	-0.27652493	0.26297176	-0.41728675	4.00000000
7.110000	0.04566145	0.24461815	0.95188999	7.83486700	-0.06826662	-0.09185398	-0.43498275	0.44978604	-2.11737680	-1.89589655	-8.45575142	8.82635498	3.00000000	-0.03581496	0.38891861	0.56069297	6.38025808	-0.17765786	0.73073256	-0.18973202	0.77558404	1.97388995	6.41548443	-5.71019125	7.19796753	3.00000000	-0.08474550	0.32692808	0.10827418	5.36129141	0.00271760	0.04580493	0.01857970	0.04950436	-0.65069836	1.03921950	-0.07696544	0.85751468	5.00000000	-0.08438965	0.46674457	0.09744672	5.30833101	-0.00421194	0.01296798	-0.00494085	0.01450245	-0.50189453	-0.25393525	0.23481508	-0.20093653	4.00000000
7.120000	0.04489074	0.24328430	0.94730753	7.83970165	-0.09763371	-0.11196012	-0.52542782	0.54602361	-1.83036888	-1.87208903	-9.41267872	9.75313187	3.00000000	-0.03741424	0.39666063	0.55812895	6.38856888	-0.13352092	0.81546503	-0.25835484	0.86577034	3.33808708	7.04399538	-5.47973013	7.66785955	3.00000000	-0.08473938	0.32737425	0.10853320	5.36180735	-0.00498438	0.06016641	0.01576189	0.06239614	-0.57533097	0.92075902	-0.17828429	0.79813850	5.00000000	-0.08447532	0.46687371	0.09741894	5.30848837	-0.00722998	0.01148234	-0.00300035	0.01389672	-0.46090105	-0.21172106	0.22551011	0.04428282	4.00000000
7.130000	0.04374038	0.24205868	0.94160533	7.84564638	-0.11299796	-0.10937750	-0.61871308	0.63838691	-1.43991899	-2.26611114	-10.26459026	10.61002159	3.00000000	-0.03804862	0.40542099	0.55482239	6.39795399	-0.07875757	0.89515591	-0.31498769	0.95222062	3.89983749	7.08137655	-4.69529104	7.63425159	3.00000000	-0.08479888	0.32810891	0.10875351	5.36257648	-0.01072697	0.07076387	0.01267095	0.07268526	-0.38901418	0.48703641	-0.20402656	0.42228562	5.00000000	-0.08450385	0.46697012	0.09737462	5.30859804	-0.01152170	0.00983005	-0.00112038	0.01518666	-0.45981807	-0.19462898	0.22086675	0.22235680	4.00000000
7.140000	0.04228797	0.24067280	0.93464857	7.85288715	-0.11957119	-0.12126292	-0.72314340	0.74292552	-0.90159011	-2.80346537	-11.24686432	11.60103130	3.00000000	-0.03830340	0.41522413	0.55140835	6.40833759	-0.03775054	0.96556067	-0.35126060	1.02816176	3.93370390	6.54685211	-3.73803878	7.10105896	3.00000000	-0.08498728	0.32906654	0.10882648	5.36355543	-0.01433299	0.07433046	0.01034935	0.07640394	-0.08222213	-0.10347102	-0.09032881	-0.12014399	5.00000000	-0.08458127	0.46707132	0.09735113	5.30872774	-0.01721935	0.00793189	0.00150154	0.01901776	-0.43592423	-0.21167925	0.18822069	0.28338841	4.00000000
7.150000	0.04070584	0.23957525	0.92709345	7.86068392	-0.12598689	-0.16597845	-0.84161007	0.86702311	-0.74843323	-4.02604246	-12.76585484	13.31637764	3.00000000	-0.03836093	0.42506814	0.54777616	6.41883039	-0.01206379	1.02464950	-0.37560761	1.09139049	3.42104936	5.89811134	-3.08038926	6.50688982	3.00000000	-0.08522326	0.32994217	0.10882287	5.36446238	-0.01446574	0.06864716	0.00883148	0.07070845	0.24977013	-0.58267337	0.14620914	-0.49956250	5.00000000	-0.08476884	0.46715260	0.09737904	5.30893421	-0.02317379	0.00546202	0.00410353	0.02415982	-0.31135759	-0.21168090	0.11606120	0.21527307	4.00000000
7.160000	0.03999665	0.23915616	0.91840899	7.86940718	-0.12780784	-0.21848169	-0.97044104	1.00290823	-1.30022252	-5.40464830	-14.51184273	15.38081169	4.00000000	-0.03859375	0.43555063	0.54402059	6.42996788	0.02092483	1.07330918	-0.40026453	1.14570594	2.70151234	5.37334204	-2.92799735	6.08460379	3.00000000	-0.08538194	0.33061260	0.10884748	5.36515188	-0.00961324	0.05546162	0.01057573	0.05727348	0.51262796	-0.75178993	0.42841375	-0.51124555	5.00000000	-0.08510846	0.46719402	0.09744836	5.30928326	-0.02691969	0.00295838	0.00552088	0.02763877	-0.06137347	-0.15280767	0.00354358	0.00423443	4.00000000
7.170000	0.03862363	0.23616354	0.90825170	7.88008499	-0.13417371	-0.27480781	-1.12205243	1.16298044	-2.12442684	-5.44468784	-15.90155411	16.84441948	4.00000000	-0.03861634	0.44640636	0.53986406	6.44159222	0.05283241	1.12520850	-0.42595515	1.20429361	2.11080527	4.78300142	-3.07325196	5.62232113	3.00000000	-0.08547840	0.33097896	0.10901273	5.36556530	-0.00046045	0.04186431	0.01661808	0.04504435	0.69516784	-0.54783732	0.64291531	-0.21144961	5.00000000	-0.08547969	0.46720955	0.09756593	5.30967283	-0.02656560	0.00059133	0.00473528	0.02699081	0.26785988	-0.04242445	-0.13336433	-0.24250643	4.00000000
7.180000	0.03745827	0.23241533	0.89629757	7.89266682	-0.16148406	-0.34988746	-1.30176389	1.35760355	-3.13311052	-4.39183426	-16.66539574	17.49824905	4.00000000	-0.03799074	0.45798987	0.53554273	6.45397139	0.07345319	1.17631602	-0.46282956	1.26622510	1.32105637	3.91184568	-3.07055449	4.81229591	3.00000000	-0.08542888	0.33125654	0.10920865	5.36590862	0.00875350	0.03562917	0.02709894	0.04561156	0.80591774	-0.01702020	0.66224420	0.30256957	5.00000000	-0.08578128	0.46717963	0.09761875	5.30998039	-0.02141142	0.00042145	0.00212795	0.02152102	0.57903159	0.08843923	-0.23694086	-0.30708802	4.00000000
7.190000	0.03570039	0.22837380	0.88255125	7.90710258	-0.20615271	-0.40251288	-1.48590004	1.55319500	-4.19867277	-3.15702319	-16.47259331	17.20704842	4.00000000	-0.03629589	0.47000486	0.53063256	6.46706104	0.08098567	1.22044158	-0.50058907	1.32159972	0.16240790	2.44629979	-2.63077927	3.26648331	3.00000000	-0.08525445	0.33145991	0.10949706	5.36630249	0.01616658	0.04021997	0.03761711	0.05739383	0.79398376	0.83233076	0.42189586	1.04108238	5.00000000	-0.08593064	0.46716323	0.09762549	5.31013060	-0.01227427	0.00285283	-0.00170923	0.01271683	0.77925783	0.20745769	-0.26199415	-0.19970205	4.00000000
7.200000	0.03356975	0.22418867	0.86657912	7.92375088	-0.25478706	-0.41266096	-1.65852797	1.72798157	-4.68205166	-1.89083660	-14.94215679	15.52777290	4.00000000	-0.03525584	0.48278403	0.52581137	6.48075914	0.07730412	1.24318516	-0.53140074	1.35420537	-0.83418894	0.12628138	-1.46074808	0.64646202	3.00000000	-0.08499615	0.33184737	0.10987791	5.36690426	0.02329387	0.05330691	0.04279725	0.07222075	0.83446288	1.37324381	0.11075072	1.49828994	5.00000000	-0.08600007	0.46715292	0.09754887	5.31023455	-0.00162652	0.00662406	-0.00549530	0.00875911	0.82064831	0.26181713	-0.21027979	-0.05817072	4.00000000
7.210000	0.03071704	0.21988489	0.84866440	7.94239473	-0.31233737	-0.40668681	-1.80417645	1.87563360	-4.54793549	-1.25796139	-12.24572372	12.77361584	4.00000000	-0.03456270	0.49533302	0.51968873	6.49473906	0.05895979	1.23626363	-0.54432350	1.35207701	-1.36998498	-2.89435172	0.60966015	-2.95518136	3.00000000	-0.08475602	0.33243737	0.11050036	5.36779499	0.03161976	0.07314359	0.03903316	0.08873208	1.05985951	1.06863320	-0.18553865	1.27129924	5.00000000	-0.08595604	0.46727550	0.09747250	5.31038570	0.00770042	0.01040250	-0.00737601	0.01489678	0.71284968	0.20797180	-0.11046987	0.10725512	4.00000000
7.220000	0.02719154	0.21579002	0.82959378	7.96221590	-0.36103374	-0.40267107	-1.91463280	1.98954964	-4.06608963	-1.94741881	-9.21105862	9.96765423	4.00000000	-0.03474276	0.50832331	0.51425833	6.50882006	0.03328236	1.19364977	-0.53325790	1.30777347	-1.72024989	-6.06813431	3.09852386	-6.83665752	3.00000000	-0.08449223	0.33331740	0.11103790	5.36885929	0.03843748	0.10257909	0.02896618	0.11330909	1.17293370	0.46184152	-0.62100255	0.79229188	5.00000000	-0.08583520	0.46743521	0.09737267	5.31060934	0.01424209	0.01285002	-0.00735950	0.02054562	0.51146501	0.07410555	0.00797488	0.22307310	4.00000000
7.230000	0.02330397	0.21179582	0.80953485	7.98303461	-0.39320710	-0.42146963	-1.98550022	2.06747651	-2.92124224	-3.34296465	-6.66352701	7.69065380	4.00000000	-0.03435477	0.51990384	0.50829744	6.52185059	0.01603486	1.10977161	-0.48810193	1.21247423	-2.07051253	-8.85314274	5.25118828	-10.18519402	3.00000000	-0.08407134	0.33436087	0.11133005	5.37002182	0.05552011	0.10034814	0.02563434	0.11751319	1.08627522	-0.33121410	-0.99902695	0.27616552	5.00000000	-0.08560728	0.46761662	0.09729028	5.31091213	0.01748136	0.01270448	-0.00601839	0.02243263	0.29217559	-0.08407813	0.09744942	0.15148526	4.00000000
7.240000	0.01874750	0.20828994	0.78946948	8.00390720	-0.42247295	-0.47592309	-2.02108121	2.11890435	-1.50541830	-4.59677505	-4.67975807	5.86268902	3.00000000	-0.03414254	0.53112870	0.50384933	6.53392649	0.00468576	0.99500364	-0.40810877	1.07545662	-2.01199889	-11.10605526	6.39797878	-12.66444016	3.00000000	-0.08345086	0.33575064	0.11119190	5.37155008	0.07390771	0.07662773	0.01889368	0.10812553	0.97383326	-1.64476907	-1.04968035	-0.32128584	5.00000000	-0.08537815	0.46774504	0.09724619	5.31117868	0.01861987	0.01011044	-0.00433226	0.02162612	0.14543302	-0.21796921	0.13269857	0.01449271	4.00000000
7.250000	0.01465395	0.20365097	0.76883137	8.02545261	-0.43546933	-0.54496700	-2.05093026	2.16631889	-0.60724735	-5.06993341	-3.09164023	4.31205988	3.00000000	-0.03398017	0.54037380	0.49981076	6.54401636	-0.01718231	0.86747849	-0.31943694	0.92458320	-1.20043385	-12.62229156	6.15339804	-13.99839497	3.00000000	-0.08282623	0.33738890	0.11114634	5.37330389	0.08003438	0.05929942	0.00045616	0.09960990	0.69134259	-2.40879512	-1.17108548	-0.63177085	5.00000000	-0.08517951	0.46781617	0.09721338	5.31139231	0.01836438	0.00636677	-0.00250426	0.01959738	0.16444217	-0.27535233	0.12758395	0.04971258	4.00000000
7.260000	0.01041078	0.19775634	0.74839932	8.04713726	-0.41997731	-0.60666770	-2.08689022	2.21349001	0.19065365	-4.04409170	-2.16663074	3.03615117	3.00000000	-0.03416497	0.54822356	0.49740040	6.55222988	-0.04697631	0.73567277	-0.24705653	0.77746910	-0.10680271	-12.61755466	5.06092501	-13.59533310	3.00000000	-0.08136149	0.33661115	0.11174255	5.37506628	0.08246433	0.02812172	-0.01435236	0.08830168	-0.01203803	-1.76707685	-1.36930478	-0.68828392	4.00000000	-0.08506379	0.46784452	0.09721327	5.31151152	0.01812391	0.00265837	-0.00143864	0.01837424	0.37267685	-0.21505728	0.08809638	0.29283410	4.00000000
7.270000	0.00551433	0.19009171	0.72788543	8.06957722	-0.41022193	-0.64949143	-2.10714769	2.24280906	0.94705123	-1.64007831	-1.52394366	1.68345165	2.00000000	-0.03480307	0.55469990	0.49587777	6.55891323	-0.05106795	0.59689283	-0.21183689	0.63542414	1.18628335	-11.18363762	3.73222828	-11.68921852	3.00000000	-0.08065691	0.33682472	0.11153679	5.37583065	0.08202691	-0.00830591	-0.02298038	0.08558914	-0.67085475	-0.79811126	-1.00230098	-0.78206581	4.00000000	-0.08488678	0.46785820	0.09720007	5.31168938	0.02094333	0.00002931	-0.00070731	0.02095529	0.68114138	-0.06269498	0.00978717	0.64710194	4.00000000
7.280000	0.00181928	0.18309949	0.70611793	8.09273720	-0.40707025	-0.65870988	-2.11185050	2.24933720	0.83701533	0.98641264	-0.41417280	-0.01321236	2.00000000	-0.03607999	0.56018353	0.49447939	6.56471443	-0.01428428	0.46767738	-0.20803684	0.51206005	3.00191617	-9.45024300	2.19054389	-9.22021103	3.00000000	-0.07997684	0.33660936	0.11091277	5.37677860	0.07551778	-0.01013105	-0.03954085	0.08584318	-0.85361296	0.35580713	-0.14822912	-0.34213966	4.00000000	-0.08471540	0.46783069	0.09720230	5.31186295	0.03010376	-0.00021060	-0.00050167	0.03010868	0.95090067	0.09597588	-0.08980630	0.95752656	4.00000000
7.290000	-0.00179793	0.17663644	0.68441838	8.11566544	-0.39184269	-0.62240756	-2.11544275	2.23964953	0.31079847	3.22855139	0.81278282	-1.64327610	2.00000000	-0.03672962	0.56434411	0.49240991	6.56940651	0.02819595	0.39701113	-0.18701205	0.43975717	4.17948246	-7.44730806	1.31405473	-6.75647354	3.00000000	-0.07935739	0.33628714	0.11024713	5.37774324	0.05336720	0.01737748	-0.04492179	0.07188882	-0.87499273	1.85849011	0.62530172	0.43901476	4.00000000	-0.08440693	0.46781510	0.09718358	5.31217241	0.04479655	0.00291541	-0.00163764	0.04492118	1.04344094	0.20381354	-0.17542472	1.07330287	4.00000000
7.300000	-0.00589321	0.17090146	0.66339898	8.13783455	-0.38330176	-0.55776310	-2.10342240	2.20961666	0.08713305	5.07576418	1.68476093	-2.85993409	2.00000000	-0.03592006	0.56706005	0.48962408	6.57338047	0.08358695	0.35415837	-0.16927966	0.40133595	3.32082486	-4.96716928	1.87230623	-4.79112196	3.00000000	-0.07882466	0.33650500	0.10972433	5.37852097	0.03986781	0.04232451	-0.02894898	0.06495267	-1.00220931	2.48784542	1.16996789	0.60700613	4.00000000	-0.08396061	0.46778718	0.09719517	5.31261969	0.05965059	0.00745108	-0.00453486	0.06028496	0.84551245	0.24556035	-0.22558638	0.88640344	4.00000000
7.310000	-0.00961940	0.16532673	0.64271891	8.15957451	-0.39475894	-0.50034481	-2.07415962	2.16986585	-0.17874637	6.10283899	2.66515899	-3.90870166	2.00000000	-0.03348766	0.56912053	0.48693818	6.57754898	0.14152895	0.30875999	-0.16768053	0.37878746	1.27360594	-3.69369245	2.36369967	-4.13606167	3.00000000	-0.07800699	0.33691463	0.10938057	5.37949800	0.04003004	0.08389155	-0.00034093	0.09295328	-0.81163901	1.89472198	1.45203078	0.46796668	4.00000000	-0.08319099	0.46790177	0.09716004	5.31339836	0.06905707	0.01041541	-0.00817943	0.07031545	0.33156100	0.18181768	-0.21589360	0.37422010	4.00000000
7.320000	-0.01373944	0.16071753	0.62225753	8.18094921	-0.40136030	-0.44016662	-2.04261875	2.12770486	-0.37190515	6.11023951	4.11585045	-5.15133142	2.00000000	-0.03248345	0.57396084	0.48759621	6.58253574	0.14919372	0.28340268	-0.14052787	0.34974837	-0.84591216	-4.33917952	1.97814012	-4.83125544	2.00000000	-0.07856856	0.33830395	0.10971806	5.38103390	0.03652920	0.10902459	0.02201665	0.11707039	-0.32351771	0.89491051	1.22717452	0.33534703	5.00000000	-0.08227840	0.46811384	0.09706349	5.31434011	0.06976177	0.01152828	-0.01091783	0.07154582	-0.34130824	0.01907885	-0.12817048	-0.31409135	4.00000000
7.330000	-0.01751563	0.15666668	0.60165787	8.20228004	-0.40715709	-0.37351027	-2.00620246	2.08089781	-0.10215937	5.74883223	5.88620567	-6.72909117	2.00000000	-0.03007923	0.57639688	0.48566732	6.58646441	0.09862540	0.26656190	-0.09183238	0.29868945	-3.09460330	-5.10453558	2.05720782	-5.63926744	2.00000000	-0.07789861	0.33954629	0.11002295	5.38247776	0.02515589	0.10345205	0.02774267	0.11002182	-0.30058256	-0.44998884	0.43833783	-0.58292860	5.00000000	-0.08144390	0.46829951	0.09687451	5.31521559	0.06101398	0.01120915	-0.01187542	0.06316151	-0.90829372	-0.13182849	0.02369510	-0.91170740	4.00000000
7.340000	-0.02190747	0.15307495	0.58153701	8.22318554	-0.40791583	-0.31252056	-1.94778085	2.01442671	0.34502396	5.44473886	8.03180313	-8.74245739	2.00000000	-0.02931641	0.57927203	0.48478502	6.58956718	0.03939510	0.20198622	-0.07717758	0.21978806	-4.26752234	-5.55533457	2.31590676	-5.88575888	2.00000000	-0.07746646	0.34150165	0.11101843	5.38471413	0.02610988	0.08529548	0.02504991	0.09265281	-0.51300412	-1.77707136	-0.38945633	-1.81109583	4.00000000	-0.08091085	0.46835887	0.09670696	5.31577730	0.04465654	0.00825326	-0.01063490	0.04664144	-1.16495967	-0.18727072	0.18210204	-1.19190884	4.00000000
7.350000	-0.02589514	0.15052204	0.56213373	8.24315834	-0.39803457	-0.26318654	-1.85387874	1.91430533	0.78483021	4.98935175	10.63158512	-11.18404961	2.00000000	-0.02925940	0.58053267	0.48345461	6.59140110	-0.01207655	0.11088152	-0.07653609	0.13527131	-3.38598323	-5.97269726	1.99175370	-5.65763998	2.00000000	-0.07714703	0.34175047	0.11091755	5.38513136	0.02901455	0.05866860	0.01562200	0.06728964	-0.33779147	-2.52442336	-0.97262454	-1.74150908	4.00000000	-0.08063044	0.46837017	0.09660833	5.31607485	0.02728713	0.00416463	-0.00738520	0.02857399	-1.04573262	-0.15320213	0.29759356	-1.06950259	4.00000000
7.360000	-0.03024862	0.14827251	0.54372227	8.26221085	-0.38717160	-0.22044466	-1.72887838	1.78536212	1.33554804	4.27739620	13.25700378	-13.67258072	2.00000000	-0.03048765	0.58166832	0.48350698	6.59307480	-0.05508368	0.04527072	-0.05272304	0.08867563	-1.54893947	-5.52956390	1.80745924	-4.48099232	2.00000000	-0.07702277	0.34178317	0.11081218	5.38529730	0.01772853	0.02319664	-0.00213037	0.02927325	-0.12666163	-2.65090823	-1.22142315	-1.01643169	4.00000000	-0.08053572	0.46840137	0.09659433	5.31617546	0.01540761	0.00190809	-0.00283662	0.01578232	-0.63345951	-0.05414340	0.35356084	-0.63724917	4.00000000
7.370000	-0.03375370	0.14635018	0.52702808	8.27937698	-0.37401026	-0.17801598	-1.57822764	1.63167882	1.70500767	3.40711498	15.43294048	-15.70595264	2.00000000	-0.03144717	0.58123857	0.48311579	6.59419680	-0.05117625	-0.00621378	-0.03077984	0.06004180	0.09829425	-4.29601383	1.87595963	-2.26032162	2.00000000	-0.07691992	0.34181613	0.11067505	5.38547182	0.01205262	0.00064423	-0.01148693	0.01666224	-0.25501886	-1.88446522	-0.80039871	-0.98096830	4.00000000	-0.08048463	0.46842387	0.09659763	5.31623125	0.01278749	0.00273113	0.00130963	0.01314132	-0.13528334	0.07315186	0.34621203	-0.11603042	4.00000000
7.380000	-0.03726846	0.14460814	0.51201063	8.29489803	-0.35487774	-0.14057383	-1.40712583	1.45797884	1.92319274	2.43176198	17.11372375	-17.22083855	2.00000000	-0.03212288	0.58051246	0.48276207	6.59524965	-0.02407593	-0.02870063	-0.00118141	0.03748029	1.44248939	-3.55799699	1.54464185	0.03407852	2.00000000	-0.07681224	0.34178957	0.11051983	5.38566256	0.01636495	-0.03017584	-0.03020571	0.04572503	-0.25899062	-1.00221896	-0.24580638	-0.63439262	4.00000000	-0.08042476	0.46843269	0.09662157	5.31629610	0.01798707	0.00572676	0.00470560	0.01945438	0.23030053	0.16195449	0.28660119	0.27463043	4.00000000
7.390000	-0.04082707	0.14305937	0.49872231	8.30874157	-0.32899642	-0.12042311	-1.22773814	1.27674639	2.34190702	1.27786028	18.33395958	-18.29108238	2.00000000	-0.03212204	0.57994920	0.48243770	6.59589958	0.00609867	-0.04505912	0.01560574	0.04807346	2.04891300	-3.57302761	1.05648363	1.92779565	2.00000000	-0.07671443	0.34172106	0.11039075	5.38583851	0.01821356	-0.03341337	-0.02974967	0.04830352	-0.10013875	-0.66186368	-0.06401635	0.11433461	4.00000000	-0.08024786	0.46846241	0.09667216	5.31648254	0.02573728	0.00872513	0.00712549	0.02809463	0.34419322	0.14555249	0.20239688	0.39504796	4.00000000
7.400000	-0.04428501	0.14263727	0.48745522	8.32053471	-0.30832213	-0.11653850	-1.03863204	1.08967900	2.90997910	0.07170873	18.97408485	-18.77392960	2.00000000	-0.03119047	0.57964259	0.48279911	6.59694481	0.02567279	-0.07791866	0.01328016	0.08310699	1.72184420	-4.02243423	0.52179265	3.62126493	2.00000000	-0.07656404	0.34155804	0.11032295	5.38607025	0.01267729	-0.00876337	-0.00725624	0.01703418	-0.24373995	0.13965489	0.49509478	-0.19369593	4.00000000	-0.07989393	0.46857283	0.09676225	5.31686401	0.03071390	0.01037419	0.00864062	0.03355038	0.21948154	0.00640834	0.10616602	0.23659749	4.00000000
7.410000	-0.04725606	0.14183851	0.47785267	8.33061790	-0.28203177	-0.12643163	-0.84069544	0.89570957	3.38687301	-0.79173046	19.02338028	-18.59412384	2.00000000	-0.03089520	0.57978725	0.48386011	6.59805536	0.03981163	-0.13277729	0.00924716	0.13892546	1.15772235	-4.54851961	0.00205426	4.60179853	2.00000000	-0.07599548	0.33934218	0.10865132	5.38890362	0.00989580	-0.01548206	-0.00768751	0.01991780	-0.48729324	0.90959746	1.05426705	-0.71347147	5.00000000	-0.07943127	0.46877304	0.09689547	5.31738567	0.03115715	0.01026938	0.00935861	0.03411468	-0.02104424	-0.18878613	0.00087503	-0.03969144	4.00000000
7.420000	-0.04968866	0.14047819	0.47028202	8.33868504	-0.24287879	-0.14454325	-0.64249605	0.70191455	3.88704252	-1.09574294	18.44902611	-17.71991920	2.00000000	-0.03056628	0.57838035	0.48405552	6.59951353	0.04513920	-0.19230743	0.01215686	0.19790776	0.73479176	-4.21118498	0.23716490	4.27791882	2.00000000	-0.07621885	0.34126896	0.11013808	5.39134741	0.00615337	-0.02209023	-0.00825127	0.02437059	-0.42285359	0.24673466	0.50318807	-0.23717880	4.00000000	-0.07905334	0.46890420	0.09699406	5.31779766	0.02776049	0.00708252	0.00913596	0.03007113	-0.22701447	-0.33507615	-0.08490878	-0.24736838	4.00000000
7.430000	-0.05207742	0.13860498	0.46502328	8.34475708	-0.19583651	-0.16153777	-0.45534644	0.52133173	4.55818605	-0.84328747	17.06364250	-15.99473953	2.00000000	-0.03053766	0.57526422	0.48310506	6.60277128	0.04730221	-0.24507542	0.00946050	0.24977782	0.44997421	-2.82467270	0.94517654	2.97008109	2.00000000	-0.07622495	0.34111306	0.11007925	5.39151430	-0.00333836	0.00448227	0.01483199	0.01585003	-0.26733032	-0.20845687	0.05252475	0.05360971	4.00000000	-0.07885349	0.46895927	0.09707533	5.31802034	0.02310202	0.00117446	0.00739265	0.02428444	-0.32225028	-0.37458992	-0.13562778	-0.34099871	4.00000000
7.440000	-0.05403383	0.13629074	0.46163735	8.34930134	-0.14891478	-0.16989931	-0.28779507	0.36587894	5.12042952	-0.30411071	15.04065514	-12.96033669	2.00000000	-0.02985550	0.57183784	0.48309523	6.60626507	0.05195198	-0.27082959	0.01561021	0.27620891	0.21781610	-1.05256927	1.24325848	1.29348540	2.00000000	-0.07632960	0.34085429	0.11006222	5.39179373	-0.00692755	0.00493800	0.01666415	0.01871013	-0.21720645	0.30473202	0.28856748	-0.32283485	4.00000000	-0.07876284	0.46891552	0.09713797	5.31813908	0.01891454	-0.00488758	0.00482437	0.02012269	-0.34171274	-0.29545525	-0.15599102	-0.37191975	4.00000000
7.450000	-0.05524124	0.13496563	0.46011215	8.35165501	-0.09771740	-0.16805418	-0.14633586	0.24332094	5.37519598	-0.00006109	13.01168442	-8.37856483	2.00000000	-0.02899605	0.56865084	0.48331419	6.60957336	0.05534403	-0.25772998	0.04363557	0.26719239	0.08509910	0.64614129	1.36679971	-0.31531289	2.00000000	-0.07639777	0.34059110	0.11008862	5.39206696	-0.00295844	-0.02072106	-0.00289151	0.02112996	-0.02459210	-0.14813779	-0.20235643	0.00268671	4.00000000	-0.07862540	0.46878797	0.09718749	5.31833315	0.01641288	-0.00786061	0.00299085	0.01844227	-0.36350998	-0.11437716	-0.14228104	-0.40642685	4.00000000
7.460000	-0.05586063	0.13348627	0.45934039	8.35343456	-0.03849442	-0.15496561	-0.03621528	0.16373059	5.41985512	-0.03587355	11.51042938	-3.09075165	2.00000000	-0.02833721	0.56669682	0.48443213	6.61191893	0.05623021	-0.22876461	0.06882548	0.24542214	-0.02292410	2.02651024	1.78670335	-1.44695091	2.00000000	-0.07641722	0.34043786	0.11010242	5.39222193	-0.00212664	-0.01342520	0.00081186	0.01361682	0.16966316	-0.85492265	-0.82115716	0.45046720	4.00000000	-0.07838371	0.46867409	0.09719751	5.31860065	0.01438452	-0.00706514	0.00196062	0.01614542	-0.42033336	0.11150085	-0.09895789	-0.35067436	4.00000000
7.470000	-0.05590550	0.13200276	0.45958886	8.35493946	0.02112243	-0.14944188	0.05681192	0.16126570	5.27534962	-0.19665806	10.68640900	1.92051244	2.00000000	-0.02794731	0.56496030	0.48533213	6.61391354	0.05193003	-0.20232448	0.07458255	0.22179829	-0.19941594	2.78380656	2.22775149	-1.59529126	2.00000000	-0.07638904	0.34034762	0.11008468	5.39231825	-0.00191449	-0.00467325	0.00386884	0.00636180	0.05459775	-0.09502479	-0.25962341	-0.01480287	4.00000000	-0.07818702	0.46856016	0.09718370	5.31882858	0.01041790	-0.00353605	0.00147937	0.01110067	-0.49801055	0.28464612	-0.05851426	-0.18248446	4.00000000
7.480000	-0.05552242	0.13042261	0.46060464	8.35685635	0.07407094	-0.16158396	0.15448008	0.23549941	4.83862734	-0.51531106	10.74926376	6.47836494	2.00000000	-0.02766440	0.56318140	0.48616320	6.61589718	0.04940736	-0.17575273	0.08717800	0.20231192	-0.38048115	2.82053924	2.47971082	-0.90668148	2.00000000	-0.07637803	0.34033641	0.11009923	5.39233971	0.00198912	-0.03008246	-0.01833687	0.03528671	-0.12025061	0.39996117	0.15372832	-0.22642541	4.00000000	-0.07807342	0.46857575	0.09719713	5.31894398	0.00362421	0.00101080	0.00125499	0.00396631	-0.57063669	0.32384980	-0.04665998	-0.04481245	4.00000000
7.490000	-0.05443181	0.12887043	0.46216691	8.35931396	0.11979090	-0.17594285	0.26465505	0.33962926	4.20574045	-1.01772642	11.70275307	10.22547817	2.00000000	-0.02717421	0.56104696	0.48668393	6.61814833	0.04674586	-0.14738688	0.11695424	0.19387202	-0.46765858	2.27753091	2.70950365	-0.00423578	2.00000000	-0.07639575	0.34030548	0.11011213	5.39237785	0.00066745	-0.02827048	-0.01776268	0.03339428	-0.19134000	-0.14026420	-0.16590735	0.17616737	4.00000000	-0.07813308	0.46863627	0.09722115	5.31903219	-0.00394961	0.00559762	0.00103122	0.00692793	-0.61086917	0.24711089	-0.06735697	0.09943417	4.00000000
7.500000	-0.05282854	0.12720141	0.46531132	8.36321831	0.15665998	-0.18425949	0.38403469	0.45384640	3.58104801	-1.37430668	12.94184685	12.52911854	2.00000000	-0.02647141	0.55921459	0.48727119	6.62019682	0.04060101	-0.11426160	0.16261861	0.20285209	-0.54136747	1.19546723	2.72496152	0.82325947	2.00000000	-0.07648650	0.34028935	0.11014380	5.39247513	-0.00623117	0.00040308	0.00451282	0.00770425	-0.42768821	0.35246870	0.33279455	0.17585242	4.00000000	-0.07825390	0.46873149	0.09725655	5.31919003	-0.01043826	0.00810822	0.00050645	0.01322713	-0.61356348	0.09441334	-0.11735564	0.34289944	4.00000000
7.510000	-0.05098598	0.12504281	0.46977314	8.36850643	0.18796995	-0.19266649	0.52185726	0.58718657	3.04846716	-1.47285247	13.93570900	13.70509815	2.00000000	-0.02592694	0.55858427	0.48944500	6.62252474	0.03413069	-0.09999423	0.19674648	0.22332248	-0.65986216	-0.47534540	2.13796139	1.65493941	2.00000000	-0.07619974	0.33806461	0.10849677	5.39525795	-0.00995689	-0.00643606	0.00059723	0.01187094	-0.63368464	0.72432595	0.72766232	-0.13529769	5.00000000	-0.07840583	0.46883041	0.09725384	5.31937122	-0.01533845	0.00748907	-0.00073599	0.01708496	-0.58766210	-0.11695260	-0.17234084	0.52500999	4.00000000
7.520000	-0.04893859	0.12292008	0.47579467	8.37521172	0.21513252	-0.21155526	0.67390525	0.73836708	2.65120244	-1.61243153	14.68356323	14.54356766	2.00000000	-0.02572857	0.55836105	0.49222571	6.62532139	0.02752688	-0.11241982	0.21374001	0.24306528	-0.73616630	-2.39199114	1.28822446	2.51597714	2.00000000	-0.07661484	0.34022060	0.11018394	5.39802694	-0.01507997	-0.01464859	-0.00361353	0.02133177	-0.49018753	-0.84674406	-0.38832241	0.95186335	4.00000000	-0.07854523	0.46893165	0.09722526	5.31954575	-0.02035480	0.00533015	-0.00299855	0.02125370	-0.53634870	-0.31702882	-0.19979136	0.52855378	4.00000000
7.530000	-0.04691872	0.12106946	0.48308194	8.38299656	0.23957008	-0.23344240	0.82861900	0.89358753	2.38023067	-1.82007825	15.19394207	15.16000366	2.00000000	-0.02583350	0.55806869	0.49538001	6.62849092	0.01922689	-0.15501478	0.21204202	0.26336491	-0.73148346	-3.81768250	0.81665301	3.13608193	2.00000000	-0.07674794	0.34009761	0.11015689	5.39821005	-0.02690429	0.01204858	0.01992416	0.03558063	-0.35239589	-1.71101820	-1.00151575	1.85120964	4.00000000	-0.07873735	0.46896812	0.09719463	5.31974363	-0.02647284	0.00071824	-0.00606819	0.02716892	-0.45465687	-0.41792166	-0.18943731	0.47480235	4.00000000
7.540000	-0.04430830	0.11881851	0.49209499	8.39264584	0.26126215	-0.25146055	0.98009849	1.04502785	2.20079708	-1.61677253	15.24765778	15.22899532	2.00000000	-0.02559764	0.55573219	0.49687365	6.63127422	0.01158050	-0.21893927	0.20220701	0.29825523	-0.58389384	-4.45549488	0.89202642	3.55922031	2.00000000	-0.07704454	0.33987507	0.11010822	5.39858389	-0.02930164	-0.02165089	-0.00177417	0.03647595	-0.30694735	-1.27319503	-0.66214633	1.47654128	4.00000000	-0.07900331	0.46896282	0.09713451	5.32001638	-0.03217682	-0.00558918	-0.00846647	0.03373823	-0.33653858	-0.41993290	-0.13443230	0.38633063	4.00000000
7.550000	-0.04148688	0.11604851	0.50283027	8.40408611	0.28236297	-0.27006701	1.13259149	1.19809365	2.16676831	-0.80591226	14.85959911	14.76076126	2.00000000	-0.02531643	0.55281758	0.49817520	6.63447857	0.00350066	-0.27466017	0.21150185	0.34667492	-0.37681636	-4.42125797	1.38484395	3.98741651	2.00000000	-0.07741728	0.33959362	0.11006196	5.39905310	-0.02489239	-0.08296271	-0.04485548	0.09754207	-0.06602465	-1.62887621	-0.97277087	1.27181625	4.00000000	-0.07943191	0.46890059	0.09703254	5.32046127	-0.03533816	-0.01094192	-0.00935718	0.03815847	-0.18203075	-0.33992565	-0.01993783	0.23174290	4.00000000
7.560000	-0.03841280	0.11289524	0.51508373	8.41710663	0.30196899	-0.28262535	1.28558254	1.35047579	2.23323083	0.24952453	14.27769756	14.09729862	2.00000000	-0.02515318	0.54916704	0.49964064	6.63841581	0.00015103	-0.30919412	0.23789977	0.39012474	-0.25234488	-3.61127996	2.31240892	4.18650866	2.00000000	-0.07783905	0.33921012	0.11000697	5.39962578	-0.02736319	-0.07774407	-0.03832883	0.09089546	0.11302593	-1.37934971	-0.86712283	0.87422568	4.00000000	-0.07986665	0.46870896	0.09688088	5.32096004	-0.03532196	-0.01365965	-0.00906729	0.03894153	-0.03371912	-0.16917659	0.13433941	0.05076233	4.00000000
7.570000	-0.03540034	0.10993420	0.52850103	8.43117332	0.32343629	-0.27435619	1.42806911	1.48971939	2.32060790	1.36119580	13.50653839	13.26826191	2.00000000	-0.02534002	0.54598445	0.50250894	6.64270449	0.00402223	-0.33744672	0.26875111	0.43140888	-0.03096540	-2.75525856	2.84601307	3.94883609	2.00000000	-0.07781428	0.33656970	0.10823214	5.40280724	-0.02614595	-0.07737378	-0.03675303	0.08956058	0.01143756	0.48850718	0.45524567	-0.49965623	5.00000000	-0.08026323	0.46850801	0.09677428	5.32141733	-0.03351730	-0.01412208	-0.00720303	0.03707730	0.04083142	0.02333273	0.26130635	-0.06356975	4.00000000
7.580000	-0.03223763	0.10716486	0.54362172	8.44686794	0.34950939	-0.24688970	1.55669153	1.61443484	2.32299995	2.56679988	12.36547852	12.07509327	2.00000000	-0.02580050	0.54327250	0.50650454	6.64755535	0.00427334	-0.36090660	0.30109435	0.47003153	0.23574145	-2.64387202	2.44738173	3.59870148	2.00000000	-0.07810742	0.33624664	0.10821173	5.40324402	-0.02338048	-0.07890115	-0.03787863	0.09059155	-0.01926393	1.35817802	1.03713000	-1.35250294	5.00000000	-0.08050505	0.46833715	0.09673078	5.32171679	-0.03167173	-0.01247848	-0.00329570	0.03420048	0.00105249	0.13002627	0.32547870	-0.04488198	4.00000000
7.590000	-0.02876378	0.10477265	0.55995375	8.46373558	0.37490323	-0.21169110	1.67627025	1.73067832	2.03003931	3.59773111	10.98135757	10.64903164	2.00000000	-0.02552079	0.53973567	0.50963122	6.65228415	0.00244255	-0.37341613	0.33859211	0.50407362	0.21268073	-2.79521465	1.97671342	3.42172289	2.00000000	-0.07838182	0.33599433	0.10823262	5.40361738	-0.02507574	-0.04874145	-0.01578151	0.05704014	0.04163869	1.11587775	0.79900038	-1.13213444	5.00000000	-0.08073930	0.46826506	0.09671779	5.32196236	-0.03150465	-0.00902762	0.00180354	0.03282215	-0.10765741	0.11937027	0.32865253	0.06525233	4.00000000
7.600000	-0.02462729	0.10295567	0.57756400	8.48191643	0.39918157	-0.17272569	1.78152072	1.83384740	1.37107217	4.19646883	9.53895473	9.17976475	2.00000000	-0.02502660	0.53516006	0.51232558	6.65761709	0.00977175	-0.40544567	0.34710664	0.53382081	0.03265873	-2.64521408	1.97547865	3.30040407	2.00000000	-0.07867710	0.33576843	0.10826624	5.40399075	-0.02739392	-0.01890982	0.00588695	0.03380332	0.01774484	1.20563042	0.82350415	-1.23020554	5.00000000	-0.08104669	0.46822011	0.09675983	5.32227564	-0.03363130	-0.00642985	0.00554112	0.03468589	-0.19709641	0.03449287	0.25917476	0.17951283	4.00000000
7.610000	-0.02032683	0.10144266	0.59584999	8.50076199	0.41288301	-0.12612100	1.86929846	1.91850352	0.59563041	4.58487225	8.02445126	7.65927887	2.00000000	-0.02503275	0.53085130	0.51562101	6.66304159	0.01361581	-0.44698316	0.34516901	0.56490791	0.17272878	-2.92714548	1.51774633	3.22438574	2.00000000	-0.07897191	0.33554471	0.10830475	5.40436268	-0.02567886	-0.02116263	0.00347216	0.03345619	0.03522332	0.93423951	0.58259529	-0.92524600	5.00000000	-0.08144436	0.46816692	0.09684049	5.32268476	-0.03796872	-0.00694717	0.00755458	0.03933139	-0.22129580	-0.09064380	0.12381987	0.24472439	4.00000000
7.620000	-0.01603152	0.10029656	0.61512667	8.52054501	0.41012472	-0.07728692	1.94112408	1.98548186	-0.13185167	4.94698048	6.43594360	6.08455610	2.00000000	-0.02510914	0.52671278	0.52001023	6.66907454	0.00986643	-0.47666925	0.36405623	0.59987319	0.38515595	-3.72761631	0.55021316	3.31855941	2.00000000	-0.07919742	0.33535635	0.10834907	5.40465975	-0.02453395	-0.02074962	0.00278006	0.03225198	0.07853387	0.18322550	0.02689017	-0.22217116	5.00000000	-0.08187167	0.46813405	0.09697664	5.32313442	-0.04140033	-0.01012757	0.00788098	0.04334357	-0.16684066	-0.21204104	-0.01830687	0.22400461	4.00000000
7.630000	-0.01185562	0.09964085	0.63486689	8.54073238	0.39788562	-0.02785480	1.99633825	2.03579354	-0.68600476	5.13133717	4.89819431	4.59993267	2.00000000	-0.02509680	0.52186865	0.52356851	6.67508507	0.00555672	-0.49207407	0.39748248	0.63258207	0.23497619	-3.88727069	0.27455017	3.36685109	2.00000000	-0.07941435	0.33516502	0.10837927	5.40495062	-0.02278797	-0.02004156	0.00131720	0.03037583	0.00248693	-0.23012979	-0.19558530	0.15642397	5.00000000	-0.08229034	0.46802241	0.09705520	5.32357502	-0.04249271	-0.01366387	0.00655564	0.04511439	-0.02205533	-0.24385497	-0.10647529	0.08645088	4.00000000
7.640000	-0.00810281	0.09972898	0.65537006	8.56157589	0.38679981	0.02665271	2.03809285	2.07464385	-0.88836300	5.13221502	3.51417756	3.33662724	2.00000000	-0.02496219	0.51659113	0.52734417	6.68157530	0.01927560	-0.54122901	0.38788766	0.66615105	0.13076909	-3.78555274	0.16504203	3.27307367	2.00000000	-0.07964306	0.33494234	0.10839420	5.40527010	-0.02197542	-0.02031500	-0.00058257	0.02993256	-0.17008431	-0.36715052	-0.14057899	0.38161564	5.00000000	-0.08273902	0.46784496	0.09712104	5.32406187	-0.04152798	-0.01677200	0.00422429	0.04498575	0.18787098	-0.16475101	-0.13430230	-0.13633996	4.00000000
7.650000	-0.00442512	0.10029197	0.67598963	8.58252811	0.37702563	0.08093268	2.06407952	2.09979105	-0.78163713	5.12543488	2.22391963	2.21972847	2.00000000	-0.02459076	0.51078212	0.53116333	6.68853712	0.02710526	-0.60279816	0.36093891	0.70311964	0.41036192	-4.50623608	-0.81848449	3.41174984	2.00000000	-0.07986384	0.33474442	0.10836988	5.40556765	-0.02429013	-0.02507542	-0.00244000	0.03499630	-0.34575915	-0.59774441	-0.11985147	0.67296422	5.00000000	-0.08315206	0.46761873	0.09711862	5.32453299	-0.03888091	-0.01854648	0.00206990	0.04312751	0.38435721	-0.03878275	-0.11112694	-0.35188341	4.00000000
7.660000	-0.00074169	0.10138675	0.69682485	8.60371494	0.37180150	0.13067101	2.07874918	2.11577630	-0.55472577	5.12587500	0.86757737	1.06172359	2.00000000	-0.02469518	0.50559717	0.53598046	6.69561529	0.02040478	-0.63540190	0.36054701	0.73085296	0.59877330	-5.34391069	-1.80702102	3.80860710	2.00000000	-0.08008088	0.33454382	0.10832586	5.40586662	-0.02996301	-0.03413161	-0.00375391	0.04557236	-0.47791225	-0.76021737	-0.07624987	0.88553852	5.00000000	-0.08355440	0.46740907	0.09712175	5.32498646	-0.03395397	-0.01756425	0.00133409	0.03825121	0.52204198	0.07739336	-0.05104041	-0.50552768	4.00000000
7.670000	0.00308735	0.10301561	0.71771079	8.62501144	0.36716804	0.17871961	2.08444333	2.12406611	-0.33124858	5.12641907	-0.53688085	-0.13688603	2.00000000	-0.02358793	0.49767652	0.53819013	6.70391273	0.02090506	-0.67689270	0.35450259	0.76439047	0.48693413	-5.31743860	-1.78148043	4.04450464	2.00000000	-0.08033361	0.33425894	0.10827053	5.40625143	-0.03738894	-0.04504025	-0.00393887	0.05866917	-0.52550459	-0.75056207	-0.02014379	0.90947968	5.00000000	-0.08388460	0.46723726	0.09712057	5.32535887	-0.02678782	-0.01520614	0.00150340	0.03083949	0.58730447	0.15655322	0.02687403	-0.57471329	4.00000000
7.680000	0.00679038	0.10495491	0.73849696	8.64621353	0.36479300	0.22874741	2.07465935	2.11887026	-0.16051480	5.24955416	-1.95737875	-1.33673942	2.00000000	-0.02408655	0.49095237	0.54177451	6.71154881	0.03455492	-0.74388558	0.32539713	0.81267649	0.54997736	-5.43493032	-1.71412349	4.34978771	2.00000000	-0.08075844	0.33368933	0.10822275	5.40696383	-0.04381500	-0.05440290	-0.00362347	0.06994683	-0.48207706	-0.51907057	0.04204640	0.70622569	5.00000000	-0.08412918	0.46710432	0.09713827	5.32563782	-0.01957479	-0.01256615	0.00242181	0.02338687	0.56231421	0.16014726	0.09849936	-0.52347845	4.00000000
7.690000	0.01045084	0.10745703	0.75944686	8.66762733	0.36451876	0.28286096	2.04577875	2.09716368	-0.15950748	5.45679808	-3.47183824	-2.62880516	2.00000000	-0.02384259	0.48385501	0.54512084	6.71939945	0.04652723	-0.81331402	0.29212731	0.86543792	0.85191202	-6.02776194	-2.31364131	4.83154821	2.00000000	-0.08132184	0.33297652	0.10819165	5.40787315	-0.04740984	-0.05926316	-0.00306281	0.07595523	-0.34447369	-0.15791999	0.08070301	0.34965536	5.00000000	-0.08426272	0.46702933	0.09718668	5.32579851	-0.01344401	-0.01075119	0.00354114	0.01757467	0.43574619	0.08721773	0.14700614	-0.34954917	4.00000000
7.700000	0.01377273	0.11046491	0.78010488	8.68876553	0.36520138	0.33907393	2.00226450	2.06334829	-0.13965443	5.82200956	-5.01213169	-3.86885691	2.00000000	-0.02344581	0.47549045	0.54853213	6.72844172	0.05055143	-0.86350387	0.27978468	0.90910608	0.53262818	-5.66435575	-2.30239058	4.62726498	2.00000000	-0.08190982	0.33223090	0.10818750	5.40882254	-0.04991802	-0.05782073	-0.00191747	0.07641153	-0.14925373	0.18381451	0.08144146	-0.02957210	5.00000000	-0.08430465	0.46691874	0.09721522	5.32592010	-0.00970544	-0.01007418	0.00535281	0.01497789	0.26346609	0.00597170	0.16660975	-0.14664552	4.00000000
7.710000	0.01757191	0.11414810	0.79987377	8.70923042	0.36490595	0.39866379	1.94364035	2.01738119	-3.84216690	2.84624720	-5.75929880	-6.40186024	2.00000000	-0.02239671	0.46645561	0.55109233	6.73789072	0.05413062	-0.92265999	0.26311824	0.96096975	-0.42276374	-4.42435837	-1.41683078	3.79288888	2.00000000	-0.08237653	0.33168861	0.10815117	5.40953875	-0.05106926	-0.05128731	-0.00043089	0.07237847	0.02535824	0.37642235	0.05614819	-0.29296595	5.00000000	-0.08437714	0.46684042	0.09727254	5.32604122	-0.00843840	-0.01114209	0.00754179	0.01588180	0.13179816	-0.02150901	0.15244365	-0.02123234	4.00000000
7.720000	0.02123804	0.11857951	0.81898814	8.72919178	0.35471994	0.45571667	1.87272418	1.95974481	4.02620411	10.73027420	-8.40002537	-2.32945466	2.00000000	-0.02133657	0.45571217	0.55253953	6.74878311	0.06387117	-0.97959584	0.22865632	1.00795400	-0.56989688	-4.17636156	-1.46212471	3.61988926	2.00000000	-0.08275729	0.33128521	0.10814737	5.41009331	-0.04984724	-0.04395694	0.00023240	0.06646062	0.18230431	0.35896283	0.00189721	-0.39025822	5.00000000	-0.08444336	0.46671164	0.09733389	5.32619858	-0.00942300	-0.01305416	0.00952122	0.01870448	0.07487303	0.01451128	0.10388357	-0.00713196	4.00000000
7.730000	0.02513137	0.12334201	0.83719993	8.74841404	0.33691624	0.51145560	1.79179406	1.89357471	27.14715004	32.86994171	-13.56006908	17.92053223	2.00000000	-0.02129897	0.44649273	0.55535895	6.75842428	0.03680522	-0.99624842	0.23181140	1.02352428	-1.66401327	-2.89596319	-0.63504875	2.57817221	2.00000000	-0.08330227	0.33095863	0.10815793	5.41072893	-0.04645487	-0.03941233	-0.00010779	0.06092124	0.37007597	0.16147386	-0.08507672	-0.35325748	5.00000000	-0.08458059	0.46659663	0.09746572	5.32642078	-0.01003525	-0.01335020	0.01051382	0.01973511	0.06527168	0.07280135	0.02422701	-0.06944536	4.00000000
7.740000	0.02845806	0.12890851	0.85490245	8.76726723	0.17293237	0.43959871	1.72607350	1.78954816	34.70884705	40.46367264	-15.84991455	28.25289917	2.00000000	-0.02119935	0.43613139	0.55767620	6.76904202	0.00973926	-1.01290107	0.23496649	1.03984261	-2.75812960	-1.61556482	0.19202721	1.53645515	2.00000000	-0.08384802	0.33059284	0.10820152	5.41138744	-0.04243857	-0.03987898	-0.00144206	0.05825328	0.53355747	-0.11930949	-0.17636736	-0.20577203	5.00000000	-0.08468778	0.46641177	0.09760956	5.32667828	-0.00870873	-0.01118084	0.01013639	0.01742411	0.05071252	0.11974946	-0.05940991	-0.13615374	4.00000000
7.750000	0.03111587	0.13457315	0.87175083	8.78524017	1.14670813	1.43045056	1.45157170	2.33841586	30.08125877	36.40390396	-16.14365959	24.21883965	2.00000000													1.00000000	-0.08433461	0.33017635	0.10818474	5.41202831	-0.03635474	-0.04413426	-0.00382264	0.05730718	0.59946805	-0.36899748	-0.23017225	-0.00375643	5.00000000	-0.08481801	0.46625420	0.09772902	5.32691526	-0.00622546	-0.00781665	0.00867968	0.01323606	0.01679872	0.14050514	-0.11867483	-0.15375355	4.00000000
7.760000	0.03385156	0.14124884	0.88724571	8.80233192	2.10650229	2.41459060	1.17373657	3.41251469	39.75134659	45.03256607	-19.29220009	33.95238495	2.00000000													1.00000000	-0.08458126	0.32972643	0.10812663	5.41254473	-0.02807000	-0.05016103	-0.00707588	0.05791478	0.58434415	-0.49115649	-0.23156920	0.14450897	5.00000000	-0.08484075	0.46620584	0.09778889	5.32699537	-0.00539497	-0.00626966	0.00657452	0.01056592	-0.02932371	0.10785291	-0.14532562	-0.10838252	4.00000000
7.770000	0.03644056	0.14871767	0.90158319	8.81870461	1.91973555	2.32813787	1.08430088	3.20644951	14.48924541	20.99007225	-16.39967918	5.95927811	2.00000000													1.00000000	-0.08476489	0.32919899	0.10801103	5.41311502	-0.02092638	-0.05653625	-0.01019345	0.06114055	0.53137314	-0.41191021	-0.18577403	0.14181553	5.00000000	-0.08483587	0.46624455	0.09781386	5.32704163	-0.00765733	-0.00639558	0.00490695	0.01111829	-0.06216758	0.04001912	-0.14938197	-0.04578914	4.00000000
7.780000	0.12440388	0.23614685	0.89967757	8.94274139	1.87638581	2.36031175	0.94415045	3.15963840	-56.40007401	-45.53350449	-5.42749977	-25.48544884	3.00000000													1.00000000	-0.08490066	0.32860106	0.10789940	5.41373825	-0.01671196	-0.06168435	-0.01187803	0.06500258	0.43212005	-0.13405401	-0.10538866	-0.03025305	5.00000000	-0.08483477	0.46625838	0.09784417	5.32707500	-0.01027901	-0.00674029	0.00376211	0.01285469	-0.05622399	0.01052441	-0.13303818	-0.02357941	4.00000000
7.790000	0.12547886	0.24413817	0.91209406	8.95754623	2.11397648	2.63026857	0.72970438	3.45248866	-80.57134247	-69.56253815	-2.62816787	-22.13659286	3.00000000													1.00000000	-0.08507249	0.32792893	0.10775524	5.41444683	-0.01447250	-0.06356587	-0.01206634	0.06629984	0.29765621	0.23869707	-0.00941950	-0.31547138	5.00000000	-0.08501559	0.46609855	0.09789380	5.32732153	-0.01117804	-0.00747691	0.00274666	0.01372578	-0.00691190	0.04553630	-0.08421793	-0.05301530	4.00000000
7.800000	0.12606539	0.25192189	0.92259604	8.97063160	0.09447870	0.81517482	0.90722138	1.22330976	-69.09838104	-60.95425415	-5.33834982	-24.63980865	3.00000000	-0.02210573	0.36742666	0.55984253	6.83778667	0.02889685	-0.88666558	0.10824005	0.89371514	-8.42137718	25.63524628	2.14850926	-23.85779953	2.00000000	-0.08524517	0.32720834	0.10763285	5.41519785	-0.01191938	-0.05857323	-0.01121691	0.06081706	0.16539666	0.57135481	0.07806820	-0.59781575	5.00000000	-0.08526253	0.46592155	0.09794299	5.32762909	-0.00938835	-0.00699013	0.00149918	0.01180045	0.02439258	0.07356536	-0.00325321	-0.05319149	4.00000000
7.810000	0.12652975	0.25961024	0.93044245	8.98162651	-1.90481377	-1.00055051	1.07615137	2.40572619	-78.81851196	-71.51493073	-2.85900474	-27.53076935	3.00000000	-0.02161550	0.35771784	0.56085110	6.84755993	-0.05353969	-0.62928349	0.12849271	0.64449561	-5.50816631	19.22545815	0.47716463	-17.97860336	2.00000000	-0.08537202	0.32658255	0.10751422	5.41584730	-0.00982682	-0.04762411	-0.00997105	0.04963914	0.04573422	0.79521191	0.14163676	-0.77607679	5.00000000	-0.08539873	0.46586090	0.09795359	5.32777834	-0.00727611	-0.00517790	0.00096379	0.00898228	-0.02678997	0.05634211	0.08972981	0.03357745	4.00000000
7.820000	0.12698196	0.26727301	0.93619436	8.99121857	-1.62608838	-0.75534433	0.84362471	1.98151743	-53.40662766	-49.62115860	-5.61995840	-15.14753819	3.00000000	-0.02129658	0.34992218	0.56144053	6.85538435	-0.13597623	-0.37190142	0.14874537	0.42299575	-2.59495568	12.81566906	-1.19418001	-12.09940720	2.00000000	-0.08542239	0.32609043	0.10743370	5.41634846	-0.00941474	-0.03573149	-0.00836203	0.03788536	-0.04277020	0.87786913	0.17370033	-0.81224930	5.00000000	-0.08535824	0.46585906	0.09792284	5.32782936	-0.00676196	-0.00298619	0.00258107	0.00782965	-0.11841721	0.03178833	0.15605445	0.13987327	4.00000000
7.830000	0.04360543	0.19905467	0.95566493	9.10069180	-1.62855852	-0.77724940	0.69756901	1.93466330	17.75633812	14.04568291	-15.93966770	-18.04555321	2.00000000	-0.02498907	0.35149041	0.56487077	6.86066246	-0.10249195	-0.40282381	0.10195474	0.42797941	-1.74465764	12.27892685	-1.59026945	-11.87914562	3.00000000	-0.08544434	0.32594183	0.10736290	5.41651440	-0.01145732	-0.02707193	-0.00627836	0.03005956	-0.05498508	0.77798039	0.17925204	-0.71590143	5.00000000	-0.08524573	0.46596408	0.09789784	5.32798529	-0.00986941	-0.00338058	0.00591713	0.01199358	-0.14610164	0.03160449	0.15311542	0.15990467	4.00000000
7.840000	0.04431429	0.20691392	0.95875603	9.10916710	-1.77105558	-0.92934430	0.61949492	2.09382248	43.07341385	35.94873810	-17.49137306	-31.51087952	2.00000000	-0.02587574	0.34764794	0.56505710	6.86461020	-0.14322135	-0.22010802	0.10148386	0.28152952	0.92848921	7.12810230	-2.61020923	-7.56747437	3.00000000	-0.08553811	0.32584330	0.10730103	5.41666365	-0.01458966	-0.02099574	-0.00399450	0.02587731	0.00904353	0.52227747	0.17798856	-0.51369417	5.00000000	-0.08535796	0.46587804	0.09796811	5.32814312	-0.01479766	-0.00532418	0.00911324	0.01817605	-0.06779604	0.05955785	0.05712322	0.05608161	4.00000000
7.850000	0.04467140	0.21348138	0.96083915	9.11606598	-0.79842573	-0.07259908	0.36576340	0.88121343	33.17979050	26.26010895	-12.81692314	-26.29619217	2.00000000	-0.02681667	0.34446368	0.56542671	6.86795092	-0.11566298	-0.17262027	0.05784481	0.21568891	1.50327957	6.67079115	-2.24024963	-7.04362202	3.00000000	-0.08575664	0.32567739	0.10725787	5.41694117	-0.01490917	-0.01622736	-0.00232986	0.02215940	0.10346500	0.23450200	0.17409223	-0.27029955	5.00000000	-0.08564784	0.46580890	0.09815177	5.32849312	-0.01667986	-0.00561774	0.00963838	0.02006677	0.08210822	0.11879538	-0.10214588	-0.07663241	4.00000000
7.860000	0.04507111	0.22025579	0.96261495	9.12308025	0.19855756	0.77799857	0.13303608	0.81388295	37.13774490	29.23612022	-11.41781044	-31.24439430	2.00000000	-0.02780916	0.34246370	0.56588286	6.87022972	-0.06673964	-0.15783061	0.01614292	0.17211995	1.81274819	6.27613783	-1.87813127	-6.58484030	3.00000000	-0.08601927	0.32536522	0.10726373	5.41734934	-0.01116805	-0.01454602	-0.00107872	0.01837051	0.20801386	0.03623501	0.15773426	-0.10848296	5.00000000	-0.08602393	0.46561447	0.09833284	5.32895374	-0.01301325	-0.00293478	0.00671657	0.01493552	0.25233236	0.20232837	-0.25315997	-0.16305327	4.00000000
7.870000	0.04531286	0.22628288	0.96390337	9.12924862	0.07841103	0.61228359	0.12562275	0.62993693	29.19410706	21.03919411	-8.63580418	-20.53027916	2.00000000	-0.02861396	0.34167042	0.56607378	6.87137556	-0.05486587	-0.07640669	0.01723866	0.09563168	2.36444449	4.57678080	-1.61358118	-3.83873415	3.00000000	-0.08619339	0.32518062	0.10727661	5.41760349	-0.00662369	-0.01712218	0.00047057	0.01836474	0.29480153	-0.06196258	0.13190341	-0.04818216	5.00000000	-0.08616764	0.46559620	0.09841450	5.32912016	-0.00668187	0.00120699	0.00158908	0.00697348	0.34144673	0.22846459	-0.32494926	-0.23204185	4.00000000
7.880000	0.04573850	0.23268999	0.96489757	9.13574600	0.07538814	0.56451792	0.10603020	0.57931530	5.44051647	-1.06260443	-3.72174048	-7.39510822	2.00000000	-0.02892268	0.34197614	0.56605279	6.87181044	-0.03965289	-0.02509753	0.01147985	0.04831174	1.72928667	5.69191933	-0.66910928	-1.57485723	3.00000000	-0.08610656	0.32517913	0.10728126	5.41769028	-0.00374485	-0.02097239	0.00211596	0.02140893	0.32317194	-0.04674992	0.10898720	-0.05642536	5.00000000	-0.08602414	0.46570802	0.09831768	5.32932615	-0.00149955	0.00456646	-0.00317041	0.00575784	0.28669417	0.17248759	-0.29048520	-0.22320428	4.00000000
7.890000	0.04807625	0.23834442	0.96571517	9.14191914	0.07682057	0.50180727	0.08597920	0.51488286	-4.00902224	-9.53207397	-2.11002970	-8.52901936	3.00000000	-0.02904130	0.34211180	0.56602550	6.87199259	-0.02434316	0.01851047	0.00411222	0.03085672	1.48439038	6.73740196	-0.38065013	1.66049790	3.00000000	-0.08597800	0.32508963	0.10727789	5.41784716	-0.00180279	-0.02181306	0.00324628	0.02212687	0.33447519	0.16586429	0.08871303	-0.12337329	5.00000000	-0.08583941	0.46586272	0.09818633	5.32960081	0.00082422	0.00613704	-0.00590862	0.00855888	0.17460859	0.12500708	-0.19551848	-0.05867693	4.00000000
7.900000	0.04847104	0.24313325	0.96665215	9.14681435	0.07718671	0.42853191	0.05906969	0.43941623	-1.44052875	-7.32761908	-3.03376412	-7.58015776	3.00000000	-0.02914964	0.34206161	0.56616139	6.87217331	-0.01240144	0.08061528	0.00130484	0.08157403	1.67062068	7.64900541	-0.70223206	5.40575457	3.00000000	-0.08599969	0.32470047	0.10732868	5.41824007	0.00098683	-0.01960223	0.00364271	0.01996223	0.39794591	0.55405337	0.06515376	-0.04760061	5.00000000	-0.08584920	0.46593437	0.09809665	5.32971621	-0.00021718	0.00464991	-0.00623943	0.00778455	0.13694684	0.15207416	-0.11858051	0.15415917	4.00000000
7.910000	0.04882246	0.24682708	0.96741349	9.15060234	0.04256712	0.33869183	0.02459138	0.34224093	-1.90707850	-7.60890627	-3.48277211	-7.50694704	3.00000000	-0.02944573	0.34225503	0.56628025	6.87254620	0.00673244	0.16135275	-0.00261466	0.16151431	1.74570370	8.62805653	-1.09302831	8.03934479	3.00000000	-0.08616351	0.32428667	0.10739682	5.41869020	0.00501865	-0.01281326	0.00387840	0.01429715	0.47492182	0.91116583	0.03888715	0.19056082	5.00000000	-0.08601605	0.46591699	0.09810121	5.32988405	-0.00165924	0.00414153	-0.00552398	0.00710069	0.18284541	0.22411965	-0.09638336	0.29012957	4.00000000
7.920000	0.04917484	0.24970353	0.96760362	9.15350628	0.00357929	0.25146294	-0.01378606	0.25186598	-2.32126880	-7.13926554	-3.76407290	-6.35066223	3.00000000	-0.02944345	0.34398919	0.56614053	6.87428617	0.02581924	0.27675554	-0.01100699	0.27817515	1.58315575	8.72821522	-1.55296600	8.88492393	3.00000000	-0.08621781	0.32413068	0.10745765	5.41886616	0.01126515	0.00025034	0.00434530	0.01207675	0.44360575	1.07257104	0.02338366	0.34970710	5.00000000	-0.08614119	0.46586722	0.09809107	5.33001900	0.00039650	0.00766094	-0.00592650	0.00969384	0.23562410	0.29561171	-0.10146669	0.35900980	4.00000000
7.930000	0.04914003	0.25189650	0.96698880	9.15578365	-0.01056616	0.18173766	-0.05623251	0.19053167	-2.17467284	-6.29109383	-3.65824056	-4.59796524	3.00000000	-0.02924615	0.34804186	0.56609905	6.87834406	0.04555161	0.38564503	-0.03261268	0.38969299	0.94277501	7.74056244	-1.97575116	7.97989082	3.00000000	-0.08596260	0.32434446	0.10746149	5.41919899	0.01820282	0.01662076	0.00473857	0.02510072	0.25432435	1.01952577	0.02786599	0.40840074	5.00000000	-0.08607709	0.46591637	0.09803277	5.33011866	0.00629916	0.01400635	-0.00827455	0.01744492	0.23569208	0.31361279	-0.09460261	0.35114145	4.00000000
7.940000	0.04885759	0.25304419	0.96601325	9.15731621	-0.02837404	0.13247864	-0.09701798	0.16663782	-1.42713690	-5.32868052	-3.33027482	-2.48989749	3.00000000	-0.02803458	0.35264364	0.56563604	6.88312531	0.06103961	0.45725751	-0.06215820	0.46548244	0.07383592	5.47654915	-2.32171416	5.77058363	3.00000000	-0.08558904	0.32473662	0.10748781	5.41974115	0.02209854	0.02878184	0.00467828	0.03658724	-0.02642458	0.78044736	0.03008188	0.42939228	5.00000000	-0.08590267	0.46612567	0.09790351	5.33042002	0.01144161	0.01907299	-0.01085785	0.02475040	0.14530838	0.20133844	-0.04996967	0.21254922	4.00000000
7.950000	0.04834897	0.25384143	0.96491998	9.15876198	-0.04177683	0.08993471	-0.12867749	0.16245446	-0.80612957	-4.55000734	-3.00391316	-0.65389818	3.00000000	-0.02757690	0.35911378	0.56526005	6.88962269	0.05360191	0.49704710	-0.08717328	0.50747234	-0.77544260	2.79539037	-2.26303315	3.10893250	3.00000000	-0.08525587	0.32512408	0.10755199	5.42025614	0.01908795	0.03364210	0.00481792	0.03897888	-0.30155975	0.42788836	0.01848612	0.25830904	5.00000000	-0.08569342	0.46647769	0.09776027	5.33085394	0.01190988	0.02035499	-0.01126745	0.02613668	-0.03974779	-0.03961598	0.03929511	-0.06279996	4.00000000
7.960000	0.04788834	0.25459710	0.96355349	9.16038990	-0.04782453	0.04955108	-0.14991263	0.16497360	-3.03529215	-8.12084961	-2.21722507	1.55043244	3.00000000	-0.02655755	0.36322260	0.56380320	6.89409971	0.03133747	0.49993318	-0.10998248	0.51284635	-1.30050635	0.43933737	-2.00723696	0.78838986	3.00000000	-0.08513709	0.32546440	0.10764191	5.42062759	0.01092472	0.03292561	0.00547605	0.03512025	-0.46870658	0.10344636	0.01829512	-0.04577675	5.00000000	-0.08555321	0.46675619	0.09760775	5.33120108	0.00837874	0.01782179	-0.00938065	0.02181321	-0.23246534	-0.28307405	0.14605969	-0.34371418	4.00000000
7.970000	0.04733983	0.25530702	0.96189815	9.16227245	-0.05190872	0.00128175	-0.17160276	0.17928654	3.32177138	-0.15641506	-3.38697910	8.49633598	3.00000000	-0.02655460	0.36820960	0.56244904	6.89926720	0.00903027	0.47875616	-0.13020733	0.49622872	-1.21616542	-1.56807351	-2.11515951	-0.97975254	3.00000000	-0.08513664	0.32572138	0.10768294	5.42088795	0.00281961	0.03082231	0.00560371	0.03145419	-0.46571726	-0.05571586	0.04861005	-0.17321758	5.00000000	-0.08552741	0.46687809	0.09752995	5.33134794	0.00351916	0.01225471	-0.00640855	0.01426997	-0.32554615	-0.39864701	0.21348117	-0.45385364	4.00000000
7.980000	0.04690257	0.25531462	0.95997453	9.16424561	-0.05647807	-0.05771070	-0.19656567	0.21250497	20.84601784	23.75186729	-7.38596153	29.47290802	3.00000000	-0.02700342	0.37295178	0.56111389	6.90421391	-0.01004098	0.46735105	-0.13708323	0.48714438	-1.07861328	-1.97872436	-2.18968010	-1.19796741	3.00000000	-0.08521248	0.32603118	0.10772395	5.42120934	-0.00181980	0.02928376	0.00550660	0.02985252	-0.32489514	-0.02718962	0.09381474	-0.07171829	5.00000000	-0.08556127	0.46687996	0.09750195	5.33139181	-0.00088842	0.00541657	-0.00363576	0.00658387	-0.32359669	-0.39187863	0.21284950	-0.38316035	4.00000000
7.990000	0.04635040	0.25446483	0.95804262	9.16642761	-0.16410403	-0.27578324	-0.20721553	0.38200104	26.98114967	32.14212036	-9.92629910	40.37742996	3.00000000	-0.02716307	0.37735879	0.55967879	6.90885162	-0.00497070	0.42738912	-0.16266653	0.45732543	-1.11766601	-0.67640543	-2.29000235	0.19097973	3.00000000	-0.08524930	0.32631502	0.10776674	5.42149878	-0.00214887	0.02895469	0.00617399	0.02968350	-0.16150810	0.14731421	0.14070433	0.16427144	5.00000000	-0.08560410	0.46689653	0.09751400	5.33143950	-0.00320207	0.00119035	-0.00148111	0.00372343	-0.28535151	-0.30867919	0.16504754	-0.20192035	4.00000000
8.000000	0.04566609	0.25237820	0.95567644	9.16965580	0.56339312	0.67865402	-0.39424050	0.96613073	24.04358482	28.27449226	-11.35796356	35.65404892	3.00000000	-0.02746868	0.38230884	0.55834156	6.91398811	-0.00052551	0.39430806	-0.19848296	0.44144604	-1.04151201	1.15627742	-3.12834907	2.31237650	3.00000000	-0.08526276	0.32663408	0.10783137	5.42182446	-0.00113286	0.03085335	0.00842859	0.03200397	-0.05505059	0.41906732	0.18294340	0.45296928	5.00000000	-0.08563379	0.46691516	0.09750741	5.33147526	-0.00455237	0.00029877	-0.00031249	0.00457285	-0.22830546	-0.14843170	0.10949104	0.00795588	4.00000000
8.010000	0.04494052	0.25011152	0.95302832	9.17321587	1.29110432	1.64605045	-0.60771602	2.17847466	31.53607941	39.45978546	-15.37584305	41.69129181	3.00000000	-0.02736023	0.38643056	0.55678028	6.91839695	-0.02433484	0.43081987	-0.21914193	0.48396397	-1.31757462	4.50199223	-3.80512214	5.70475817	3.00000000	-0.08524905	0.32690328	0.10792530	5.42211008	-0.00089991	0.03538082	0.01128664	0.03714836	-0.03126492	0.70444745	0.20535019	0.73363537	5.00000000	-0.08567290	0.46689689	0.09748723	5.33152294	-0.00684746	0.00002782	0.00021377	0.00685085	-0.18776003	0.01587511	0.07657985	0.15730129	4.00000000
8.020000	0.04431895	0.24687208	0.94942909	9.17809772	1.18490231	1.45495284	-0.69339275	2.00041866	12.93122578	14.42661762	-14.37245464	19.64162254	3.00000000	-0.02626267	0.38790444	0.55306554	6.92254114	-0.04638958	0.49289140	-0.25917441	0.55880702	-1.62473440	9.00988293	-3.59004807	9.76074791	2.00000000	-0.08521611	0.32721409	0.10803951	5.42244291	-0.00231396	0.04462848	0.01376799	0.04676124	-0.05116199	0.87297726	0.18828031	0.89402354	5.00000000	-0.08571355	0.46690452	0.09748752	5.33156443	-0.00949819	0.00031317	0.00035067	0.00950982	-0.18235426	0.07849807	0.06501593	0.20407367	4.00000000
8.030000	0.10626697	0.33180419	0.93258923	9.28456211	1.17984176	1.41949129	-0.83237684	2.02480459	-39.98165131	-58.70591736	-6.25352240	6.54033899	4.00000000	-0.02770453	0.39364317	0.55078906	6.92888117	-0.06295907	0.59108436	-0.31865835	0.67445362	-0.75421512	11.54565334	-3.59749770	12.03784943	2.00000000	-0.08525582	0.32767013	0.10822001	5.42293501	-0.00340156	0.05751376	0.01529741	0.05961052	-0.02128506	0.83382010	0.11799632	0.83753866	5.00000000	-0.08584087	0.46689859	0.09750257	5.33169270	-0.01092000	0.00253171	0.00085632	0.01124230	-0.13471150	0.07130330	0.05199863	0.15100588	4.00000000
8.040000	0.10566713	0.32814053	0.92613357	9.29200935	1.38273001	1.67913163	-1.03784299	2.41009188	-58.75315475	-84.31954956	-4.20571327	19.27514648	4.00000000	-0.02890931	0.40026918	0.54783577	6.93623495	-0.08275670	0.76781458	-0.35029301	0.84799355	0.58459491	12.10313892	-3.48257875	12.45949554	2.00000000	-0.08531743	0.32828555	0.10839417	5.42357779	-0.00430122	0.06931225	0.01628299	0.07132899	0.10553075	0.55611515	0.01917128	0.54507536	5.00000000	-0.08601307	0.46689278	0.09752918	5.33186722	-0.01233512	0.00425850	0.00198899	0.01320023	-0.00131843	0.05894940	0.02569974	0.01438539	4.00000000
8.050000	0.10479245	0.32433969	0.91771674	9.30128574	-0.11299047	-0.42607510	-0.91201711	1.01295710	-51.26548767	-73.32285309	-6.41463947	18.17047882	4.00000000	-0.03029114	0.40933385	0.54403472	6.94616079	-0.06948950	0.92809045	-0.37085363	1.00185490	1.50985050	11.26040363	-2.45490456	11.23428822	2.00000000	-0.08542383	0.32917824	0.10856687	5.42449331	-0.00337909	0.07449140	0.01635291	0.07634006	0.26872525	0.07113345	-0.04955436	0.07392717	5.00000000	-0.08615922	0.46697518	0.09753218	5.33203506	-0.01303144	0.00399823	0.00271567	0.01389889	0.12883894	0.00678996	-0.00853598	-0.12713353	4.00000000
8.060000	0.10373607	0.32010996	0.90736473	9.31251812	-1.61079800	-2.53582358	-0.78725958	3.10561562	-59.57665253	-84.28098297	-4.38623810	16.54027748	4.00000000	-0.03080632	0.41955242	0.53956145	6.95732737	-0.02382593	1.02061224	-0.40351796	1.09774482	1.12157249	9.42416382	-0.91598701	9.01243114	2.00000000	-0.08542184	0.33009076	0.10870902	5.42541695	0.00058903	0.07133359	0.01476084	0.07284717	0.38742623	-0.47360465	-0.05656720	-0.42118701	5.00000000	-0.08623557	0.46708351	0.09755575	5.33216953	-0.01068811	0.00318711	0.00220003	0.01136809	0.20225897	-0.07648227	-0.05886807	-0.20327033	4.00000000
8.070000	0.10255020	0.31522006	0.89539957	9.32549858	-1.42094076	-2.28263211	-0.99188977	2.86589026	-41.42023468	-57.94750977	-6.98796129	24.33887482	4.00000000	-0.03062080	0.43137166	0.53542519	6.96985102	0.00474011	1.09009588	-0.41027662	1.16475677	-0.95056891	7.70029020	0.60002977	7.17205000	2.00000000	-0.08544405	0.33085635	0.10886835	5.42619944	0.00730840	0.06111463	0.01265077	0.06283671	0.47811913	-0.87793863	-0.02815741	-0.73488188	5.00000000	-0.08636943	0.46711668	0.09761152	5.33231831	-0.00577625	0.00247434	0.00078237	0.00633242	0.27609777	-0.09464347	-0.12168101	-0.20621605	4.00000000
8.080000	0.03669017	0.22078860	0.89540464	9.44062805	-1.44609869	-2.32026148	-1.13745868	2.96118689	11.01002693	16.72967911	-16.27758217	-0.34513870	3.00000000	-0.02985762	0.44205341	0.53125733	6.98134232	0.01671814	1.10439730	-0.40508756	1.17646456	-2.71911359	5.36837149	1.60155416	4.86767769	2.00000000	-0.08531912	0.33134615	0.10900293	5.42672253	0.01330531	0.04727915	0.01236927	0.05064927	0.55397850	-0.96990484	0.06015059	-0.69939983	5.00000000	-0.08644388	0.46707568	0.09763206	5.33240557	-0.00248086	0.00070582	-0.00066596	0.00266389	0.33898568	-0.02024240	-0.15708750	-0.11261228	4.00000000
8.090000	0.03524695	0.21511444	0.88050777	9.45663452	-1.57855690	-2.48664641	-1.23456860	3.19365191	29.11813736	43.73856354	-18.38468552	-26.85869408	3.00000000	-0.02934800	0.45343497	0.52736193	6.99338293	-0.07352782	1.19540167	-0.35569370	1.24936366	-3.51679540	2.92352533	2.04434729	2.43345499	2.00000000	-0.08515589	0.33163109	0.10908117	5.42706013	0.01727932	0.03444031	0.01422396	0.04107348	0.60313010	-0.71840250	0.19588591	-0.33850485	5.00000000	-0.08644351	0.46703279	0.09760580	5.33245564	-0.00067024	-0.00062784	-0.00250973	0.00267248	0.31985289	0.08052422	-0.13938557	0.05323609	4.00000000
8.100000	0.03306129	0.20919447	0.86443073	9.47390556	-0.87174743	-1.45861459	-1.49442554	2.26292014	21.45006371	34.58649063	-15.10283375	-18.79139328	3.00000000	-0.02977982	0.46453112	0.52374548	7.00506163	-0.17122026	1.26268637	-0.31296858	1.31211376	-4.20747566	1.98614287	2.34160495	1.49941444	2.00000000	-0.08486162	0.33188689	0.10917096	5.42746019	0.02255471	0.02642224	0.01650030	0.03845919	0.61174560	-0.25295299	0.26296815	0.14235575	5.00000000	-0.08632457	0.46707040	0.09753100	5.33260107	0.00261938	0.00074084	-0.00454218	0.00529541	0.27038839	0.05689386	-0.18510202	0.15875970	4.00000000
8.110001	0.03081812	0.20350556	0.84730077	9.49209404	-0.17302430	-0.41578472	-1.74334145	1.80057037	24.54711914	39.96249008	-14.25969410	-23.59098625	3.00000000	-0.03098894	0.47562712	0.51991820	7.01686144	-0.18067496	1.22240698	-0.30971566	1.27390969	-2.67756176	-0.84491962	1.81394041	-1.13409352	2.00000000	-0.08467761	0.33212528	0.10937346	5.42782307	0.02961103	0.02774373	0.02120199	0.04578266	0.62503451	0.26574257	0.18338445	0.58823639	5.00000000	-0.08633702	0.46706772	0.09748493	5.33264875	0.00642389	0.00479296	-0.00556515	0.00975755	0.19570377	0.34019724	0.02768357	0.40704623	4.00000000
8.120000	0.02808582	0.19815451	0.83004725	9.51036358	-0.31255317	-0.54216319	-1.79804909	1.90384114	18.94927788	31.93967438	-11.84772682	-15.09233856	3.00000000	-0.03791208	0.49447054	0.51942462	7.03694248	-0.18307923	1.19621968	-0.30399659	1.24774730	1.03996575	-6.37913895	0.61943352	-6.36867142	3.00000000	-0.08444379	0.33234558	0.10963927	5.42823982	0.03803130	0.03631637	0.02473928	0.05811446	0.63081247	0.68326914	0.00114000	0.88991630	5.00000000	-0.08631809	0.46710938	0.09743011	5.33272028	0.00850713	0.00794530	-0.00562767	0.01292942	0.02342058	0.99786824	0.60408682	1.03685057	4.00000000
8.130000	0.02387927	0.19223149	0.81151634	9.53026772	-0.33509257	-0.50730765	-1.85992610	1.95677626	2.60828018	7.41764259	-7.04934549	2.45638871	2.00000000	-0.03856955	0.50382972	0.51545542	7.04712963	-0.18415233	1.17111373	-0.28900453	1.22022259	2.24053621	-8.90075016	0.84634417	-8.98192406	3.00000000	-0.08403756	0.33264014	0.10991166	5.42881060	0.04370771	0.04767304	0.02439798	0.06912557	0.53240424	0.84734535	-0.25800195	0.90427381	5.00000000	-0.08622766	0.46719435	0.09737339	5.33285666	0.00972425	0.00518635	-0.00900334	0.01423093	-0.14835937	1.13061893	0.83844388	1.24195230	4.00000000
8.140000	0.02028648	0.18752977	0.79254383	9.55014133	-0.35061085	-0.48462772	-1.91716897	2.00831509	-2.23780036	-1.52148080	-4.66529322	5.70529556	2.00000000	-0.03845572	0.51387578	0.51216972	7.05770016	-0.11302260	1.01179922	-0.29791790	1.06078589	1.37717748	-9.59684944	1.85686350	-9.84520912	3.00000000	-0.08346025	0.33322579	0.11027420	5.42970943	0.04908703	0.05897134	0.01882240	0.07900278	0.31432152	0.69816697	-0.56252301	0.62300593	5.00000000	-0.08604106	0.46738321	0.09732174	5.33312702	0.00540415	0.03329043	0.01308465	0.03617549	-0.24357870	0.88467443	0.77833593	0.99443293	4.00000000
8.150001	0.01694058	0.18273911	0.77282315	9.57070923	-0.33574137	-0.47176626	-1.96791732	2.05133724	1.27383244	1.42757189	-4.24964619	3.52953553	2.00000000	-0.03882108	0.52350765	0.50861871	7.06797218	-0.05942126	0.84531301	-0.29060096	0.89584255	1.19418502	-11.33920193	2.12997079	-11.53846169	3.00000000	-0.08278792	0.33397260	0.11039127	5.43072128	0.05228190	0.06624932	0.01077112	0.08507871	0.11342512	0.42689133	-0.80523765	0.31322315	5.00000000	-0.08589958	0.46748671	0.09725257	5.33331537	-0.00112976	0.05994315	0.03605665	0.06996098	-0.28252289	0.99663347	0.95991194	1.09601462	4.00000000
8.160000	0.01359276	0.17907980	0.75301796	9.59112644	-0.30593172	-0.47047225	-2.00488019	2.08194208	2.01419210	1.00764430	-3.34021926	2.69251657	2.00000000	-0.03947234	0.53203887	0.50588632	7.07695389	-0.09765429	0.77634847	-0.23645410	0.81741291	0.59035116	-11.13235378	2.08245659	-11.21836185	3.00000000	-0.08239299	0.33480451	0.11051437	5.43165016	0.05146538	0.06789515	0.00057413	0.08519839	0.05053853	-0.17890297	-0.71506900	-0.14008649	5.00000000	-0.08586555	0.46754959	0.09718277	5.33341551	-0.00355672	0.05343556	0.03367259	0.06326020	-0.12435443	0.52600026	0.62486345	0.58960575	4.00000000
8.170000	0.01067942	0.17395532	0.73273385	9.61224937	-0.28377727	-0.46964359	-2.03105211	2.10386968	2.32709908	1.62385249	-2.37326813	1.62809682	2.00000000	-0.04098559	0.53907984	0.50390929	7.08442211	-0.12416820	0.67625046	-0.20017524	0.71610230	-0.35116738	-8.83307552	1.50647199	-8.66387939	3.00000000	-0.08185598	0.33550164	0.11033591	5.43254805	0.04785185	0.06322761	-0.00955729	0.07986784	0.04566433	-1.13856733	-0.24966629	-0.54922032	5.00000000	-0.08627988	0.46993372	0.09905235	5.33647346	-0.00465984	0.05057007	0.03456759	0.06143260	0.23339356	-0.76899904	-0.42827097	-0.64743584	3.00000000
8.180000	0.00794416	0.16908890	0.71224785	9.63348198	-0.25733924	-0.45644391	-2.04905319	2.11499023	1.86388409	2.96827412	-1.29235876	0.44340888	2.00000000	-0.04261297	0.54492241	0.50250274	7.09064817	-0.12873600	0.58440119	-0.18591136	0.62662649	-0.07389945	-6.98418617	0.52245855	-6.61919451	3.00000000	-0.08145650	0.33601880	0.11026039	5.43320608	0.04711188	0.05838424	-0.01683012	0.07688629	0.04822888	-1.66529906	0.21071295	-0.56273460	5.00000000	-0.08632757	0.46994662	0.09904171	5.33652401	-0.00241250	0.05405098	0.03942717	0.06694647	0.46388906	-1.16966319	-0.80449849	-1.01558733	3.00000000
8.190001	0.00556615	0.16362315	0.69150275	9.65506649	-0.23629768	-0.42280045	-2.06075859	2.11691356	1.27500880	4.65630674	-0.08204976	-0.87699288	2.00000000	-0.04413805	0.55018967	0.50128353	7.09626579	-0.11226299	0.51460415	-0.20076060	0.56367123	0.76190656	-4.98279381	0.23730384	-4.83185101	3.00000000	-0.08093213	0.33653918	0.10998806	5.43399334	0.05175055	0.02604201	-0.00607986	0.05825179	0.16419496	-1.66681206	0.60642540	-0.34569830	5.00000000	-0.08626650	0.46997157	0.09902342	5.33659267	0.00777245	0.02709354	0.01828012	0.03359514	0.52035964	-0.88043052	-0.64398593	-0.77408856	3.00000000
8.200000	0.00331803	0.15987754	0.67089897	9.67612839	-0.22856769	-0.36003602	-2.05979848	2.10348248	0.82095051	5.76789570	1.27598643	-2.25211978	2.00000000	-0.04523523	0.55493426	0.49913245	7.10158968	-0.07931124	0.45734295	-0.24214311	0.52353239	1.49336898	-3.33138442	0.09354266	-3.36705160	3.00000000	-0.08049084	0.33692306	0.10978881	5.43461132	0.05461201	-0.00884707	0.01119661	0.05644560	0.40128717	-1.60112751	0.95940828	-0.07930838	5.00000000	-0.08608105	0.46998721	0.09901687	5.33677912	0.01827069	0.00039240	-0.00367487	0.01864072	0.53120100	-0.91453844	-0.74875134	-0.86211652	3.00000000
8.210000	0.00139401	0.15663174	0.65015930	9.69720840	-0.22953665	-0.28074458	-2.04009056	2.07207012	0.12395891	6.08983469	2.69596958	-3.53751659	2.00000000	-0.04560325	0.55938077	0.49633652	7.10685492	-0.07628252	0.46675104	-0.22412463	0.52336162	1.88646150	-3.00644970	0.17262821	-3.09786725	3.00000000	-0.07990862	0.33733752	0.10968006	5.43533421	0.05561784	-0.01585558	0.02026458	0.06128129	0.51474184	-0.82666296	0.76566160	0.24071459	5.00000000	-0.08581816	0.47007847	0.09903601	5.33705807	0.02092502	0.00573695	0.00045219	0.02170192	0.43352944	-0.69824684	-0.62173635	-0.53895360	3.00000000
8.220000	-0.00094588	0.15456116	0.62972713	9.71787834	-0.23143959	-0.20222986	-2.00168633	2.02514434	0.55440092	4.28011990	4.61065865	-5.20356178	2.00000000	-0.04587698	0.56350642	0.49308875	7.11211252	-0.07021551	0.48098513	-0.18529668	0.52020359	1.58010817	-2.98151255	1.55174446	-3.56782651	3.00000000	-0.07918080	0.33554199	0.11066296	5.43750668	0.06162884	-0.01659344	0.02972881	0.07040780	0.44178316	0.72776610	-0.03874337	0.63974279	4.00000000	-0.08554544	0.47012064	0.09901696	5.33733463	0.02181369	0.00781938	0.00140779	0.02321554	0.27958149	-0.11532422	-0.14845890	0.10297843	3.00000000
8.230000	-0.00342295	0.15273498	0.60957307	9.73826599	-0.22839001	-0.16196866	-1.94885528	1.96886587	2.58146501	0.49535817	6.97695971	-7.14637709	2.00000000	-0.04599710	0.56710970	0.48985189	7.11695766	-0.03871871	0.42800900	-0.18629581	0.46839830	2.00693607	-4.51885557	2.03545141	-5.00892258	3.00000000	-0.07868727	0.33545601	0.11096010	5.43808937	0.07177082	-0.01143465	0.03172507	0.07929868	0.32294518	1.50546050	-0.68153560	0.71884120	4.00000000	-0.08533674	0.47020125	0.09903413	5.33755922	0.02265815	0.00871494	0.00088892	0.02429263	0.25893643	0.02023411	-0.00586620	0.29590657	3.00000000
8.240000	-0.00604134	0.15185668	0.59047097	9.75756645	-0.23625430	-0.14004298	-1.88420308	1.90411377	3.73362994	-1.58886063	8.86902237	-8.77595901	2.00000000	-0.04834910	0.57473874	0.49182039	7.12518024	-0.02186596	0.36143014	-0.16775727	0.39906436	3.30420399	-7.52430058	0.59943318	-6.06383467	2.00000000	-0.07807292	0.33565751	0.11129174	5.43881607	0.07587727	0.02298976	0.01347375	0.08042035	0.07337288	1.39192772	-1.02578259	0.38491690	4.00000000	-0.08519980	0.47029760	0.09907449	5.33773136	0.02537928	0.00690818	-0.00113503	0.02632716	0.35668829	-0.15479741	-0.11103155	0.33893102	3.00000000
8.250000	-0.00815695	0.15087548	0.57201332	9.77617073	-0.15233211	-0.24072254	-1.76946759	1.79225218	4.11128855	-1.59721124	10.44531727	-10.41295624	2.00000000	-0.04774056	0.57761347	0.48963133	7.12884426	-0.00224042	0.28951663	-0.13226593	0.31830671	3.61816359	-8.39892864	0.17418811	-5.66826010	2.00000000	-0.07713745	0.33628431	0.11132669	5.43994284	0.07348948	0.05687376	-0.01072486	0.09354331	-0.37831491	1.10217559	-1.21171892	-0.16795285	4.00000000	-0.08496792	0.47042426	0.09908528	5.33799601	0.03042184	0.00344142	-0.00314713	0.03077720	0.46692875	-0.18259430	-0.11043976	0.43790659	3.00000000
8.260000	-0.00995240	0.14894293	0.55442512	9.79395580	-0.05717317	-0.32879561	-1.63847601	1.67211807	5.59753227	-1.62805128	12.32169628	-12.33299446	2.00000000	-0.04710448	0.57920051	0.48741624	7.13164234	0.05791035	0.16504824	-0.15462314	0.23345844	3.42480373	-7.04154253	0.56369537	-4.47592878	2.00000000	-0.07616679	0.33721387	0.11103409	5.44131851	0.06691851	0.05598366	-0.02161960	0.08988695	-0.77674311	0.35662797	-0.91194004	-0.65732157	4.00000000	-0.08463791	0.47047383	0.09903490	5.33833361	0.03641142	0.00031317	-0.00414606	0.03664805	0.55002952	-0.11792281	-0.08259479	0.52720988	3.00000000
8.270000	-0.01205405	0.14667344	0.53773469	9.81093025	-0.04016814	-0.28336507	-1.52080357	1.54749882	5.21719360	1.04546535	13.54706001	-13.78292084	2.00000000	-0.04648069	0.57964504	0.48538169	7.13381624	0.11407162	0.05876720	-0.18392056	0.22426032	3.47847915	-5.36455297	0.14919390	-2.80542803	2.00000000	-0.07543570	0.33794802	0.11056785	5.44245481	0.05498193	0.04610295	-0.02754300	0.07685773	-0.88386512	-0.64724189	-0.21568879	-1.05437517	4.00000000	-0.08415326	0.47039104	0.09890380	5.33884239	0.04230787	-0.00075897	-0.00415084	0.04251778	0.53038985	0.03129659	-0.04410061	0.53053665	3.00000000
8.280000	-0.00737748	0.13672742	0.52489644	9.82783031	0.00064050	-0.23227085	-1.38312280	1.40249026	1.41993296	6.40441084	14.08415890	-14.62487793	3.00000000	-0.04510674	0.57928026	0.48361605	7.13608313	0.13104789	0.04296948	-0.15969028	0.21099979	2.64456439	-2.95514488	0.22502156	-1.03920305	2.00000000	-0.07515819	0.33827758	0.11015042	5.44305468	0.04144553	0.02943724	-0.02497583	0.05663988	-0.74100608	-1.00608957	0.30786946	-1.17236769	4.00000000	-0.08367049	0.47027981	0.09884698	5.33934116	0.04835818	0.00052949	-0.00411806	0.04853609	0.38793513	0.17777497	-0.02829389	0.40888646	3.00000000
8.290000	-0.00873461	0.13671197	0.51120228	9.84159184	0.06672312	-0.19372776	-1.22669685	1.24369109	-1.05449402	7.72257423	15.50913429	-15.99860954	3.00000000	-0.04349712	0.57937372	0.48249891	7.13804483	0.15141898	0.05168765	-0.14590025	0.21653223	1.00566208	-0.34349981	1.20900524	-0.48433837	2.00000000	-0.07498915	0.33825141	0.11003905	5.44325876	0.03276020	0.01482318	-0.01541966	0.03912446	-0.49550653	-0.75245565	0.50776327	-0.90323567	4.00000000	-0.08322417	0.47028133	0.09886149	5.33978748	0.05309520	0.00454187	-0.00423218	0.05345690	0.15560578	0.24605252	-0.03432471	0.18707575	3.00000000
8.300000	-0.00927943	0.13797513	0.49947238	9.85340214	0.02193296	-0.05066531	-1.08069253	1.08210182	-1.95838892	5.59191036	17.17352676	-17.37053490	3.00000000	-0.04168677	0.58008456	0.48121148	7.14037704	0.15995117	0.07318605	-0.13262108	0.22029282	-0.07411011	0.37084198	1.70424497	-1.08885348	2.00000000	-0.07474378	0.33819672	0.10995679	5.44352341	0.03208574	0.00913789	-0.00544929	0.03380371	-0.28727189	-0.40591502	0.51796794	-0.58194780	4.00000000	-0.08271377	0.47040316	0.09888515	5.34031296	0.05382144	0.00891114	-0.00476049	0.05476147	-0.15385504	0.21504815	-0.02984650	-0.12229805	3.00000000
8.310000	-0.00860723	0.13865376	0.48891598	9.86400127	-0.07582245	0.06883504	-0.90848202	0.91423565	-3.39479327	4.04182386	17.73603821	-17.72951508	3.00000000	-0.04009730	0.58151209	0.47981623	7.14292860	0.14939174	0.08630802	-0.12023150	0.21029165	-0.63442850	-0.75363290	1.88030970	-1.76596642	2.00000000	-0.07434316	0.33827418	0.11001137	5.44393492	0.03591701	0.01213973	-0.00083037	0.03792221	-0.24057245	-0.12540974	0.32043123	-0.36606386	4.00000000	-0.08208048	0.47058761	0.09882089	5.34097576	0.05028601	0.01144459	-0.00565226	0.05188072	-0.51867533	0.09285115	0.01163014	-0.50014365	3.00000000
8.320000	-0.00818634	0.13885371	0.48052508	9.87240505	-0.10579491	0.04148868	-0.69742352	0.70662117	-3.34496427	1.60140371	17.76871872	-17.47978973	3.00000000	-0.03853440	0.58270711	0.47837895	7.14536524	0.12975900	0.07610072	-0.10253514	0.18204992	-1.09894955	-2.16667604	2.66975451	-2.12955785	2.00000000	-0.07386603	0.33850136	0.11005756	5.44446516	0.03586598	0.01686464	-0.00091766	0.03964374	-0.41549549	-0.08790314	0.02648949	-0.39764982	4.00000000	-0.08146297	0.47073737	0.09868863	5.34162474	0.04275037	0.01115029	-0.00591427	0.04457468	-0.82188189	-0.06932843	0.08507712	-0.82588065	3.00000000
8.330000	-0.00979869	0.13910238	0.47442171	9.87872314	-0.13086055	0.00151793	-0.50376105	0.52048242	-1.22860932	-1.97307420	17.55429268	-16.73158073	3.00000000	-0.03733769	0.58341187	0.47735497	7.14709091	0.11564130	0.03555268	-0.07429917	0.14197630	-1.12793863	-3.20609379	3.83917403	-1.51479506	2.00000000	-0.07345487	0.33876678	0.11004088	5.44495487	0.02933107	0.01707077	-0.00300743	0.03407004	-0.68588245	-0.33538911	-0.20023604	-0.44033551	4.00000000	-0.08104783	0.47079682	0.09858210	5.34205723	0.03181472	0.00871296	-0.00479724	0.03333325	-0.92811257	-0.19515382	0.16180465	-0.94028568	3.00000000
8.340000	-0.01311399	0.13928773	0.47133601	9.88325596	-0.11948911	-0.03600679	-0.34161556	0.36369675	-0.27106223	-3.20959544	16.51858711	-13.31835079	3.00000000	-0.03646776	0.58350849	0.47682390	7.14811468	0.10636932	-0.02266020	-0.03540267	0.11437336	-0.73502964	-3.77734280	4.69965649	-0.18338747	2.00000000	-0.07315344	0.33900577	0.10999270	5.44534254	0.01751197	0.01098265	-0.00683349	0.02177118	-1.05738878	-0.57191318	-0.27197993	-0.27653548	4.00000000	-0.08088361	0.47086561	0.09857125	5.34223557	0.01882700	0.00503063	-0.00191635	0.01958151	-0.82660866	-0.25316244	0.21206567	-0.83069497	3.00000000
8.350000	-0.01525789	0.13914913	0.46938553	9.88615799	-0.09955730	-0.06004510	-0.19459277	0.22667910	-0.98883957	-2.24233389	15.10686874	-7.25604582	3.00000000	-0.03567917	0.58310330	0.47680044	7.14900160	0.10172659	-0.06432036	0.02902845	0.12380654	-0.20212649	-3.80863142	4.89253473	1.37883198	2.00000000	-0.07309074	0.33906427	0.10987401	5.44548893	0.00400624	0.00017310	-0.01045130	0.01119418	-1.40428996	-0.56213182	-0.24494973	0.04634301	4.00000000	-0.08083324	0.47089952	0.09860566	5.34230518	0.00890270	0.00199676	0.00148136	0.00924335	-0.58867145	-0.25016525	0.22421217	-0.58468574	3.00000000
8.360001	-0.01521398	0.13763370	0.46817452	9.88809872	-0.09126041	-0.08740772	-0.05080973	0.13619912	-1.91324401	-1.56332493	14.15789604	-1.20123422	3.00000000	-0.03446295	0.58179629	0.47699514	7.15079737	0.10124835	-0.08924951	0.09755418	0.16653384	0.32662451	-3.24510789	4.54682016	2.76413107	2.00000000	-0.07314490	0.33901799	0.10976713	5.44561720	-0.00596543	-0.01238907	-0.01360333	0.01934234	-1.31004715	-0.47722411	-0.21380183	0.33645144	4.00000000	-0.08080604	0.47094363	0.09864639	5.34237099	0.00564996	-0.00012120	0.00388436	0.00685748	-0.26655892	-0.19926038	0.19025853	-0.25492427	3.00000000
8.370000	-0.01338701	0.13644417	0.46684951	9.89064980	-0.14091493	-0.09174558	0.09132350	0.19134851	-3.21695304	-1.23392594	13.60911560	4.32659721	3.00000000	-0.03345496	0.58036172	0.47800964	7.15282297	0.10699654	-0.11734267	0.13950938	0.21137746	0.90230787	-2.82067943	3.23169565	3.44592571	2.00000000	-0.07334129	0.33878341	0.10961913	5.44595718	-0.02708994	-0.01251648	-0.01378705	0.03287263	-0.95116252	-0.28747603	-0.14827429	0.52611393	4.00000000	-0.08080745	0.47089189	0.09867948	5.34243250	0.00700255	-0.00160734	0.00513637	0.00883185	0.05024101	-0.10669811	0.11121067	0.06179766	3.00000000
8.380000	-0.01477868	0.13552496	0.46855947	9.89303875	-0.20063862	-0.08968413	0.22392346	0.31375280	-3.86226606	-0.70513701	12.70411873	8.59545040	3.00000000	-0.03217040	0.57955921	0.48067653	7.15588999	0.11854252	-0.14354140	0.16306862	0.24748300	1.49766231	-2.98585320	1.07583380	3.37652826	2.00000000	-0.07355393	0.33849144	0.10944489	5.44635820	-0.04202469	-0.00818595	-0.01431393	0.04514391	-0.75583839	0.10804000	-0.01162849	0.54370373	4.00000000	-0.08071454	0.47085565	0.09872575	5.34254265	0.01001159	-0.00273908	0.00583231	0.01190590	0.22663875	0.00966050	0.01213753	0.21957257	3.00000000
8.390000	-0.01803742	0.13442592	0.47206971	9.89795303	-0.24503410	-0.10541788	0.35161200	0.44134527	-2.11456251	-0.72898948	11.20926189	9.76818275	3.00000000	-0.03141081	0.57842863	0.48289213	7.15849066	0.13675973	-0.16968597	0.16717687	0.27467191	1.94509983	-2.97936964	-0.37415585	2.96352625	2.00000000	-0.07377565	0.33820498	0.10926667	5.44676208	-0.03821334	-0.00967433	-0.01632192	0.04266448	-0.34010661	0.28021711	0.09830616	0.16868001	4.00000000	-0.08057810	0.47080526	0.09879854	5.34270525	0.01380922	-0.00277211	0.00578109	0.01522498	0.23105407	0.13438363	-0.08642381	0.21738851	3.00000000
8.400001	-0.02462484	0.13492891	0.47764602	9.90659809	-0.28375238	-0.11310788	0.46830648	0.55912411	0.97110701	-1.68926466	9.82148552	8.74360943	2.00000000	-0.02993807	0.57646972	0.48436505	7.16134977	0.16155539	-0.20665129	0.13852343	0.29663721	1.95627689	-2.33742976	-0.35794091	2.42851925	2.00000000	-0.07508498	0.33868253	0.10922029	5.44815636	-0.03657701	-0.00550722	-0.01486534	0.03986458	0.30808377	0.08450080	0.15774710	-0.34586748	5.00000000	-0.08040706	0.47080740	0.09888124	5.34289503	0.01683949	-0.00047286	0.00456460	0.01745358	0.13027921	0.24869664	-0.17858885	0.15848754	3.00000000
8.410000	-0.02571766	0.13268475	0.48220080	9.91179180	-0.25949103	-0.11316723	0.54892451	0.61762488	2.80478930	-2.16975069	9.07564545	7.93494320	2.00000000	-0.02824182	0.57406247	0.48539740	7.16447020	0.18849668	-0.24324407	0.10569095	0.32537556	1.50839984	-1.72712791	0.24966349	2.02744198	2.00000000	-0.07510708	0.33852524	0.10897665	5.44844723	-0.03807209	0.00099217	-0.01064955	0.03954594	0.36567885	-0.00605110	0.25573251	-0.40050402	5.00000000	-0.08021881	0.47078118	0.09894102	5.34309435	0.01774157	0.00344316	0.00199315	0.01818217	-0.03240466	0.32232866	-0.25412822	0.08349074	3.00000000
8.420000	-0.02717486	0.13093239	0.48777029	9.91780949	-0.16499029	-0.15100811	0.61405993	0.65352494	4.11239672	-2.34777260	8.89433193	7.69357395	2.00000000	-0.02590157	0.57099491	0.48586854	7.16835737	0.20754927	-0.25308281	0.11485144	0.34686953	0.69849700	-1.60425019	0.99873400	1.96714067	2.00000000	-0.07519937	0.33837497	0.10882404	5.44868040	-0.02669102	-0.00277708	-0.00754334	0.02787516	0.08460750	-0.08742511	0.29439294	-0.12049060	5.00000000	-0.08002596	0.47081208	0.09894412	5.34328985	0.01623587	0.00806227	-0.00149937	0.01818933	-0.24174075	0.30136606	-0.28919375	-0.01043350	3.00000000
8.430000	-0.02843208	0.12977165	0.49396244	9.92423344	-0.09384826	-0.19438167	0.69276363	0.72561228	5.23601389	-2.96756411	9.45992279	8.48604298	2.00000000	-0.02354571	0.56829607	0.48663434	7.17202091	0.20626158	-0.24173258	0.16241868	0.35687295	-0.50294685	-1.65164816	2.23953104	2.06469512	2.00000000	-0.07537368	0.33837035	0.10879262	5.44885778	-0.01933165	-0.00879144	-0.00450108	0.02170856	0.00954096	-0.39722934	0.18314718	0.06155974	5.00000000	-0.07984500	0.47091421	0.09889648	5.34350300	0.01271684	0.01173814	-0.00508521	0.01803777	-0.46520594	0.15689723	-0.26221332	-0.07252163	3.00000000
8.440001	-0.02937119	0.12838416	0.50132620	9.93178558	-0.08046272	-0.21381986	0.80002344	0.83200401	4.88708830	-3.12723160	10.60826588	10.27528286	2.00000000	-0.02131870	0.56574112	0.48809120	7.17571020	0.19364813	-0.25075325	0.19664937	0.37289110	-2.04830432	-1.90424871	3.30852866	2.24538445	2.00000000	-0.07561204	0.33829471	0.10884464	5.44911337	-0.02931325	-0.00981862	-0.00152805	0.03095169	-0.17878453	-0.63038534	0.03101852	0.37558168	5.00000000	-0.07971195	0.47110137	0.09881276	5.34374762	0.00712002	0.01347338	-0.00804719	0.01723322	-0.64783531	-0.07444123	-0.17282625	-0.02187444	3.00000000
8.450000	-0.03005262	0.12577528	0.50998724	9.94085693	-0.04301774	-0.24369171	0.92094362	0.95361066	4.08988333	-2.47480369	11.62703228	11.71344566	2.00000000	-0.01957187	0.56412661	0.49118915	7.17961597	0.16821526	-0.28944314	0.21514072	0.39794376	-3.55971742	-2.70882678	3.24402833	2.68281770	2.00000000	-0.07597668	0.33827659	0.10888506	5.44948053	-0.03523137	-0.01686439	-0.00230155	0.03912741	-0.49328607	-0.68767029	-0.07532185	0.77711797	5.00000000	-0.07968395	0.47130281	0.09871545	5.34397316	-0.00083869	0.01151934	-0.00954332	0.01498245	-0.76412618	-0.30790642	-0.03941792	0.12386360	3.00000000
8.460000	-0.03040087	0.12267581	0.51954657	9.95091248	0.00342284	-0.27270663	1.05082440	1.08563924	4.39713287	-1.78619862	12.12831497	12.25886345	2.00000000	-0.01818792	0.56196046	0.49469197	7.18396091	0.12651709	-0.32951781	0.24972905	0.43238080	-4.70575047	-3.43911552	2.78301120	3.22214437	2.00000000	-0.07636946	0.33810034	0.10885400	5.44991207	-0.03980951	-0.02645751	-0.00559452	0.04812583	-0.49271879	-0.72005880	-0.12633368	0.82608628	5.00000000	-0.07970508	0.47142646	0.09860882	5.34413767	-0.01049085	0.00581021	-0.00912646	0.01507013	-0.84353358	-0.46993336	0.12076106	0.31380448	3.00000000
8.470000	-0.03030906	0.11946549	0.53066528	9.96248531	0.05436965	-0.29292962	1.17145181	1.20874441	4.86433029	-0.91948134	12.02601433	12.10726070	2.00000000	-0.01681003	0.55760896	0.49604949	7.18872309	0.06519028	-0.36448637	0.28624782	0.46801487	-5.39405489	-3.60977483	2.50882030	3.59606981	2.00000000	-0.07684248	0.33774388	0.10874134	5.45051479	-0.04405814	-0.03594309	-0.00889376	0.05755106	-0.29408771	-0.61838537	-0.08747932	0.59176713	5.00000000	-0.07986465	0.47145665	0.09849504	5.34433603	-0.01932556	-0.00180677	-0.00693587	0.02061184	-0.88529170	-0.53300911	0.28024000	0.54425508	3.00000000
8.480000	-0.02944848	0.11688620	0.54329079	9.97539997	0.10908059	-0.29768482	1.29021049	1.32859242	4.53528833	0.32003534	11.36419964	11.33593941	2.00000000	-0.01608278	0.55267632	0.49814811	7.19413280	-0.00178625	-0.40013143	0.30872497	0.50539041	-5.61894703	-2.90946484	2.37742734	3.47429824	2.00000000	-0.07723255	0.33727399	0.10860704	5.45113993	-0.04713839	-0.04351288	-0.00974368	0.06488712	-0.15442005	-0.32824251	0.02596277	0.31278363	5.00000000	-0.08011495	0.47136363	0.09842175	5.34461308	-0.02746079	-0.00810325	-0.00317438	0.02880684	-0.84742695	-0.50315797	0.38051096	0.74070221	3.00000000
8.490000	-0.02793146	0.11414157	0.55697507	9.98943901	0.15871467	-0.28596985	1.40577745	1.44332230	3.98551154	1.64065111	10.40708160	10.24657822	2.00000000	-0.01642037	0.54846656	0.50157458	7.19957113	-0.06138927	-0.42779991	0.33011287	0.54383445	-4.85982466	-2.95357203	0.99587709	3.15246820	2.00000000	-0.07772478	0.33674592	0.10847044	5.45187473	-0.04782124	-0.04497891	-0.00754110	0.06608208	0.02204962	-0.00455941	0.13226971	-0.02512416	5.00000000	-0.08048281	0.47120404	0.09840409	5.34501457	-0.03634524	-0.01212284	0.00204345	0.03836815	-0.72752804	-0.41597462	0.38091660	0.77181441	3.00000000
8.500000	-0.02600874	0.11096954	0.57143795	10.00436974	0.19408628	-0.25822291	1.50897002	1.54315877	3.49278212	2.98580337	9.39215851	9.14151859	2.00000000	-0.01804479	0.54496276	0.50614965	7.20555830	-0.10757188	-0.46268898	0.33232692	0.57973611	-3.24857354	-4.39960861	-1.65961134	3.35510564	2.00000000	-0.07824937	0.33626664	0.10840610	5.45258808	-0.04643605	-0.04083514	-0.00394049	0.06196243	0.25187629	0.28648445	0.17727922	-0.39226454	5.00000000	-0.08083674	0.47103643	0.09845650	5.34540987	-0.04465735	-0.01471490	0.00744673	0.04760526	-0.56064898	-0.32414463	0.28872198	0.64168453	3.00000000
8.510000	-0.02362093	0.10798080	0.58704633	10.02044010	0.21586581	-0.22448345	1.59423041	1.62436497	3.06848788	4.14429951	8.26495266	8.01006699	2.00000000	-0.01978723	0.54120743	0.51053697	7.21159029	-0.14477386	-0.45730221	0.35267869	0.59537137	-2.47490716	-4.15494442	-2.22854018	3.05122781	2.00000000	-0.07877384	0.33585054	0.10840391	5.45325756	-0.04353883	-0.03462210	-0.00142828	0.05564494	0.46311909	0.46694463	0.13948232	-0.66792858	5.00000000	-0.08130518	0.47091585	0.09857183	5.34590721	-0.05012564	-0.01735613	0.01038350	0.05405212	-0.33697841	-0.26733187	0.13282186	0.42114669	3.00000000
8.520000	-0.02143046	0.10581395	0.60354519	10.03722382	0.24084771	-0.17695688	1.66720593	1.69378185	2.80711365	4.89626217	7.12191916	6.95859861	2.00000000	-0.02114231	0.53554791	0.51297152	7.21789837	-0.13795066	-0.54897368	0.26727915	0.62597173	-0.72824210	-6.65814877	-5.54878998	3.70083761	2.00000000	-0.07918615	0.33558184	0.10845862	5.45375252	-0.03743625	-0.02878482	-0.00076729	0.04722952	0.57358617	0.45203355	0.03535072	-0.72482622	5.00000000	-0.08188720	0.47077748	0.09873677	5.34652758	-0.05157819	-0.02011980	0.01016706	0.05628930	-0.04610919	-0.22141296	-0.04499869	0.12898032	3.00000000
8.530000	-0.01911152	0.10484798	0.62103343	10.05489159	0.27311674	-0.11817365	1.73206317	1.75744152	2.82669544	5.25153351	6.13461113	6.13326311	2.00000000	-0.02229744	0.52882183	0.51449007	7.22488976	-0.13112746	-0.64064515	0.18187961	0.67874944	1.01842296	-9.16135311	-8.86903954	4.35044765	2.00000000	-0.07950334	0.33538872	0.10848128	5.45412445	-0.02891558	-0.02385080	-0.00141760	0.03750974	0.55287272	0.26338556	-0.06830236	-0.56451851	5.00000000	-0.08251341	0.47057351	0.09888782	5.34720325	-0.05033724	-0.02263983	0.00757587	0.05571170	0.24204256	-0.12526561	-0.17350923	-0.18446830	3.00000000
8.540000	-0.01665425	0.10394178	0.63845015	10.07250404	0.30420226	-0.05728764	1.79032183	1.81688559	2.87890649	5.42735100	5.39660931	5.57580566	2.00000000													1.00000000	-0.07975991	0.33516681	0.10842577	5.45446825	-0.02130475	-0.02096246	-0.00290697	0.03002944	0.37065119	-0.02796866	-0.10317159	-0.22768889	5.00000000	-0.08303522	0.47025779	0.09892766	5.34781456	-0.04622464	-0.02441704	0.00427260	0.05245154	0.42162693	0.04099508	-0.19148022	-0.42302495	3.00000000
8.550000	-0.01310755	0.10364506	0.65654165	10.09094238	0.33318183	-0.00342118	1.83902276	1.86896408	2.53147626	5.49551105	4.84082985	5.15588903	2.00000000													1.00000000	-0.07992356	0.33495128	0.10835248	5.45474863	-0.01775430	-0.02241060	-0.00503479	0.02903100	0.02552954	-0.36281848	-0.07598434	0.25014383	5.00000000	-0.08339493	0.46997550	0.09891226	5.34827185	-0.03950857	-0.02381826	0.00150657	0.04615741	0.46803224	0.23540382	-0.10441215	-0.53092307	3.00000000
8.560000	-0.00921772	0.10352369	0.67503053	10.10983658	0.35964391	0.04263520	1.88140714	1.91594732	1.89673972	5.55009031	4.32039881	4.72401047	2.00000000													1.00000000	-0.08000621	0.33474484	0.10830162	5.45497656	-0.01952561	-0.02841751	-0.00618597	0.03502956	-0.35797343	-0.64638668	-0.03099131	0.71946609	5.00000000	-0.08373409	0.46972755	0.09886120	5.34869528	-0.03269799	-0.01975472	0.00065540	0.03820781	0.42997080	0.41070831	0.02959568	-0.52347732	3.00000000
8.570000	-0.00544695	0.10444700	0.69444609	10.12963676	0.37945789	0.09688263	1.92249107	1.96197510	1.30651343	5.69528437	3.60302901	4.09541893	2.00000000													1.00000000	-0.08014754	0.33452356	0.10826227	5.45524216	-0.02681147	-0.03842860	-0.00538398	0.04716567	-0.60946625	-0.74708611	0.02153404	0.95877904	5.00000000	-0.08404232	0.46956223	0.09888361	5.34904575	-0.02888932	-0.01317983	0.00236562	0.03184174	0.33592683	0.52688718	0.14675544	-0.43099803	3.00000000
8.580000	-0.00182714	0.10577610	0.71393287	10.14950180	0.38339433	0.15732093	1.96127391	2.00457883	0.79594970	6.00942278	2.57035279	3.17433357	2.00000000													1.00000000	-0.08040254	0.33413288	0.10818879	5.45571423	-0.03752211	-0.04956846	-0.00404101	0.06229985	-0.65224832	-0.60267073	0.07984795	0.87046576	5.00000000	-0.08430845	0.46945998	0.09892157	5.34933329	-0.02764643	-0.00634392	0.00569740	0.02893149	0.23136875	0.54738414	0.20913054	-0.29987404	3.00000000
8.590000	0.00190861	0.10738001	0.73365557	10.16963959	0.38375336	0.22362569	1.99012208	2.03908324	0.27798140	6.38293648	1.24250150	1.99268746	2.00000000													1.00000000	-0.08089914	0.33351991	0.10812707	5.45650530	-0.04650807	-0.05700613	-0.00323939	0.07364234	-0.50569773	-0.25928822	0.10912990	0.51823932	5.00000000	-0.08455224	0.46943480	0.09899832	5.34959030	-0.02681389	-0.00060971	0.00888854	0.02825531	0.18300386	0.45399034	0.19363552	-0.20279896	3.00000000
8.600000	0.00605329	0.10999580	0.75353009	10.19010925	0.38532904	0.28754044	1.99457896	2.05170727	-0.12090777	6.46485329	-0.42654869	0.49548247	2.00000000													1.00000000	-0.08151587	0.33274087	0.10812225	5.45749903	-0.05026403	-0.05726417	-0.00251414	0.07623634	-0.23738791	0.16148555	0.09246523	0.04120894	5.00000000	-0.08480538	0.46948650	0.09910315	5.34986925	-0.02546913	0.00353952	0.01071288	0.02785625	0.19501801	0.40872517	0.20658280	-0.15102300	3.00000000
8.610001	0.00988905	0.11298878	0.77399212	10.21114159	0.38734484	0.35309467	1.97787678	2.04614472	-0.39518175	6.08952236	-2.50189900	-1.43655241	2.00000000													1.00000000	-0.08214109	0.33205649	0.10812207	5.45842600	-0.04923064	-0.05072876	-0.00116533	0.07069951	0.03769522	0.45908698	0.05366435	-0.35501871	5.00000000	-0.08509728	0.46956596	0.09923892	5.35020065	-0.02279356	0.00597288	0.01123641	0.02610514	0.27660763	-0.02319820	-0.10353054	-0.10471131	3.00000000
8.620000	0.01382687	0.11732735	0.79412621	10.23211098	0.38127327	0.42026290	1.94466352	2.02576065	-0.79577637	5.36625195	-4.57069063	-3.46519136	2.00000000													1.00000000	-0.08258562	0.33162132	0.10811709	5.45904827	-0.04576233	-0.04093622	-0.00017130	0.06140028	0.20395464	0.46191314	-0.00066548	-0.47436506	5.00000000	-0.08535286	0.46963754	0.09937488	5.35049868	-0.01951419	0.00618001	0.01078254	0.02313567	0.37065130	-0.95607460	-0.78421229	0.48720217	3.00000000
8.630000	0.01742414	0.12166777	0.81336308	10.25215721	0.37107190	0.47347599	1.89070988	1.98410118	-1.28750002	4.57923603	-6.09173632	-5.01221895	2.00000000													1.00000000	-0.08291624	0.33141378	0.10808959	5.45943975	-0.04218494	-0.03287420	-0.00040643	0.05348315	0.24013388	0.17760445	-0.08697198	-0.28609779	5.00000000	-0.08552597	0.46970958	0.09948080	5.35071421	-0.01653135	0.00951613	0.01329525	0.02325093	0.29105392	-1.41446662	-1.00214362	0.99428135	3.00000000
8.640000	0.02128010	0.12679449	0.83171999	10.27160263	0.35504720	0.51100260	1.81083369	1.91475868	-1.60042536	3.70077729	-7.14483738	-6.11660147	2.00000000													1.00000000	-0.08326820	0.33121639	0.10810386	5.45984364	-0.03966608	-0.03227964	-0.00180838	0.05117268	0.20783207	-0.26073754	-0.18649851	0.08443774	5.00000000	-0.08560397	0.46974778	0.09954654	5.35082293	-0.01029763	-0.02503320	-0.01353870	0.03026547	0.04815456	-1.49730098	-0.83943945	1.06861627	3.00000000
8.650001	0.02473197	0.13240197	0.84958822	10.29064560	0.33342400	0.53516978	1.72458339	1.83623695	-1.77354288	2.88599348	-8.05306625	-7.06115246	2.00000000													1.00000000	-0.08371858	0.33092138	0.10810977	5.46038198	-0.03867615	-0.04026343	-0.00446631	0.05600836	0.17156842	-0.71140170	-0.24240838	0.47972819	5.00000000	-0.08570324	0.46976623	0.09962250	5.35094929	-0.00738936	-0.06184553	-0.03939141	0.07369637	-0.17862949	-1.90068734	-0.92311209	1.42775118	3.00000000
8.660000	0.02822509	0.13768373	0.86662281	10.30881882	0.31285536	0.56223172	1.64586949	1.76716423	-2.00394487	2.52960014	-8.91171169	-7.82919121	2.00000000													1.00000000	-0.08417229	0.33047530	0.10807449	5.46101904	-0.03793152	-0.05248040	-0.00804880	0.06525163	0.13517426	-1.04040277	-0.22477546	0.78899682	5.00000000	-0.08581840	0.46975648	0.09968305	5.35107994	-0.01412729	-0.06490225	-0.03355474	0.07441642	-0.40646055	-1.47188878	-0.43160141	1.27934468	3.00000000
8.670000	0.03091534	0.14353500	0.88246030	10.32591534	0.29771689	0.58270949	1.56496954	1.69626510	-2.16194725	2.67321610	-9.90986729	-8.48733044	2.00000000													1.00000000	-0.08454266	0.32984409	0.10796404	5.46175909	-0.03647568	-0.06548166	-0.01126863	0.07579780	0.07918480	-1.13133276	-0.14265096	0.92245734	5.00000000	-0.08571541	0.46690688	0.09759354	5.35461521	-0.02344058	-0.07453784	-0.02977208	0.08361655	-0.57635409	0.08387910	0.78681982	0.10866609	4.00000000
8.680000	0.03368871	0.14897899	0.89756024	10.34220409	0.27691114	0.60646719	1.46570206	1.61020648	-2.29857564	2.93567967	-11.56684971	-9.56226158	2.00000000													1.00000000	-0.08483143	0.32909325	0.10778284	5.46258354	-0.03437195	-0.07751186	-0.01242074	0.08569594	0.02332156	-0.97485715	-0.02768599	0.83722401	5.00000000	-0.08603534	0.46666962	0.09772409	5.35503435	-0.03032467	-0.08786917	-0.03035720	0.09778617	-0.42124027	0.80627233	1.13023293	-0.68103790	4.00000000
8.690001	0.03636091	0.15563025	0.91205615	10.35837555	0.24964197	0.63833433	1.34177101	1.50669885	-2.79221988	2.99935484	-13.93302250	-11.19082546	2.00000000													1.00000000	-0.08513711	0.32827199	0.10761250	5.46347618	-0.03420903	-0.08796875	-0.01126137	0.09505565	0.00270978	-0.63191789	0.07058020	0.55308443	5.00000000	-0.08655250	0.46626908	0.09797087	5.35573339	-0.03582419	-0.06046767	-0.00432978	0.07041632	-0.02454321	0.90092051	0.79113621	-0.91505110	4.00000000
8.700000	0.03934782	0.16188352	0.92546308	10.37346745	0.22238502	0.67722386	1.19280815	1.38956058	-3.56547928	2.84955335	-16.28045654	-12.62534809	2.00000000													1.00000000	-0.08549137	0.32733166	0.10750539	5.46448660	-0.03617704	-0.09376381	-0.00877480	0.10088324	0.02638707	-0.15625642	0.10574014	0.11817688	5.00000000	-0.08706985	0.46580666	0.09821001	5.35646725	-0.03482575	-0.02773280	0.01901934	0.04841153	0.32546750	1.37512004	0.70855165	-1.48887277	4.00000000
8.710000	0.04120704	0.16896760	0.93692106	10.38706589	0.18907557	0.71101213	1.01092947	1.25030637	-4.09802103	2.17748332	-17.83168221	-13.31383133	2.00000000													1.00000000	-0.08586378	0.32634458	0.10747213	5.46554232	-0.03756216	-0.09336919	-0.00677419	0.10086928	0.10103094	0.39024860	0.07004017	-0.40386268	5.00000000	-0.08745077	0.46545091	0.09838584	5.35701752	-0.02526212	-0.02709627	0.01134351	0.03874349	0.53725076	1.36992419	0.38998884	-1.50849056	4.00000000
8.720000	0.04287250	0.17617716	0.94591373	10.39871120	0.13853668	0.72980970	0.80713725	1.09694350	-4.38047409	0.82168674	-18.20527267	-13.29391193	2.00000000													1.00000000	-0.08630093	0.32525268	0.10746045	5.46671867	-0.03584623	-0.08560220	-0.00644115	0.09302784	0.24548708	0.90684122	0.00022000	-0.92122966	5.00000000	-0.08756484	0.46524939	0.09841564	5.35725117	-0.01516839	-0.01943558	0.00604223	0.02538367	0.56348944	0.70373589	-0.21055114	-0.94354308	4.00000000
8.730000	0.04386138	0.18397868	0.95288193	10.40921783	0.08256301	0.73596549	0.60789037	0.95811927	-4.56575537	-1.03700650	-17.19264984	-12.66991806	2.00000000													1.00000000	-0.08668154	0.32440960	0.10740232	5.46764565	-0.03150515	-0.07192592	-0.00774575	0.07890443	0.42308190	1.27158606	-0.05259600	-1.31134307	5.00000000	-0.08754687	0.46516767	0.09840855	5.35733509	-0.00820079	-0.01217673	0.00153830	0.01476117	0.38269636	0.39272422	-0.34393102	-0.59823245	4.00000000
8.740000	0.04485686	0.19150472	0.95749861	10.41810322	0.03801156	0.71601230	0.43547648	0.83890301	-4.32335472	-3.00547767	-14.84940338	-11.50308132	2.00000000													1.00000000	-0.08699812	0.32373539	0.10729084	5.46839857	-0.02593696	-0.05506798	-0.00946273	0.06160156	0.54733920	1.41521835	-0.05502993	-1.48470724	5.00000000	-0.08755136	0.46509993	0.09840257	5.35740328	-0.00719738	-0.00778288	-0.00039029	0.01060791	0.13859932	0.39187109	-0.15473841	-0.36812496	4.00000000
8.750000	0.04462579	0.19875328	0.96080232	10.42607212	-0.00147205	0.67386723	0.30090013	0.73799735	-3.38268328	-4.75704050	-11.77125072	-10.19593716	2.00000000	-0.02827703	0.33234563	0.56713730	7.42838526	-0.25939462	-0.30722469	0.04161199	0.40423277	5.79499626	9.53337479	-1.32490563	-11.79402351	3.00000000	-0.08717376	0.32340294	0.10715849	5.46879721	-0.01945303	-0.03838539	-0.01031098	0.04425127	0.58330661	1.33024025	-0.00878953	-1.42309797	5.00000000	-0.08763599	0.46502683	0.09839501	5.35751534	-0.01019364	-0.00614896	0.00005669	0.01190475	-0.02847758	0.27384025	-0.05875694	-0.13677163	4.00000000
8.760000	0.04432984	0.20529202	0.96279019	10.43291283	-0.03670454	0.60874891	0.20448713	0.64322424	-2.16772127	-6.00428963	-8.65167809	-9.09552288	2.00000000	-0.03101334	0.32895032	0.56766135	7.43277740	-0.20147943	-0.21063387	0.02873838	0.29289329	4.99415970	8.61780167	-0.91418147	-9.22623825	3.00000000	-0.08730958	0.32313201	0.10703783	5.46912336	-0.01274869	-0.02510597	-0.00974406	0.02979573	0.58247912	1.08410382	0.06049015	-1.19091511	5.00000000	-0.08779287	0.46497145	0.09839283	5.35768175	-0.01266723	-0.00514984	0.00061654	0.01368794	-0.06848202	0.20641254	0.00025756	-0.03000015	4.00000000
8.770000	0.04364401	0.21108226	0.96419507	10.43891048	-0.05783960	0.53499550	0.14057159	0.55617082	-1.01760375	-6.62329912	-6.02953243	-8.25054264	2.00000000	-0.03302859	0.32699859	0.56788319	7.43559170	-0.14356425	-0.11404305	0.01586477	0.18403316	4.19332314	7.70222855	-0.50345731	-6.65845346	3.00000000	-0.08743422	0.32295632	0.10696110	5.46935225	-0.00720508	-0.01596336	-0.00822457	0.01934905	0.58040982	0.78497195	0.12427877	-0.84989893	5.00000000	-0.08800313	0.46490946	0.09840471	5.35790110	-0.01282394	-0.00304307	0.00063392	0.01319528	0.02516105	0.21875152	-0.01044758	-0.04839725	4.00000000
8.780000	0.04303648	0.21610785	0.96530914	10.44409370	-0.05466165	0.46306810	0.09838392	0.47654942	0.13916178	-6.66507292	-4.20837545	-7.52874756	2.00000000	-0.03431863	0.32621303	0.56791639	7.43710232	-0.11950144	-0.06772950	0.01738270	0.13845591	4.07930183	7.83189344	-0.47091973	-4.46905279	3.00000000	-0.08749088	0.32281619	0.10689170	5.46951866	-0.00245037	-0.01112098	-0.00646462	0.01309473	0.56516850	0.53235143	0.17661797	-0.46890846	5.00000000	-0.08812493	0.46488136	0.09843011	5.35802889	-0.01141708	-0.00051061	0.00039699	0.01143539	0.16788399	0.28691688	-0.06138926	-0.06741689	4.00000000
8.790000	0.04224363	0.22010048	0.96604973	10.44823074	-0.04180496	0.39851788	0.07216384	0.40715080	1.10126936	-6.21382093	-3.18324232	-6.73271227	2.00000000	-0.03489550	0.32615715	0.56796211	7.43768358	-0.07361735	0.02528777	0.01304398	0.07892485	3.27683234	6.96884966	-0.29107514	-0.85685486	3.00000000	-0.08747913	0.32275167	0.10684223	5.46960068	0.00313713	-0.00836899	-0.00473522	0.01011453	0.54237008	0.35910591	0.22845820	-0.12878360	5.00000000	-0.08820736	0.46488452	0.09843591	5.35811138	-0.00880864	0.00237698	-0.00025649	0.00912732	0.28045729	0.33957630	-0.10195332	-0.00632210	4.00000000
8.800000	0.04181013	0.22367424	0.96667778	10.45188522	-0.02375118	0.33851302	0.04873921	0.34282750	1.74916673	-5.40263605	-2.57407117	-5.69497728	2.00000000	-0.03536320	0.32686603	0.56814045	7.43855143	-0.04218484	0.09598508	0.01368523	0.10573544	2.97573090	6.79296160	-0.41948664	1.85147285	3.00000000	-0.08742379	0.32272393	0.10678965	5.46968174	0.00932049	-0.00595897	-0.00276112	0.01140196	0.52505487	0.28654143	0.28659806	0.13773906	5.00000000	-0.08823625	0.46494567	0.09842011	5.35818100	-0.00524167	0.00639285	-0.00174207	0.00844857	0.36077327	0.35610300	-0.11900514	0.10523145	4.00000000
8.810000	0.04185617	0.22678286	0.96700674	10.45501137	-0.00358699	0.28568679	0.02339780	0.28666577	2.17771029	-4.36688662	-2.13088417	-4.39748335	2.00000000	-0.03567543	0.32814041	0.56835115	7.43988037	-0.01770016	0.15932520	0.01034290	0.16063869	2.74877286	6.59858847	-0.63349056	4.13861465	3.00000000	-0.08729454	0.32266355	0.10676108	5.46982718	0.01488390	-0.00301624	0.00034918	0.01519046	0.51239711	0.35051584	0.33359039	0.36430791	5.00000000	-0.08831410	0.46500888	0.09840009	5.35828304	-0.00116260	0.01084482	-0.00362831	0.01149462	0.43509042	0.35363397	-0.11788350	0.24565063	4.00000000
8.820000	0.04202889	0.22952832	0.96725911	10.45777416	0.01434873	0.24261846	-0.00384251	0.24307276	2.22540522	-3.40727615	-1.94309640	-3.17673349	2.00000000	-0.03589752	0.33010286	0.56854802	7.44186497	0.00593777	0.22017656	0.00121097	0.22025993	2.41896772	5.80795431	-0.77535534	5.54723501	3.00000000	-0.08712797	0.32257983	0.10676959	5.47001362	0.01946247	-0.00046020	0.00457882	0.01999913	0.50246197	0.51712906	0.34492907	0.57358944	5.00000000	-0.08834709	0.46512535	0.09835976	5.35841084	0.00325305	0.01440222	-0.00497152	0.01557955	0.50144106	0.31594673	-0.09468786	0.38245508	4.00000000
8.830000	0.04231362	0.23163503	0.96710271	10.45990562	0.04399704	0.21864013	-0.01803388	0.22375090	1.99861097	-2.55385160	-1.75012887	-2.08879280	2.00000000	-0.03577922	0.33257896	0.56856596	7.44434404	0.03015837	0.27700165	-0.01139045	0.27887127	2.58658695	4.75731039	-0.96750343	5.01856184	3.00000000	-0.08687371	0.32260236	0.10682401	5.47027445	0.02345499	0.00413929	0.00918700	0.02552785	0.47917572	0.67652965	0.30512705	0.71130133	5.00000000	-0.08829591	0.46531063	0.09829527	5.35861349	0.00842791	0.01728137	-0.00558427	0.02002148	0.53927857	0.23441292	-0.05314333	0.44242316	4.00000000
8.840000	0.04260218	0.23331431	0.96659201	10.46168423	0.07150657	0.20552625	-0.02812743	0.21942055	1.82490849	-1.78724968	-1.29686952	-1.13728321	2.00000000	-0.03522924	0.33566815	0.56826174	7.44749641	0.05129759	0.33220673	-0.02085716	0.33679041	2.80818915	2.94367433	-1.05177104	3.52050185	3.00000000	-0.08662226	0.32266372	0.10696141	5.47056770	0.02848202	0.01296053	0.01239777	0.03365866	0.41216290	0.74833596	0.20717433	0.72052050	5.00000000	-0.08814577	0.46552789	0.09821542	5.35888958	0.01467665	0.01938144	-0.00571553	0.02497422	0.52986419	0.14513852	-0.01776715	0.41888717	4.00000000
8.850000	0.04302737	0.23500356	0.96592188	10.46355057	0.08122579	0.18908405	-0.04527966	0.21071462	1.16446400	-1.49400175	-0.95504749	-0.87994957	2.00000000	-0.03443443	0.33930600	0.56791240	7.45123625	0.08107252	0.36416301	-0.03028661	0.37430567	2.64104652	0.58095455	-0.95015013	1.40893424	3.00000000	-0.08634198	0.32279888	0.10713255	5.47092295	0.03396651	0.02435694	0.01377345	0.04400787	0.27756229	0.69887316	0.06535225	0.58269894	5.00000000	-0.08796035	0.46573082	0.09815452	5.35917091	0.02093905	0.02034232	-0.00548866	0.02970487	0.45064741	0.06154758	-0.00183936	0.33494660	4.00000000
8.860001	0.04500037	0.23748687	0.96602321	10.46672344	0.09053066	0.17753603	-0.05449752	0.20660305	-0.11202969	-1.75145388	-0.79984361	-1.43147480	3.00000000	-0.03361220	0.34332454	0.56747329	7.45536137	0.11846542	0.35550097	-0.04078150	0.37693253	2.10666871	-2.19863176	-0.73273408	-1.17942536	3.00000000	-0.08601844	0.32306379	0.10731632	5.47137976	0.03743774	0.03296410	0.01341303	0.05165390	0.05319183	0.47608441	-0.08169889	0.28113002	5.00000000	-0.08773239	0.46593854	0.09811532	5.35948181	0.02578981	0.02016226	-0.00527371	0.03315785	0.27869159	-0.03826858	0.00677506	0.16652486	4.00000000
8.870000	0.04580217	0.23936337	0.96536297	10.46886826	0.09553311	0.16486333	-0.05687326	0.19884935	-1.02376127	-2.01826334	-0.25899240	-2.07531404	3.00000000	-0.03271492	0.34776059	0.56734359	7.45988894	0.14503130	0.30934662	-0.05005946	0.34530473	1.05166554	-4.79964733	-0.42218947	-3.81219721	3.00000000	-0.08555262	0.32351050	0.10742509	5.47203445	0.03701113	0.03636628	0.01155858	0.05315949	-0.26580557	0.08482337	-0.19556156	-0.19142210	5.00000000	-0.08746199	0.46611568	0.09807849	5.35980701	0.02813252	0.01961837	-0.00537038	0.03471542	0.02493979	-0.15749903	0.01902785	-0.08558429	4.00000000
8.880000	0.04661487	0.24076425	0.96457416	10.47066975	0.07118896	0.13907862	-0.06237576	0.16823038	-1.55623877	-2.24508190	0.49654117	-2.65965843	3.00000000	-0.03076579	0.35070810	0.56673199	7.46347523	0.14880113	0.24003832	-0.05311966	0.28737062	-0.76656389	-6.28548431	0.08085817	-5.97805452	3.00000000	-0.08508483	0.32406685	0.10751743	5.47276735	0.03222873	0.03446961	0.00865310	0.04797626	-0.60015267	-0.32794231	-0.27038497	-0.68817544	5.00000000	-0.08710994	0.46633685	0.09802773	5.36022568	0.02715184	0.01798396	-0.00548717	0.03302657	-0.25965053	-0.28433272	0.04432591	-0.38678172	4.00000000
8.890000	0.04724436	0.24190956	0.96376824	10.47220516	0.03734439	0.10886167	-0.05881190	0.12924513	-2.09594250	-2.59920645	1.02826536	-3.24314523	3.00000000	-0.02856364	0.35249248	0.56604296	7.46639204	0.13465780	0.15290503	-0.05064010	0.20994544	-2.75803685	-6.50756168	0.67356789	-6.75303221	3.00000000	-0.08472890	0.32441485	0.10758486	5.47326946	0.02364752	0.02775391	0.00524366	0.03683722	-0.81993544	-0.58836526	-0.30804226	-0.91913730	5.00000000	-0.08679367	0.46650892	0.09795173	5.36059380	0.02255955	0.01456663	-0.00507875	0.02732972	-0.50250858	-0.40108287	0.09028295	-0.61344218	4.00000000
8.900001	0.04753958	0.24271818	0.96304929	10.47332668	0.01846757	0.08412860	-0.03752708	0.09395187	-2.15629315	-2.78934884	1.45693862	-3.15061808	3.00000000	-0.02694298	0.35302126	0.56521833	7.46828556	0.09199831	0.08031701	-0.03996094	0.12849663	-3.95738363	-6.01329184	1.06291127	-5.47868824	3.00000000	-0.08460411	0.32459846	0.10764772	5.47350025	0.01207739	0.01774554	0.00199700	0.02155819	-0.85460263	-0.66074932	-0.30895320	-0.84782463	5.00000000	-0.08655303	0.46669316	0.09788144	5.36090469	0.01509239	0.00930180	-0.00401766	0.01817816	-0.63426280	-0.47586194	0.13513346	-0.59021604	4.00000000
8.910000	0.04745991	0.24360970	0.96280092	10.47425556	-0.00084722	0.05671556	-0.01528362	0.05874488	-1.65169477	-2.71455765	1.67996764	-2.24855566	3.00000000	-0.02654499	0.35336491	0.56495243	7.46887493	0.02882552	0.03021856	-0.02193948	0.04717428	-4.06844807	-5.17301989	1.09847975	-3.31366372	3.00000000	-0.08459515	0.32463399	0.10765815	5.47353840	0.00108201	0.00901346	-0.00123003	0.00916113	-0.73278636	-0.58898032	-0.27385116	-0.64951867	5.00000000	-0.08648206	0.46674633	0.09784760	5.36099958	0.00635572	0.00297179	-0.00203314	0.00730482	-0.62084585	-0.46601844	0.14718664	-0.43629593	4.00000000
8.920000	0.04724889	0.24418283	0.96294838	10.47488403	-0.01551413	0.02814593	0.00465165	0.03247337	-1.21812320	-2.50405717	1.41801429	-1.24141812	3.00000000	-0.02675053	0.35320345	0.56492853	7.46913719	-0.02938936	-0.00396023	-0.00461737	0.03001229	-3.34849763	-4.09672213	0.88425702	-1.31441152	3.00000000	-0.08465502	0.32466713	0.10760879	5.47362280	-0.00577668	0.00440404	-0.00399289	0.00828908	-0.51037693	-0.42403236	-0.21017414	-0.38014254	5.00000000	-0.08650182	0.46673620	0.09784921	5.36102200	-0.00092530	-0.00258411	0.00037824	0.00277072	-0.48618472	-0.36603749	0.12527384	-0.30069745	4.00000000
8.930000	0.04703974	0.24432920	0.96327358	10.47529793	-0.02546313	0.00079311	0.01808405	0.03124153	-0.98114908	-2.09582019	0.90147388	-0.38854706	3.00000000	-0.02783076	0.35363224	0.56525707	7.47034502	-0.05572674	-0.04170313	0.00240256	0.06964476	-1.98376000	-3.18011022	0.47804579	0.62172228	3.00000000	-0.08476526	0.32470208	0.10753477	5.47376013	-0.00792562	0.00271002	-0.00610681	0.01036594	-0.24934144	-0.24730463	-0.13163839	-0.10579274	5.00000000	-0.08657966	0.46663132	0.09786884	5.36115408	-0.00493980	-0.00607644	0.00179640	0.00803441	-0.28343102	-0.20641999	0.08214678	-0.13745438	4.00000000
8.940001	0.04680538	0.24400119	0.96350306	10.47576141	-0.03139693	-0.02172912	0.02170404	0.04392024	-0.78841114	-1.49596643	0.46881539	0.36896542	3.00000000	-0.02853389	0.35282984	0.56530982	7.47141314	-0.05391165	-0.07917558	-0.00047882	0.09578866	-0.43743157	-2.56587315	0.00902348	1.81818533	3.00000000	-0.08487847	0.32474044	0.10745195	5.47390556	-0.00783025	0.00210131	-0.00692103	0.01065969	-0.03846262	-0.13657038	-0.05401049	-0.00249699	5.00000000	-0.08666625	0.46652338	0.09791252	5.36129904	-0.00549493	-0.00656595	0.00182589	0.00875441	-0.07407882	-0.04133418	0.01959140	-0.02376218	4.00000000
8.950000	0.04650250	0.24346510	0.96367544	10.47640038	-0.03722223	-0.03255370	0.01979768	0.05326524	-0.69676703	-0.93575525	0.16264030	0.78987586	3.00000000	-0.02944920	0.35227725	0.56534070	7.47248268	-0.04419327	-0.09931847	-0.00470628	0.10880879	0.53392184	-1.83104908	-0.21131586	1.40351903	3.00000000	-0.08496073	0.32475957	0.10739287	5.47400856	-0.00688775	0.00121072	-0.00661301	0.00962491	0.06623045	-0.09907492	0.01166180	-0.05622550	5.00000000	-0.08672275	0.46645314	0.09794414	5.36139441	-0.00436505	-0.00523552	0.00123916	0.00692819	0.07414164	0.07848359	-0.03755041	-0.07717779	4.00000000
8.960000	0.04601115	0.24302739	0.96383679	10.47707748	-0.04433902	-0.03347620	0.01833290	0.05850385	-0.65442979	-0.61455673	-0.01672748	0.81392014	3.00000000	-0.02918177	0.34997046	0.56492311	7.47484207	-0.03087527	-0.11201923	-0.01010448	0.11663485	0.69246411	-0.84557229	-0.12505221	0.43808922	3.00000000	-0.08499205	0.32476276	0.10732222	5.47408581	-0.00563785	-0.00011946	-0.00578854	0.00808127	0.08726799	-0.10260855	0.05835118	-0.09459144	5.00000000	-0.08675312	0.46642423	0.09794411	5.36143637	-0.00242523	-0.00303462	0.00064919	0.00393854	0.12899747	0.12463745	-0.05496158	-0.15713979	4.00000000
8.970000	0.04556478	0.24276789	0.96399552	10.47761726	-0.05235454	-0.03188948	0.01984040	0.06443275	-0.58519381	-0.66360968	-0.13253431	0.81492096	3.00000000	-0.02934528	0.34891829	0.56487310	7.47590828	-0.02181046	-0.11692618	-0.01197855	0.11954461	0.47630185	-0.13008906	0.00913852	-0.05190422	3.00000000	-0.08502497	0.32474658	0.10727026	5.47414923	-0.00448910	-0.00123481	-0.00502486	0.00685025	0.07570411	-0.10602259	0.07722110	-0.08679790	5.00000000	-0.08675082	0.46643209	0.09792481	5.36145735	-0.00048087	-0.00140568	-0.00024041	0.00150498	0.11521463	0.10909761	-0.04026790	-0.14265580	4.00000000
8.980000	0.04498498	0.24263933	0.96420538	10.47824669	-0.05905227	-0.03653491	0.02110700	0.07257738	-0.42876476	-1.06689191	-0.28756008	1.02149892	3.00000000	-0.02959817	0.34812531	0.56482941	7.47674179	-0.02192942	-0.10896995	-0.00694940	0.11137164	0.14005402	0.33648548	0.10747544	-0.36776772	3.00000000	-0.08507845	0.32473820	0.10722070	5.47422266	-0.00390888	-0.00221531	-0.00422386	0.00616668	0.05414296	-0.08242700	0.07258501	-0.06398346	5.00000000	-0.08675335	0.46642572	0.09791539	5.36146879	0.00060933	-0.00053445	-0.00076946	0.00111758	0.07275202	0.07048746	-0.02188639	-0.09717584	4.00000000
8.990000	0.04441555	0.24238212	0.96444100	10.47891426	-0.06285185	-0.05162818	0.01798520	0.08330241	-0.20980282	-1.57788253	-0.51746178	1.29537761	3.00000000	-0.02991618	0.34727249	0.56478125	7.47765303	-0.02493043	-0.09993786	-0.00251631	0.10303123	-0.16990209	0.81013733	0.23954856	-0.73145658	3.00000000	-0.08513062	0.32469448	0.10718752	5.47429848	-0.00371846	-0.00327006	-0.00340274	0.00600824	0.02940404	-0.04634962	0.05628771	-0.04141932	5.00000000	-0.08673487	0.46641856	0.09792764	5.36149216	0.00075592	-0.00060673	-0.00061772	0.00114939	0.02233911	0.03720488	-0.00165351	-0.04130808	4.00000000
9.000000	0.04367776	0.24180251	0.96471488	10.47989178	-0.06303228	-0.07437368	0.00977417	0.09797983	0.00470445	-1.90294659	-0.74464160	1.44835234	3.00000000	-0.03037717	0.34632403	0.56476432	7.47870779	-0.02780082	-0.09521246	-0.00203997	0.09920917	-0.25308868	1.03530455	0.26009893	-0.91354156	3.00000000	-0.08516557	0.32468402	0.10715530	5.47434711	-0.00363650	-0.00366221	-0.00278310	0.00586358	0.00742213	-0.01374260	0.03363957	-0.02151578	5.00000000	-0.08671466	0.46640539	0.09791030	5.36152172	0.00039190	-0.00068794	-0.00023146	0.00082488	-0.01600488	0.02102512	0.02475611	-0.00483793	4.00000000
9.010000	0.04297651	0.24087927	0.96484250	10.48105812	-0.06048844	-0.10001572	-0.00136594	0.11689252	0.10348900	-1.88581681	-0.79513335	1.43648434	3.00000000	-0.03049988	0.34505808	0.56480247	7.47998047	-0.03283801	-0.08329277	-0.00183384	0.08955101	-0.26327530	1.03503823	0.15325265	-0.86589807	3.00000000	-0.08518425	0.32461733	0.10713731	5.47441864	-0.00353580	-0.00329067	-0.00256679	0.00546981	-0.00912830	0.02141047	0.00528381	-0.00528785	5.00000000	-0.08671466	0.46640483	0.09791069	5.36152220	-0.00004855	-0.00048752	-0.00002378	0.00049050	-0.03154223	0.01411885	0.04010989	0.00676836	4.00000000
9.020000	0.04237048	0.23963264	0.96471083	10.48245049	-0.05735708	-0.12037170	-0.01196116	0.13387401	0.00773293	-1.57874155	-0.62326008	1.30823088	3.00000000	-0.03052797	0.34379834	0.56469178	7.48124552	-0.03381615	-0.06822819	0.00213236	0.07617851	-0.41066700	1.18543911	0.14855132	-0.81312495	3.00000000	-0.08520675	0.32457477	0.10711154	5.47447348	-0.00361353	-0.00271623	-0.00273250	0.00528224	-0.02052793	0.04549696	-0.01754323	0.00588568	5.00000000	-0.08672212	0.46638939	0.09790046	5.36154222	-0.00044759	0.00000546	0.00032987	0.00055605	-0.02912877	0.00617032	0.03863643	0.01497875	4.00000000
9.030000	0.04191836	0.23829535	0.96442229	10.48389149	-0.05542409	-0.13313764	-0.01889517	0.14544582	-0.26733056	-1.07290828	-0.32556137	1.06131959	3.00000000	-0.03121758	0.34381491	0.56480223	7.48194408	-0.03415964	-0.05718718	0.00332594	0.06669570	-0.63524872	1.48508918	0.29883280	-0.58856916	3.00000000	-0.08526071	0.32455516	0.10709485	5.47453308	-0.00395918	-0.00210106	-0.00322759	0.00552330	-0.02634691	0.04636662	-0.02821682	0.01555439	5.00000000	-0.08674477	0.46640345	0.09791513	5.36157274	-0.00068142	0.00030274	0.00097441	0.00122697	-0.01696249	-0.00424476	0.02907103	0.02154011	4.00000000
9.040000	0.04144290	0.23680012	0.96409619	10.48549366	-0.05914544	-0.13891570	-0.01815706	0.15207049	-0.63762730	-0.43038705	0.00455562	0.69878745	3.00000000	-0.03153227	0.34329879	0.56466764	7.48256350	-0.04076583	-0.04648144	0.00385741	0.06194559	-0.88632900	1.66041613	0.38260713	-0.04949923	3.00000000	-0.08530474	0.32455266	0.10705051	5.47459555	-0.00449686	-0.00142356	-0.00378787	0.00604948	-0.03507494	0.03188600	-0.02795189	0.02908824	5.00000000	-0.08674773	0.46639562	0.09792761	5.36158800	-0.00082012	-0.00003055	0.00140065	0.00162337	-0.00378106	-0.01377115	0.01343505	0.01697614	4.00000000
9.050000	0.04089023	0.23546541	0.96392417	10.48694801	-0.06878100	-0.14163293	-0.01435528	0.15810372	-1.02576303	0.17274550	0.24131766	0.39644226	3.00000000	-0.03214009	0.34343046	0.56506103	7.48329926	-0.05428934	-0.02825881	0.00844101	0.06178303	-1.20025766	1.60376430	0.31464958	0.52419704	3.00000000	-0.08535684	0.32455531	0.10701403	5.47465897	-0.00483592	-0.00130186	-0.00396781	0.00638941	-0.05242829	0.01429807	-0.01816555	0.04580394	5.00000000	-0.08674419	0.46642554	0.09794686	5.36162376	-0.00078361	-0.00067676	0.00146795	0.00179637	0.00630526	-0.02460264	-0.01043950	0.00371591	4.00000000
9.060000	0.04013619	0.23401289	0.96385425	10.48858643	-0.08305258	-0.13799530	-0.00930975	0.16132918	-1.35794663	0.58283168	0.29593700	0.30340388	3.00000000	-0.03224382	0.34223610	0.56483322	7.48451948	-0.07047513	-0.00346849	0.01674294	0.07251966	-1.56088114	1.51127195	0.29755551	1.09045959	3.00000000	-0.08539148	0.32453614	0.10695497	5.47473001	-0.00501350	-0.00125517	-0.00402598	0.00655127	-0.07356291	0.00842867	-0.00554209	0.06199915	5.00000000	-0.08675139	0.46640608	0.09796855	5.36165380	-0.00054147	-0.00091543	0.00107493	0.00151218	0.01502523	-0.02448219	-0.03628381	-0.00596191	4.00000000
9.070000	0.03920247	0.23267229	0.96393842	10.49022198	-0.09885529	-0.12601142	-0.00499487	0.16023794	-1.53181493	0.85717177	0.26969856	0.30564466	3.00000000	-0.03296418	0.34207699	0.56510240	7.48530483	-0.08571095	0.01470720	0.01986325	0.08920324	-1.72652793	1.22400618	0.29497847	1.51006138	3.00000000	-0.08544686	0.32450640	0.10692003	5.47480202	-0.00576681	-0.00161181	-0.00392459	0.00715936	-0.10106695	0.01511143	-0.01013155	0.08938386	5.00000000	-0.08676460	0.46638077	0.09797689	5.36168337	-0.00037309	-0.00094101	0.00045579	0.00111015	0.01689140	-0.01787725	-0.05187011	-0.00402367	4.00000000
9.080000	0.03813484	0.23119485	0.96378005	10.49205208	-0.11553553	-0.11298160	-0.00434170	0.16165441	-1.53088903	1.08543539	0.30819327	0.29354206	3.00000000	-0.03425620	0.34279355	0.56528038	7.48679304	-0.10259710	0.01892696	0.01743436	0.10577500	-1.51016891	0.31846961	0.08388187	1.44245124	3.00000000	-0.08550291	0.32449076	0.10689201	5.47486639	-0.00713163	-0.00161355	-0.00383078	0.00825461	-0.16613929	0.02000729	-0.03886129	0.16061871	5.00000000	-0.08677781	0.46634930	0.09797855	5.36171770	-0.00016615	-0.00106643	-0.00021365	0.00110023	-0.00938194	-0.03215754	-0.04499944	0.02331712	4.00000000
9.090000	0.03689105	0.23022121	0.96379483	10.49363136	-0.13239095	-0.10296901	-0.00436554	0.16777675	-1.43410921	1.16752744	0.37259442	0.36089531	3.00000000	-0.03553845	0.34387708	0.56579542	7.48854923	-0.12529986	0.02478237	0.01936604	0.12918693	-0.99976736	-1.15586400	-0.31953394	1.17010915	3.00000000	-0.08557209	0.32448679	0.10685300	5.47494602	-0.00884235	-0.00089432	-0.00399631	0.00974461	-0.27807370	0.01085467	-0.08030182	0.28078496	5.00000000	-0.08676940	0.46636119	0.09796787	5.36173582	0.00001807	-0.00105053	-0.00086936	0.00136372	-0.08651914	-0.08293324	-0.01010775	0.11390199	4.00000000
9.100000	0.03554203	0.22946689	0.96367782	10.49518108	-0.14601336	-0.09297293	-0.00046889	0.17310138	-1.26433110	1.16872859	0.44490233	0.42647371	3.00000000	-0.03673229	0.34413198	0.56584704	7.48977089	-0.13666646	0.01368821	0.01949618	0.13872704	-0.38558871	-2.45497155	-0.55769664	1.13424265	3.00000000	-0.08567575	0.32446501	0.10681862	5.47505760	-0.01117053	-0.00034620	-0.00513177	0.01229779	-0.39610639	-0.01036873	-0.12191135	0.40907398	5.00000000	-0.08675963	0.46636498	0.09795119	5.36175537	-0.00039904	-0.00176504	-0.00109412	0.00211464	-0.20408796	-0.15439008	0.03948000	0.25468099	4.00000000
9.110001	0.03393254	0.22867838	0.96365911	10.49697304	-0.15719710	-0.08020748	0.00806302	0.17666121	-0.94635981	1.31908596	0.56021744	0.27321354	3.00000000	-0.03796729	0.34339100	0.56583226	7.49121141	-0.13449918	-0.02151057	0.01159410	0.13670097	0.18497078	-3.03269148	-0.49104372	0.95256835	3.00000000	-0.08579288	0.32447451	0.10676219	5.47518778	-0.01596157	-0.00041525	-0.00695065	0.01741423	-0.47981274	-0.04917054	-0.14529583	0.50185454	5.00000000	-0.08675420	0.46636021	0.09794383	5.36176586	-0.00263223	-0.00357777	-0.00043946	0.00446343	-0.31775343	-0.21859214	0.08592516	0.38127741	4.00000000
9.120000	0.03221271	0.22770971	0.96375316	10.49894905	-0.16671446	-0.06808464	0.01511176	0.18071412	-0.51819408	1.56779039	0.66517377	-0.02352657	3.00000000	-0.03960952	0.34313729	0.56600779	7.49288225	-0.11988360	-0.08030385	-0.00463029	0.14436837	0.55343401	-2.96864772	-0.27455470	0.55910522	3.00000000	-0.08594275	0.32447633	0.10669905	5.47535038	-0.02271651	-0.00157629	-0.00901980	0.02449247	-0.50005656	-0.10194217	-0.13168624	0.52342868	5.00000000	-0.08677131	0.46631020	0.09792190	5.36182308	-0.00752540	-0.00688086	0.00119023	0.01026618	-0.37891245	-0.24298289	0.11536458	0.44200748	4.00000000
9.130000	0.03056385	0.22689524	0.96398151	10.50080204	-0.17186333	-0.05215592	0.02057105	0.18077725	-0.05728366	1.63994312	0.64565986	-0.32229185	3.00000000	-0.04106584	0.34272927	0.56620771	7.49440765	-0.10773629	-0.12087350	-0.00939717	0.16219068	0.51472712	-2.22761559	0.08695576	0.40934792	3.00000000	-0.08616005	0.32447618	0.10658904	5.47559404	-0.02923719	-0.00295391	-0.01062478	0.03124780	-0.40206960	-0.14078408	-0.07529430	0.41941994	5.00000000	-0.08683994	0.46622571	0.09793782	5.36193323	-0.01334070	-0.01043354	0.00295341	0.01719173	-0.34657881	-0.20413016	0.10937867	0.39965332	4.00000000
9.140000	0.02877753	0.22650352	0.96438599	10.50267506	-0.16895637	-0.03072681	0.02645602	0.17375360	0.43367878	1.50679827	0.52079719	-0.66475159	3.00000000	-0.04199984	0.34148005	0.56592882	7.49599218	-0.10510546	-0.12787306	-0.00014255	0.16552553	-0.14032584	-0.39850950	0.80820739	0.43556228	3.00000000	-0.08653969	0.32444429	0.10645734	5.47599697	-0.03361721	-0.00464693	-0.01114924	0.03572137	-0.15070190	-0.12250119	0.00813262	0.15668537	5.00000000	-0.08700906	0.46610591	0.09797887	5.36214447	-0.01772642	-0.01290291	0.00426751	0.02233658	-0.18890081	-0.09713193	0.05973087	0.21345454	4.00000000
9.150001	0.02705830	0.22643317	0.96457666	10.50440598	-0.16059099	-0.01087611	0.03343423	0.16439466	0.89698130	1.31780756	0.38052097	-1.01571572	3.00000000	-0.04228466	0.33874843	0.56540716	7.49878788	-0.10808963	-0.11887724	0.01423508	0.16130035	-0.75768590	1.24201059	1.22971237	0.19404031	3.00000000	-0.08697614	0.32434455	0.10631978	5.47646523	-0.03449606	-0.00653019	-0.01048756	0.03664165	0.18544966	-0.05253445	0.09033133	-0.19432884	5.00000000	-0.08728605	0.46592861	0.09806181	5.36248350	-0.01902797	-0.01320640	0.00474378	0.02364268	0.06474616	0.05980827	-0.01407932	-0.09899162	4.00000000
9.160000	0.02535143	0.22656879	0.96482086	10.50613594	-0.14795458	-0.00133415	0.03711879	0.15254554	1.23360884	1.05061400	0.17249753	-1.26322365	3.00000000	-0.04332384	0.33717415	0.56553859	7.50067902	-0.12002143	-0.09706765	0.02977053	0.15720546	-0.52116871	1.18295944	0.66240734	-0.25990096	3.00000000	-0.08738177	0.32429478	0.10621536	5.47688723	-0.03052478	-0.00746573	-0.00870594	0.03260817	0.49415690	0.02832584	0.14379054	-0.51604939	5.00000000	-0.08753958	0.46577033	0.09812161	5.36278820	-0.01672413	-0.01147712	0.00399811	0.02067379	0.31901342	0.21799734	-0.07908189	-0.34576344	4.00000000
9.170000	0.02399031	0.22671784	0.96524519	10.50756931	-0.13312419	0.00249843	0.03760656	0.13835658	1.43320262	0.73813725	-0.13695070	-1.42637181	3.00000000	-0.04486876	0.33685657	0.56638104	7.50246716	-0.14753239	-0.04793679	0.05311221	0.16396539	0.05414008	0.80278939	-0.10356293	-0.63075233	3.00000000	-0.08765789	0.32419035	0.10615002	5.47718954	-0.02192110	-0.00599449	-0.00646785	0.02362840	0.70255738	0.11369876	0.16317174	-0.66938555	5.00000000	-0.08771002	0.46564317	0.09815720	5.36300373	-0.01087946	-0.00793536	0.00235445	0.01367026	0.48399818	0.32299593	-0.12154857	-0.36676481	4.00000000
9.180000	0.02279677	0.22665596	0.96578640	10.50888157	-0.11766341	0.00786309	0.03504356	0.12302259	1.58407056	0.60832393	-0.43619174	-1.55868530	3.00000000	-0.04676074	0.33735454	0.56728989	7.50462437	-0.14431535	-0.05153268	0.04237195	0.15899031	0.76290345	0.67599601	-0.64731890	-1.02084959	3.00000000	-0.08781781	0.32412502	0.10610661	5.47736788	-0.01186517	-0.00354995	-0.00457199	0.01320180	0.77319378	0.18060787	0.15410221	-0.59834868	5.00000000	-0.08774608	0.46560532	0.09815814	5.36305618	-0.00349308	-0.00339001	0.00048944	0.00489217	0.52604610	0.34806255	-0.13433737	-0.26896808	4.00000000
9.190001	0.02178697	0.22652119	0.96624023	10.50999641	-0.10185693	0.01392985	0.02785871	0.10651283	1.73382854	0.70582360	-0.58900964	-1.60453892	3.00000000	-0.04846851	0.33743426	0.56786764	7.50642920	-0.11456642	-0.08556718	0.01043479	0.14337397	1.99751484	-0.19102655	-1.38123405	-1.37437975	3.00000000	-0.08786380	0.32408300	0.10607648	5.47743702	-0.00315178	-0.00117545	-0.00335959	0.00475418	0.69165236	0.18236163	0.12788816	-0.40933391	5.00000000	-0.08772078	0.46560746	0.09814429	5.36308527	0.00297266	0.00103464	-0.00082074	0.00325281	0.45782140	0.30568364	-0.11027417	-0.14461896	4.00000000
9.200000	0.02075007	0.22667494	0.96642983	10.51106167	-0.08525129	0.02090223	0.01856734	0.08971862	1.89360738	0.74695516	-0.56455612	-1.56234288	3.00000000	-0.05015747	0.33732623	0.56832141	7.50818157	-0.09002018	-0.07949322	-0.00452648	0.12018026	2.79060745	-0.15022813	-1.51280642	-2.28649950	3.00000000	-0.08781949	0.32412288	0.10604929	5.47750235	0.00307653	0.00102048	-0.00241678	0.00404317	0.50469810	0.11897252	0.10208753	-0.19905174	5.00000000	-0.08763789	0.46564940	0.09812821	5.36317968	0.00674495	0.00391727	-0.00183682	0.00801331	0.31135362	0.21496664	-0.06373475	0.02103064	4.00000000
9.210000	0.01990153	0.22712550	0.96640414	10.51202297	-0.06500172	0.03080952	0.01056741	0.07270571	2.04305029	0.60058618	-0.41324323	-1.44147098	3.00000000	-0.04949969	0.33303529	0.56656235	7.51286554	-0.05566738	-0.07625271	-0.01715024	0.09595554	2.41933727	1.78095806	-0.53748322	-2.45012832	2.00000000	-0.08774344	0.32416207	0.10601890	5.47759295	0.00683491	0.00206605	-0.00163882	0.00732600	0.29991794	0.04507435	0.08927751	-0.00688514	5.00000000	-0.08755048	0.46570805	0.09811137	5.36328650	0.00833335	0.00511035	-0.00229074	0.01004031	0.14584199	0.10538931	-0.02379239	0.11279827	4.00000000
9.220000	0.01927204	0.22757162	0.96641600	10.51279449	-0.04261769	0.04030143	0.00799100	0.05919737	2.12079906	0.40624639	-0.26006579	-1.15475237	3.00000000	-0.05015141	0.33289301	0.56658304	7.51353312	-0.01884869	-0.07444744	-0.02885014	0.08203673	2.01038814	2.72675467	0.13630676	-1.67546225	2.00000000	-0.08764984	0.32420135	0.10600558	5.47769547	0.00822321	0.00174642	-0.00075350	0.00844031	0.13427675	-0.00744521	0.08232632	0.07559091	5.00000000	-0.08744160	0.46578607	0.09809110	5.36342192	0.00860660	0.00526756	-0.00204102	0.01029498	0.02675120	0.01597033	0.00045633	0.04582978	4.00000000
9.230000	0.01904203	0.22792965	0.96649462	10.51322746	-0.01908490	0.04221735	0.01014769	0.04742903	2.03327584	0.22164518	-0.18025261	-0.71811682	3.00000000	-0.05035764	0.33339968	0.56669521	7.51409149	-0.00962947	-0.01617074	-0.01230786	0.02248784	1.69982266	2.42805099	0.27242142	-1.24471283	2.00000000	-0.08755865	0.32419863	0.10600681	5.47778654	0.00809878	0.00039116	0.00009462	0.00810877	0.02309050	-0.03440927	0.06929515	0.02272795	5.00000000	-0.08737514	0.46582794	0.09804961	5.36351061	0.00784596	0.00460893	-0.00155568	0.00923155	-0.02828363	-0.02425745	0.01889663	-0.03951571	4.00000000
9.240000	0.01907660	0.22831471	0.96666765	10.51365089	0.00262077	0.03871396	0.01156380	0.04048902	1.78137505	0.00755070	-0.18028581	-0.29928717	3.00000000	-0.05043752	0.33383989	0.56681240	7.51455402	-0.00969771	0.04571378	0.00854433	0.04750580	1.02815306	2.41672873	0.53126276	-0.95953721	2.00000000	-0.08747727	0.32419485	0.10601337	5.47786808	0.00742748	-0.00031665	0.00098745	0.00749952	-0.03342186	-0.03134293	0.05333146	-0.03634989	5.00000000	-0.08728125	0.46587798	0.09803413	5.36361790	0.00687869	0.00388026	-0.00137519	0.00801648	-0.04999650	-0.02840081	0.02410811	-0.06087400	4.00000000
9.250000	0.01921366	0.22880518	0.96686876	10.51419830	0.01980535	0.03671596	0.00779331	0.04243877	1.42872024	-0.15395513	-0.27269045	0.01664773	3.00000000	-0.05043566	0.33419570	0.56686062	7.51491308	0.00657598	0.04494289	0.00393391	0.04559148	0.60590917	1.72256279	0.48941037	-0.16881193	2.00000000	-0.08740857	0.32417101	0.10603665	5.47794437	0.00678400	-0.00016565	0.00139792	0.00692851	-0.04709868	0.00601303	0.03834504	-0.04135554	5.00000000	-0.08723300	0.46589285	0.09803806	5.36366844	0.00646915	0.00339275	-0.00136290	0.00743089	-0.05395577	-0.02143659	0.01363240	-0.05847028	4.00000000
9.260000	0.01949947	0.22913742	0.96697009	10.51464844	0.03068082	0.03689217	0.00202010	0.04802526	1.00358176	-0.18932548	-0.37403485	0.20851173	3.00000000	-0.05032403	0.33458441	0.56685364	7.51531744	0.01366784	0.04235208	0.00173499	0.04453671	0.59545827	0.14732926	0.04790474	0.06425033	2.00000000	-0.08735448	0.32416078	0.10604063	5.47799969	0.00631207	0.00030076	0.00143095	0.00647922	-0.04625987	0.04697425	0.02110490	-0.03334831	5.00000000	-0.08717449	0.46592361	0.09804234	5.36373472	0.00635522	0.00377695	-0.00108313	0.00747177	-0.05036903	-0.01542602	0.00672374	-0.05126654	4.00000000
9.270000	0.01986397	0.22944334	0.96693605	10.51512527	0.03811329	0.03580488	-0.00281185	0.05236907	0.57207644	-0.22970608	-0.33654520	0.16159293	3.00000000	-0.05012247	0.33512071	0.56683487	7.51589060	0.01790859	0.03872737	0.00100682	0.04267951	0.39895570	-0.68975735	-0.09916971	-0.48995787	2.00000000	-0.08729667	0.32418317	0.10607581	5.47807074	0.00608203	0.00087321	0.00151359	0.00632808	-0.04741643	0.05279770	0.00494170	-0.03493524	5.00000000	-0.08712271	0.46596286	0.09802039	5.36380339	0.00589328	0.00397091	-0.00105382	0.00718397	-0.05714139	-0.01533163	0.01854998	-0.05868847	4.00000000
9.280000	0.02033493	0.22975630	0.96672112	10.51572990	0.04192811	0.03297602	-0.00635783	0.05371970	0.23061645	-0.45669132	-0.20132378	-0.09758487	3.00000000	-0.04982866	0.33553970	0.56683075	7.51640224	0.01953005	0.03181298	0.00166943	0.03736677	0.07675481	-0.74885070	0.01689048	-0.57050246	2.00000000	-0.08723099	0.32420594	0.10607082	5.47814035	0.00579630	0.00191356	0.00163900	0.00632022	-0.05314465	0.03755423	0.00482073	-0.04089299	5.00000000	-0.08704308	0.46600172	0.09798674	5.36389828	0.00527954	0.00376354	-0.00113075	0.00658152	-0.07644544	-0.03024272	0.03550294	-0.08198002	4.00000000
9.290000	0.02078920	0.23016138	0.96665370	10.51634216	0.04191391	0.02883933	-0.00743320	0.05141727	0.00912609	-0.83476961	-0.12978740	-0.27733707	3.00000000	-0.04965335	0.33589980	0.56687063	7.51680470	0.01883923	0.02168094	0.00285258	0.02886376	-0.06050568	-0.83818251	0.03849465	-0.60782254	2.00000000	-0.08717050	0.32422033	0.10609239	5.47820616	0.00510396	0.00238518	0.00159095	0.00585411	-0.06394015	0.02612753	0.00930040	-0.04774865	5.00000000	-0.08698203	0.46608028	0.09798580	5.36399794	0.00427216	0.00308131	-0.00087731	0.00533999	-0.09238895	-0.05948418	0.04296532	-0.10535794	4.00000000
9.300000	0.02125175	0.23051180	0.96662390	10.51692295	0.03906828	0.02099611	-0.00550051	0.04469254	-0.13385937	-1.17117238	-0.13372135	-0.21533540	3.00000000	-0.04947314	0.33595708	0.56692380	7.51700115	0.01641891	0.01102661	0.00333289	0.02005679	-0.11955184	-0.83440411	0.01699726	-0.52246457	2.00000000	-0.08710812	0.32423812	0.10610924	5.47827339	0.00429905	0.00209262	0.00150303	0.00501198	-0.07827219	0.02190346	0.00625963	-0.05187538	5.00000000	-0.08694600	0.46608156	0.09797996	5.36403465	0.00319332	0.00243460	0.00007538	0.00401625	-0.09631459	-0.07756427	0.04864846	-0.10862841	4.00000000
9.310000	0.02159334	0.23070060	0.96661741	10.51731300	0.03631458	0.00479581	-0.00558297	0.03705291	-0.21664283	-1.34927309	-0.16832435	-0.05715138	3.00000000	-0.04937130	0.33595678	0.56696552	7.51711130	0.01379391	0.00257889	0.00321021	0.01439542	-0.12794334	-0.70215178	-0.03535547	-0.36065012	2.00000000	-0.08708081	0.32427734	0.10612977	5.47832537	0.00340504	0.00182043	0.00188183	0.00429529	-0.08857092	0.02902663	0.00395605	-0.03779271	5.00000000	-0.08693904	0.46610430	0.09799246	5.36406136	0.00202997	0.00152166	0.00091506	0.00269695	-0.08840217	-0.07987311	0.05258920	-0.08726431	4.00000000
9.320001	0.02191817	0.23069936	0.96658427	10.51763916	0.03472711	-0.01501913	-0.00929882	0.03896170	-0.25793263	-1.34065819	-0.23557745	0.08667999	3.00000000	-0.04921794	0.33590788	0.56699932	7.51727581	0.01310172	-0.00375559	0.00268370	0.01389107	-0.12164259	-0.47379935	-0.07415728	-0.20732026	2.00000000	-0.08706219	0.32429451	0.10614562	5.47835541	0.00254847	0.00208442	0.00190965	0.00380608	-0.09243200	0.06129427	0.01073588	0.00563855	5.00000000	-0.08693259	0.46608946	0.09799174	5.36407757	0.00115950	0.00042145	0.00120172	0.00172226	-0.06965775	-0.08039838	0.04317911	-0.05135148	4.00000000
9.330000	0.02218502	0.23048073	0.96649629	10.51799488	0.03292256	-0.03088489	-0.01382182	0.04721032	-0.31870681	-1.10637569	-0.29140389	0.20812848	3.00000000	-0.04909403	0.33588615	0.56698978	7.51740217	0.01322494	-0.00715430	0.00123829	0.01508696	-0.10304059	-0.22054504	-0.09049971	-0.11597017	2.00000000	-0.08703691	0.32430366	0.10615665	5.47838449	0.00156121	0.00309497	0.00188226	0.00394451	-0.08487143	0.10816670	0.01784952	0.06267747	5.00000000	-0.08691458	0.46611491	0.09802175	5.36412096	0.00057550	-0.00022103	0.00142784	0.00155524	-0.03838228	-0.07914461	0.02521596	-0.01241694	4.00000000
9.340000	0.02258438	0.22986360	0.96626967	10.51876450	0.02985379	-0.03915528	-0.01725405	0.05217363	-0.48304027	-0.72222036	-0.26908007	0.21395372	3.00000000	-0.04898325	0.33584738	0.56702477	7.51752472	0.01266043	-0.00805507	-0.00010083	0.01500603	-0.09320528	0.02768221	-0.10722709	-0.09459268	2.00000000	-0.08702394	0.32431269	0.10619093	5.47842216	0.00059369	0.00447184	0.00185954	0.00487931	-0.05918182	0.14397790	0.01873996	0.11012758	5.00000000	-0.08690338	0.46611699	0.09803502	5.36413860	0.00032131	-0.00086303	0.00163435	0.00187594	0.00703925	-0.05632308	0.01281489	0.02181875	4.00000000
9.350000	0.02292576	0.22936460	0.96606332	10.51940346	0.02498054	-0.04160466	-0.01901289	0.05211972	-0.72911662	-0.43801263	-0.19482756	0.15464294	3.00000000	-0.04882088	0.33568054	0.56702602	7.51775742	0.01060438	-0.00612239	-0.00082254	0.01227245	-0.13269369	0.26652217	-0.11143998	-0.07782767	2.00000000	-0.08700138	0.32436553	0.10620061	5.47848034	-0.00024239	0.00634193	0.00231632	0.00675605	-0.01869578	0.14880006	0.01737515	0.13247482	5.00000000	-0.08690397	0.46609271	0.09804919	5.36416674	0.00038408	-0.00159442	0.00175803	0.00240424	0.05546905	-0.02305789	0.00080116	0.04932298	4.00000000
9.360001	0.02319142	0.22887294	0.96581048	10.52001667	0.01704462	-0.04111603	-0.02010514	0.04883916	-0.96057957	-0.41073245	-0.11540210	0.24639367	3.00000000	-0.04871054	0.33556050	0.56698829	7.51792479	0.00913134	-0.00236928	-0.00162621	0.00957285	-0.19216308	0.40108213	-0.09666631	-0.04714750	2.00000000	-0.08703094	0.32446635	0.10622728	5.47858858	-0.00026263	0.00821427	0.00277025	0.00867280	0.02269995	0.11336306	0.00963016	0.11282551	5.00000000	-0.08691806	0.46607187	0.09806542	5.36419678	0.00120799	-0.00206828	0.00180913	0.00300166	0.09052361	-0.00629822	-0.01435695	0.06761530	4.00000000
9.370000	0.02327408	0.22870402	0.96569002	10.52023983	0.00450741	-0.04278744	-0.02087752	0.04782210	-1.11852312	-0.59786046	-0.04320757	0.52320731	3.00000000	-0.04863187	0.33554345	0.56697428	7.51800632	0.00776521	0.00362719	-0.00300606	0.00908248	-0.23585026	0.35366166	-0.08351935	-0.06027705	2.00000000	-0.08704948	0.32455954	0.10624014	5.47868443	0.00051782	0.00959982	0.00284333	0.01002543	0.04487660	0.04112390	-0.00853524	0.04405198	5.00000000	-0.08691534	0.46603522	0.09808090	5.36423683	0.00272114	-0.00148018	0.00159753	0.00348535	0.09579562	-0.00236804	-0.02281306	0.06258211	4.00000000
9.380000	0.02327657	0.22835976	0.96550119	10.52063274	-0.00959310	-0.05071287	-0.02156744	0.05593727	-1.18162489	-0.80679673	0.03661223	0.82175541	3.00000000	-0.04861481	0.33567077	0.56693161	7.51814175	0.00496907	0.01042758	-0.00395328	0.01220879	-0.31124210	0.17915581	-0.07478145	-0.03342098	2.00000000	-0.08706173	0.32467252	0.10629378	5.47881031	0.00172344	0.00982359	0.00257970	0.01030185	0.03551992	-0.04806163	-0.03720694	-0.05293564	5.00000000	-0.08688188	0.46601462	0.09810681	5.36428404	0.00433878	-0.00083918	0.00108543	0.00455054	0.06273109	-0.00359822	-0.02496327	0.03357032	4.00000000
9.390000	0.02313020	0.22784005	0.96526015	10.52122402	-0.02255371	-0.06360970	-0.02110551	0.07071285	-1.12404585	-0.88735759	0.13498716	1.00467551	3.00000000	-0.04854977	0.33585846	0.56691355	7.51834106	0.00179261	0.01173243	-0.00456969	0.01271792	-0.46520957	-0.03106724	-0.06098381	0.13091630	2.00000000	-0.08701313	0.32475677	0.10632531	5.47891235	0.00239989	0.00850608	0.00196385	0.00905371	-0.00631519	-0.13106318	-0.06060975	-0.13827930	5.00000000	-0.08680514	0.46602434	0.09812687	5.36436415	0.00513637	-0.00107686	0.00063336	0.00528612	0.00128678	-0.02274746	-0.02647905	0.00885840	4.00000000
9.400001	0.02280472	0.22701792	0.96498871	10.52214909	-0.03291415	-0.07737365	-0.01937250	0.08628625	-1.01708543	-0.78679949	0.20156054	1.01013124	3.00000000	-0.04849700	0.33603653	0.56684184	7.51854038	-0.00262707	0.00743121	-0.00475595	0.00920562	-0.61218113	-0.27721328	-0.05898869	0.30359915	2.00000000	-0.08695456	0.32486284	0.10634495	5.47903490	0.00194740	0.00614872	0.00121674	0.00656350	-0.05508845	-0.18945415	-0.06848294	-0.17199269	5.00000000	-0.08672913	0.46603835	0.09811294	5.36444283	0.00455671	-0.00173772	0.00057258	0.00491031	-0.05931458	-0.04830706	-0.01919942	-0.00920605	4.00000000
9.410000	0.02236892	0.22607380	0.96474576	10.52321720	-0.04144123	-0.08413568	-0.01591245	0.09512831	-1.01999152	-0.55994111	0.15022276	0.92862600	3.00000000	-0.04854742	0.33616853	0.56678265	7.51869345	-0.00979754	0.00123953	-0.00513891	0.01113269	-0.68416351	-0.47905782	-0.09179028	0.42133728	2.00000000	-0.08691341	0.32492772	0.10633543	5.47911215	0.00062113	0.00369847	0.00022706	0.00375713	-0.07339018	-0.19292986	-0.05835770	-0.17523584	5.00000000	-0.08667173	0.46603066	0.09811111	5.36450100	0.00288120	-0.00252922	0.00053433	0.00387089	-0.09222504	-0.03676322	-0.00191843	-0.04859069	4.00000000
9.420000	0.02187933	0.22513406	0.96466553	10.52427959	-0.04877389	-0.08577543	-0.01216183	0.09941944	-1.19910586	-0.38674405	0.00655569	0.97443557	3.00000000	-0.04863775	0.33602461	0.56672847	7.51887178	-0.01974407	-0.00351692	-0.00579109	0.02087423	-0.73302788	-0.46416208	-0.11882273	0.58675051	2.00000000	-0.08694386	0.32493258	0.10632571	5.47914457	-0.00108549	0.00143945	-0.00043623	0.00185489	-0.03981973	-0.12243622	-0.03805311	-0.12563334	5.00000000	-0.08666889	0.46596169	0.09810364	5.36457062	0.00118837	-0.00333711	0.00035477	0.00356011	-0.07886337	0.02003213	0.00742077	-0.06864661	4.00000000
9.430000	0.02140905	0.22428901	0.96461296	10.52524853	-0.05964087	-0.08458309	-0.01184146	0.10417078	-1.48659146	-0.39724427	-0.10392572	1.22280622	3.00000000	-0.04891341	0.33590016	0.56669921	7.51917553	-0.02774087	-0.00923276	-0.00751366	0.03018700	-0.79223508	-0.18007600	-0.09231021	0.75165099	2.00000000	-0.08698617	0.32491156	0.10632711	5.47919178	-0.00171401	-0.00007848	-0.00071414	0.00185849	0.03553916	0.00353033	-0.01874815	0.01609540	5.00000000	-0.08668904	0.46591181	0.09814209	5.36463690	0.00037719	-0.00327254	0.00053545	0.00333744	-0.02196792	0.08870165	-0.00149301	-0.01841885	4.00000000
9.440001	0.02086528	0.22357833	0.96455705	10.52614498	-0.07712012	-0.08651788	-0.01714279	0.11716113	-1.77011490	-0.57373464	-0.19926742	1.59312642	3.00000000	-0.04926793	0.33576623	0.56662667	7.51956129	-0.03350439	-0.01317958	-0.01008163	0.03738829	-0.82463306	0.25271788	-0.04301551	0.84446436	2.00000000	-0.08703101	0.32489124	0.10631926	5.47924185	-0.00071606	0.00025729	-0.00041698	0.00086765	0.11770313	0.14017232	-0.00536494	0.16905279	5.00000000	-0.08671046	0.46587539	0.09814394	5.36467934	0.00059133	-0.00166371	0.00087867	0.00197223	0.05077126	0.13456783	-0.00717045	0.04237008	4.00000000
9.450000	0.02013709	0.22274177	0.96442246	10.52726269	-0.09993724	-0.09586935	-0.02240092	0.14028607	-1.96089542	-0.88309109	-0.29728308	1.99479926	3.00000000	-0.04972996	0.33577117	0.56653446	7.52003241	-0.04066828	-0.00999644	-0.01040300	0.04315159	-0.83935356	0.68464416	-0.02447192	0.92493206	2.00000000	-0.08702920	0.32488585	0.10631379	5.47924995	0.00171096	0.00301103	-0.00021178	0.00346966	0.15332755	0.24194185	-0.00119799	0.24319308	5.00000000	-0.08669198	0.46586764	0.09813596	5.36470079	0.00187804	0.00103563	0.00083372	0.00230101	0.09680227	0.12500252	0.00941660	0.04736222	4.00000000
9.460000	0.01897290	0.22184436	0.96405047	10.52877903	-0.12305663	-0.10804596	-0.02303173	0.16537026	-2.00219226	-1.27065969	-0.29870045	2.32776499	3.00000000	-0.05006009	0.33554587	0.56633002	7.52048111	-0.05063827	0.00301947	-0.00839780	0.05141862	-0.94804418	0.94604778	-0.03655752	1.04304111	2.00000000	-0.08698514	0.32492629	0.10630309	5.47931051	0.00448370	0.00735695	-0.00031274	0.00862126	0.10581395	0.26053306	-0.00970210	0.24245290	5.00000000	-0.08665472	0.46589720	0.09814354	5.36474895	0.00359484	0.00319034	0.00017701	0.00480962	0.09608329	0.02386173	0.05118197	0.07589023	4.00000000
9.470000	0.01748319	0.22060663	0.96364433	10.53075790	-0.14272192	-0.12136263	-0.02480298	0.18898048	-1.91286588	-1.54132307	-0.23220795	2.45661783	3.00000000	-0.05049436	0.33544099	0.56620407	7.52094507	-0.06127953	0.01990671	-0.00723451	0.06483669	-1.19378364	0.85645336	-0.05864767	1.23334181	2.00000000	-0.08692212	0.32499665	0.10631567	5.47940588	0.00608992	0.01121561	-0.00058475	0.01277571	-0.01652343	0.16165891	-0.03013129	0.15215063	5.00000000	-0.08661044	0.46594429	0.09815359	5.36481428	0.00515897	0.00347917	0.00033205	0.00623136	0.05984968	-0.17852253	0.12444227	0.21027921	4.00000000
9.480000	0.01580363	0.21917765	0.96345055	10.53297138	-0.15949278	-0.13832884	-0.02757559	0.21291600	-1.81697857	-1.58973932	-0.19745924	2.41811681	3.00000000	-0.05116281	0.33562833	0.56621498	7.52163935	-0.07155326	0.03298918	-0.00897348	0.07930119	-1.48855138	0.41704002	-0.08556996	1.49857354	2.00000000	-0.08683214	0.32517233	0.10631169	5.47960329	0.00516636	0.01299828	-0.00088482	0.01401533	-0.17705972	-0.03852403	-0.04977805	0.02813914	5.00000000	-0.08655268	0.46602428	0.09816869	5.36491394	0.00538280	0.00096435	0.00191629	0.00579453	0.00891667	-0.41092309	0.21723190	0.36381990	4.00000000
9.490000	0.01421268	0.21785764	0.96340746	10.53503895	-0.17556718	-0.15808356	-0.03028065	0.23818305	-1.89444828	-1.46307850	-0.11395910	2.38847470	3.00000000	-0.05209640	0.33639839	0.56625962	7.52285051	-0.08648662	0.03377298	-0.01246234	0.09367955	-1.73806417	-0.26922047	-0.08698138	1.71451533	2.00000000	-0.08675555	0.32535884	0.10630061	5.47980499	0.00181521	0.01140411	-0.00139276	0.01163135	-0.32492489	-0.26661649	-0.07159325	0.01417653	5.00000000	-0.08649076	0.46605197	0.09814712	5.36498499	0.00462979	-0.00501250	0.00509284	0.00851453	-0.04403440	-0.56477958	0.28381342	0.45355010	4.00000000
9.500000	0.01256106	0.21627261	0.96307838	10.53735161	-0.19276619	-0.17506629	-0.03264347	0.26243591	-2.15246153	-1.16862237	0.14234085	2.39197659	3.00000000	-0.05303544	0.33706635	0.56613743	7.52400923	-0.10786851	0.02317280	-0.01390874	0.11120272	-1.99094653	-0.96429670	0.00585285	1.89945340	2.00000000	-0.08673443	0.32550615	0.10627284	5.47995615	-0.00307138	0.00648002	-0.00226721	0.00752092	-0.41214946	-0.44171140	-0.10423774	0.08779383	5.00000000	-0.08641487	0.46599326	0.09818839	5.36508942	0.00356597	-0.01388093	0.00931236	0.01709141	-0.08437926	-0.58458942	0.27521998	0.48746660	4.00000000
9.510000	0.01061110	0.21444456	0.96263778	10.54006100	-0.21441695	-0.18484455	-0.03163566	0.28485602	-2.42183089	-0.62500483	0.51151788	2.28528643	3.00000000	-0.05398078	0.33736601	0.56580579	7.52505493	-0.13183293	0.00777816	-0.01295457	0.13269605	-2.30752778	-1.33316922	0.21414953	2.19420314	2.00000000	-0.08680150	0.32555282	0.10625210	5.48004055	-0.00824009	-0.00040457	-0.00328173	0.00887877	-0.42172247	-0.50808734	-0.13644278	0.19065130	5.00000000	-0.08640883	0.46581382	0.09830730	5.36530495	0.00276417	-0.02179046	0.01298046	0.02551387	-0.10536496	-0.45986056	0.18260458	0.42054531	4.00000000
9.520000	0.00826671	0.21224199	0.96204031	10.54333305	-0.24341232	-0.18792251	-0.02511491	0.30853716	-2.59307647	0.10846455	0.84793806	2.04506969	3.00000000	-0.05531712	0.33682188	0.56550914	7.52652788	-0.15393101	-0.01177440	-0.00994951	0.15470095	-2.43750381	-1.38965821	0.35575941	2.40012360	2.00000000	-0.08694889	0.32545862	0.10622189	5.48021793	-0.01274844	-0.00686447	-0.00491310	0.01528994	-0.38412794	-0.45227134	-0.14875758	0.32337213	5.00000000	-0.08639887	0.46548524	0.09851412	5.36569309	0.00177125	-0.02589971	0.01475333	0.02985955	-0.13234910	-0.19392169	0.03740767	0.17416187	4.00000000
9.530000	0.00567207	0.21014518	0.96184504	10.54667473	-0.27434987	-0.18479475	-0.01136859	0.33097765	-2.70420337	0.81276578	1.03996181	1.85128593	3.00000000	-0.05716930	0.33647567	0.56555700	7.52841282	-0.17843717	-0.02710471	-0.00418127	0.18053247	-2.22105074	-1.40927148	0.27294457	2.31150198	2.00000000	-0.08711792	0.32532796	0.10617519	5.48043680	-0.01603141	-0.01139194	-0.00695487	0.02086031	-0.34974062	-0.30898595	-0.13893260	0.41232169	5.00000000	-0.08640538	0.46510926	0.09873063	5.36612701	0.00058673	-0.02576907	0.01372273	0.02920107	-0.18405417	0.15161724	-0.09573758	-0.15407127	4.00000000
9.540000	0.00279790	0.20851699	0.96193820	10.54997921	-0.30156213	-0.17129169	0.00418425	0.34684011	-2.70856667	1.40158772	1.04583549	1.71804619	3.00000000	-0.05925939	0.33627298	0.56565750	7.53051519	-0.20747197	-0.03483270	0.00312328	0.21039888	-1.90413094	-1.51308131	0.07646779	2.14040327	2.00000000	-0.08728393	0.32516804	0.10610007	5.48067904	-0.01842423	-0.01309961	-0.00866993	0.02421197	-0.35116312	-0.13524334	-0.10561755	0.39570177	5.00000000	-0.08636423	0.46484587	0.09885316	5.36642027	-0.00119843	-0.02206415	0.01075144	0.02457349	-0.25312933	0.43424928	-0.15381876	-0.31799054	4.00000000
9.550000	-0.00039663	0.20693207	0.96214110	10.55355072	-0.32494083	-0.15122157	0.01546095	0.35873884	-2.55513692	1.94284987	0.90748483	1.55196035	3.00000000	-0.06129925	0.33607230	0.56578505	7.53256893	-0.22578515	-0.04614169	0.00296136	0.23047073	-1.96359801	-1.08415508	0.07274664	2.14362621	2.00000000	-0.08746277	0.32504076	0.10597644	5.48093081	-0.02125998	-0.01284505	-0.00950371	0.02659516	-0.39842013	0.02141752	-0.04633019	0.36237168	5.00000000	-0.08636827	0.46467730	0.09891516	5.36660004	-0.00419728	-0.01508122	0.00758351	0.01739454	-0.33675081	0.51188260	-0.13789701	-0.26226375	4.00000000
9.560000	-0.00381715	0.20546268	0.96246678	10.55728817	-0.35090029	-0.12900122	0.02137969	0.37447220	-2.37361789	2.40653300	0.77022517	1.46223652	3.00000000	-0.06360341	0.33574659	0.56575143	7.53489637	-0.23476046	-0.06377424	-0.00401239	0.24330172	-2.19787192	0.04033294	0.29998189	2.19228053	2.00000000	-0.08766375	0.32492211	0.10585807	5.48119259	-0.02556182	-0.01145303	-0.00955282	0.02959451	-0.47641173	0.13064969	0.01348453	0.38708749	5.00000000	-0.08640705	0.46461245	0.09892286	5.36667585	-0.00817062	-0.00646760	0.00623763	0.01214483	-0.43877298	0.34265420	-0.09937514	-0.05661687	4.00000000
9.570001	-0.00741012	0.20420213	0.96257037	10.56109715	-0.37550038	-0.10455747	0.02428144	0.39054114	-2.16430163	2.78220725	0.73809326	1.43921316	3.00000000	-0.06629703	0.33491567	0.56577235	7.53771544	-0.24622430	-0.08367399	-0.00861585	0.26019603	-1.98582852	0.96538597	0.50142813	1.93089545	2.00000000	-0.08793575	0.32481170	0.10576223	5.48150158	-0.03123699	-0.00958393	-0.00882950	0.03384614	-0.53571898	0.16899908	0.04913897	0.43506315	5.00000000	-0.08653896	0.46453109	0.09897076	5.36683798	-0.01285430	-0.00096038	0.00723551	0.01478201	-0.52994072	0.03834776	-0.03957107	0.26523086	4.00000000
9.580000	-0.01116853	0.20310846	0.96278137	10.56501675	-0.39703599	-0.07513364	0.02990762	0.40518773	-1.75197959	3.11181235	0.78542274	1.26483440	3.00000000	-0.06864011	0.33368909	0.56549776	7.54037428	-0.28458685	-0.05410537	0.00499884	0.28972757	-1.64718461	1.86663175	0.76370353	1.61257267	2.00000000	-0.08827890	0.32470977	0.10569742	5.48186541	-0.03781685	-0.00729635	-0.00766025	0.03926869	-0.52761668	0.12704064	0.06596537	0.44733545	5.00000000	-0.08670118	0.46457568	0.09905874	5.36702776	-0.01869475	-0.00328297	0.00791823	0.02056623	-0.56008595	-0.30484179	0.04584383	0.59315467	4.00000000
9.590000	-0.01543136	0.20269661	0.96309662	10.56931114	-0.41541624	-0.04166203	0.04138599	0.41954640	-1.12766421	3.39727950	0.86663085	0.91180104	3.00000000	-0.07132099	0.33272657	0.56536406	7.54322577	-0.31548637	-0.00508875	0.02412945	0.31644869	-1.37757897	3.26119399	1.13109910	1.44073188	2.00000000	-0.08870069	0.32465008	0.10563463	5.48229599	-0.04396823	-0.00526880	-0.00695319	0.04482536	-0.43217441	0.02833948	0.07720643	0.38872108	5.00000000	-0.08689865	0.46468180	0.09918114	5.36728334	-0.02556238	-0.01253858	0.00697623	0.02931415	-0.49031109	-0.66010702	0.07437337	0.76900446	4.00000000
9.600000	-0.01966862	0.20237294	0.96344882	10.57357502	-0.42446288	-0.00347098	0.05327513	0.42780724	-0.38614422	3.63771725	0.78492290	0.46255711	3.00000000	-0.07419014	0.33191222	0.56546170	7.54620981	-0.31391630	0.02076154	0.03294249	0.31632212	-0.10635803	3.72928691	0.98607427	0.40295470	2.00000000	-0.08918279	0.32460597	0.10556537	5.48278522	-0.04823040	-0.00503063	-0.00659854	0.04893894	-0.24544704	-0.07097919	0.08271820	0.23996466	5.00000000	-0.08713708	0.46462828	0.09930862	5.36755896	-0.03182596	-0.02153143	0.00766845	0.03918290	-0.27140662	-0.86302692	0.04106501	0.72836763	4.00000000
9.610001	-0.02418507	0.20257701	0.96422839	10.57816315	-0.42326611	0.03367526	0.06235887	0.42915830	0.54547960	3.82215476	0.37566328	-0.14455789	3.00000000	-0.07906505	0.33479267	0.56665951	7.55199766	-0.31013250	0.06052504	0.04286170	0.31887704	2.09642935	2.90227842	0.17885755	-1.49990666	3.00000000	-0.08971797	0.32462123	0.10549761	5.48332500	-0.04994602	-0.00743146	-0.00597748	0.05084842	0.01756900	-0.12023453	0.09271366	-0.00192635	5.00000000	-0.08752123	0.46423090	0.09930325	5.36811161	-0.03487312	-0.03043487	0.00995286	0.04734423	0.13228674	-0.74439025	0.03267065	0.46410096	4.00000000
9.620000	-0.02843864	0.20298880	0.96495664	10.58249855	-0.41367364	0.07171469	0.06737957	0.42521629	1.55562401	3.92637753	-0.15333955	-0.75584549	3.00000000	-0.08195095	0.33512658	0.56715763	7.55494499	-0.29442230	0.10502040	0.05014240	0.31658810	3.47133803	2.79766607	-0.48626471	-2.22496748	3.00000000	-0.09024857	0.32455778	0.10542279	5.48386478	-0.04860529	-0.01078720	-0.00476185	0.05001513	0.30444172	-0.07715823	0.11711606	-0.29582196	5.00000000	-0.08796858	0.46364936	0.09930859	5.36884546	-0.03275704	-0.04050334	0.01010559	0.05306286	0.64934003	-0.43338355	0.00451083	0.10718414	4.00000000
9.630000	-0.03242192	0.20397177	0.96567899	10.58666420	-0.39468884	0.11138853	0.06065617	0.41456708	2.40993714	3.88552165	-0.53224808	-1.16958213	3.00000000	-0.08426634	0.33570158	0.56739694	7.55734253	-0.23489799	0.11323069	0.03578464	0.26320866	4.03625774	3.06342006	-0.82697296	-1.92213798	3.00000000	-0.09074724	0.32442248	0.10538081	5.48438311	-0.04380923	-0.01238634	-0.00338834	0.04565250	0.55603904	0.06810737	0.13289805	-0.56911677	5.00000000	-0.08840164	0.46330336	0.09950695	5.36943436	-0.02311605	-0.04534026	0.00930652	0.05173685	1.09499085	-0.17402290	-0.14867818	-0.07059130	4.00000000
9.640000	-0.03635899	0.20521466	0.96635729	10.59084797	-0.36214575	0.15259124	0.04637986	0.39570788	3.12875032	3.59559226	-0.72341079	-1.51654804	3.00000000	-0.08647057	0.33678848	0.56768006	7.55981636	-0.16586246	0.12525269	0.01241912	0.20821342	4.49473190	2.44057202	-1.19339252	-1.98621655	3.00000000	-0.09117652	0.32418075	0.10536179	5.48487616	-0.03584058	-0.01075566	-0.00178255	0.03746210	0.73351723	0.25728261	0.11862338	-0.74518508	5.00000000	-0.08859962	0.46290582	0.09970199	5.36991930	-0.00628419	-0.04195695	0.00843064	0.04325451	1.31810546	0.10944740	-0.28047052	-0.15271495	4.00000000
9.650001	-0.03994751	0.20705065	0.96675581	10.59489822	-0.32425258	0.19239211	0.03497601	0.37865257	3.78794050	2.90022922	-0.69622272	-1.98357940	3.00000000	-0.08788744	0.33790740	0.56786406	7.56163120	-0.12838592	0.17444243	0.00039786	0.21659470	4.04658461	1.99773359	-0.96355450	-1.44754279	3.00000000	-0.09151180	0.32402298	0.10536542	5.48524666	-0.02645651	-0.00572453	-0.00019651	0.02706947	0.81319499	0.38017827	0.09069188	-0.78611863	5.00000000	-0.08859346	0.46243349	0.09978222	5.37039852	0.01270299	-0.03568381	0.00509489	0.03821856	1.25295568	0.46126494	-0.23847941	-0.27993473	4.00000000
9.660000	-0.04317331	0.20905574	0.96687603	10.59869862	-0.28462139	0.22214153	0.03047734	0.36233282	4.21169376	1.80753505	-0.42765585	-2.48796177	3.00000000	-0.08871343	0.34016767	0.56770307	7.56404305	-0.09654418	0.20274569	-0.00595003	0.22463748	2.70038080	1.78047442	0.04794696	-0.28676477	3.00000000	-0.09172036	0.32401571	0.10536191	5.48545551	-0.01730801	0.00068819	0.00048969	0.01732861	0.78679234	0.36743861	0.06684629	-0.71821463	5.00000000	-0.08826788	0.46201000	0.09975267	5.37093353	0.02659423	-0.03334259	-0.00197589	0.04269526	0.87890488	0.62924838	-0.13117844	-0.32995242	4.00000000
9.670000	-0.04556765	0.21173370	0.96698207	10.60229206	-0.24092124	0.23645447	0.03046989	0.33894274	4.30838633	0.55451083	-0.12366231	-2.92420244	3.00000000	-0.08928239	0.34271652	0.56749284	7.56666327	-0.07196981	0.20793749	-0.01145800	0.22033824	1.78339005	0.38524655	0.74153644	-0.51909822	3.00000000	-0.09180670	0.32413906	0.10537881	5.48560715	-0.00947316	0.00581543	0.00041307	0.01112343	0.68057495	0.24266374	0.04169676	-0.55495983	5.00000000	-0.08781917	0.46172109	0.09966522	5.37147427	0.03294436	-0.02609193	-0.00365805	0.04218413	0.31189242	0.52356428	-0.05051514	-0.32429770	4.00000000
9.680000	-0.04767629	0.21430457	0.96725124	10.60562801	-0.19237027	0.23061259	0.03146330	0.30195767	4.32650709	-0.49488083	-0.05178830	-3.28594518	3.00000000	-0.08991040	0.34530801	0.56719798	7.56934595	-0.06498185	0.21117081	0.01147985	0.22124091	1.46746302	-1.21428704	0.99881822	-1.54521561	3.00000000	-0.09183730	0.32428971	0.10539234	5.48576164	-0.00330241	0.00699386	0.00053023	0.00775249	0.55308688	0.08977285	0.02592813	-0.31181511	5.00000000	-0.08735547	0.46162745	0.09961749	5.37194967	0.03167285	-0.01633043	0.00031559	0.03563639	-0.19571020	0.41047528	0.07637289	-0.43161112	4.00000000
9.690001	-0.04950294	0.21684432	0.96790433	10.60882378	-0.14805886	0.21173468	0.03327727	0.26050025	4.31461048	-1.14998674	-0.22828916	-3.40958810	3.00000000	-0.09061927	0.34712288	0.56735307	7.57130051	-0.06082169	0.19039188	0.03802726	0.20345619	1.37790048	-1.91551983	1.00687134	-2.10661030	3.00000000	-0.09183734	0.32436171	0.10538825	5.48583364	0.00107704	0.00489751	0.00098962	0.00511126	0.45326743	0.00151619	0.03217429	-0.06492234	5.00000000	-0.08710530	0.46130791	0.09946597	5.37238264	0.02390711	-0.01185959	0.00416506	0.02701014	-0.46618655	0.37583077	0.16652255	-0.57979369	4.00000000
9.700000	-0.05083388	0.21875754	0.96827841	10.61118412	-0.10918279	0.19170430	0.03241102	0.22298408	4.15519524	-1.41623783	-0.46501547	-3.13032508	3.00000000	-0.09117899	0.34825626	0.56741649	7.57256603	-0.04636893	0.14479557	0.04235357	0.15782794	1.73671830	-2.61717510	0.06335221	-2.71718550	3.00000000	-0.09182508	0.32436568	0.10538188	5.48584795	0.00430699	0.00244329	0.00135601	0.00513407	0.39292476	0.02363988	0.03876547	0.13739097	5.00000000	-0.08691594	0.46145186	0.09973258	5.37273979	0.01452006	-0.01389409	0.00477005	0.02065506	-0.50682986	0.25003523	0.02667145	-0.55270183	4.00000000
9.710000	-0.05157828	0.22020516	0.96850741	10.61282825	-0.06787426	0.17940016	0.02419452	0.19333057	3.97922492	-1.46007371	-0.69540900	-2.59136868	3.00000000	-0.09196900	0.35058150	0.56935483	7.57569456	-0.02708988	0.12210458	0.04637986	0.13339595	2.23972511	-2.88963890	-1.28184092	-2.64472818	2.00000000	-0.09176529	0.32432351	0.10540292	5.48592424	0.00760816	0.00245670	0.00182589	0.00820081	0.35132721	0.12899810	0.02652593	0.29859656	5.00000000	-0.08687793	0.46128520	0.09983711	5.37294006	0.00872842	-0.01328140	0.00519113	0.01671911	-0.38289517	0.16412753	-0.20839281	-0.36595085	4.00000000
9.720000	-0.05204093	0.22173016	0.96863306	10.61442661	-0.02819334	0.17023557	0.01271069	0.17302190	3.91727686	-1.60119343	-0.90976638	-2.04335618	3.00000000	-0.09197446	0.35101834	0.56936193	7.57613134	0.00281073	0.09935473	0.02364218	0.10216758	2.38008523	-2.01942372	-1.76468563	-1.56156242	2.00000000	-0.09167202	0.32431492	0.10543629	5.48602390	0.01151481	0.00585293	0.00230502	0.01312100	0.30554515	0.22883755	0.00933008	0.37673172	5.00000000	-0.08684479	0.46117294	0.09995548	5.37310648	0.00783795	-0.00951812	0.00267904	0.01261766	-0.18108399	0.28511214	-0.31999114	-0.16725336	4.00000000
9.730000	-0.05210249	0.22357741	0.96873742	10.61627769	0.01011869	0.15857120	0.00270754	0.15891679	3.76938105	-2.06634164	-0.98273480	-1.53621364	3.00000000	-0.09175941	0.35173395	0.56947762	7.57688761	0.03590472	0.06556237	-0.02258817	0.07808841	2.22882128	-1.40591168	-1.87135148	-0.75162840	2.00000000	-0.09154174	0.32439452	0.10547163	5.48618078	0.01530262	0.01055847	0.00227019	0.01872979	0.24277040	0.24520934	-0.00237104	0.33491462	5.00000000	-0.08682723	0.46081370	0.09979089	5.37350225	0.00876226	-0.00717367	-0.00474428	0.01227790	-0.02645981	0.46221459	-0.33653620	-0.01929025	4.00000000
9.740000	-0.05188471	0.22555740	0.96878511	10.61826992	0.04859480	0.13639629	-0.00703533	0.14496516	3.39526129	-2.75934815	-0.86099154	-1.04983604	3.00000000	-0.09132966	0.35292670	0.56932801	7.57816410	0.05736276	0.06200000	-0.04508892	0.09574705	1.73677337	-1.29057980	-1.53668952	-0.45402706	2.00000000	-0.09136499	0.32455188	0.10549098	5.48641825	0.01755704	0.01415983	0.00181751	0.02262861	0.15587379	0.14786872	-0.01309873	0.20368803	5.00000000	-0.08668913	0.46083531	0.09976529	5.37364435	0.00975188	-0.00182788	-0.01006431	0.01413260	0.00117136	0.48047134	-0.34091628	0.09710282	4.00000000
9.750000	-0.05129194	0.22702239	0.96868140	10.61985397	0.08455266	0.10230839	-0.01606295	0.13369434	2.85620809	-3.30709338	-0.64317125	-0.59584945	3.00000000	-0.09014898	0.35230041	0.56750154	7.58042717	0.06851262	0.06915976	-0.04393160	0.10680373	0.89467269	-0.71580428	-0.26701877	-0.12572053	3.00000000	-0.09114938	0.32478109	0.10550244	5.48673296	0.01811789	0.01479536	0.00152340	0.02344102	0.05217256	-0.03191410	-0.01743984	0.03013203	5.00000000	-0.08651630	0.46096513	0.09963713	5.37389565	0.00990281	0.00537485	-0.01155604	0.01613991	-0.04945892	0.40009326	-0.25936657	0.13663001	4.00000000
9.760000	-0.05011500	0.22763707	0.96838200	10.62121487	0.11199439	0.05901778	-0.02269596	0.12861162	2.20062637	-3.42288327	-0.41257247	-0.17669909	3.00000000	-0.08956928	0.35347894	0.56731164	7.58175421	0.07543433	0.05117332	-0.04655023	0.10235219	0.22533651	-0.64539975	0.66573507	-0.35714188	3.00000000	-0.09093357	0.32494709	0.10550339	5.48700523	0.01771227	0.01289025	0.00145479	0.02195448	-0.03350588	-0.20713274	-0.00816738	-0.11601391	5.00000000	-0.08639810	0.46109447	0.09948314	5.37412882	0.00888202	0.01159906	-0.01164246	0.01868089	-0.07698852	0.34176931	-0.08896285	0.10322174	4.00000000
9.770000	-0.04869374	0.22775203	0.96807021	10.62267399	0.12875317	0.01693119	-0.02488692	0.13222483	1.50695014	-3.06771970	-0.17545947	0.18444122	3.00000000	-0.08879880	0.35446796	0.56723356	7.58301020	0.06917386	0.04532412	-0.02493759	0.08637813	-0.11676046	-1.43471706	0.74317139	-0.87669599	3.00000000	-0.09077413	0.32506305	0.10551921	5.48720312	0.01677753	0.00896429	0.00147379	0.01907920	-0.07513370	-0.30446467	0.00324121	-0.18197368	5.00000000	-0.08636183	0.46120673	0.09935676	5.37430191	0.00662357	0.01216729	-0.01328761	0.01919571	-0.05985582	0.28039926	0.05452811	0.08147054	4.00000000
9.780000	-0.04712790	0.22765085	0.96773458	10.62427902	0.13693257	-0.01223124	-0.02364019	0.13949549	0.90682030	-2.37907314	0.05088408	0.42184204	3.00000000	-0.08817945	0.35491866	0.56724566	7.58377647	0.06117044	0.04081304	-0.00485827	0.07369620	-0.26445159	-1.90973508	0.68910092	-0.73813963	3.00000000	-0.09064430	0.32508475	0.10554433	5.48733711	0.01553520	0.00429948	0.00154568	0.01619312	-0.08844873	-0.32092711	0.00626791	-0.18337181	5.00000000	-0.08633815	0.46129888	0.09925654	5.37444019	0.00525129	0.01123572	-0.01347015	0.01831018	-0.02092423	0.20395048	0.16860031	0.07408078	4.00000000
9.790000	-0.04582718	0.22740768	0.96758533	10.62561035	0.14132379	-0.02771293	-0.02185951	0.14566489	0.52398533	-1.57998097	0.16719340	0.51019031	3.00000000	-0.08754728	0.35497460	0.56720954	7.58441210	0.05943694	0.01095409	-0.00789662	0.06095161	-0.13210773	-2.03543687	0.42676926	-0.14663568	3.00000000	-0.09050044	0.32511881	0.10556541	5.48748636	0.01461655	0.00084142	0.00176231	0.01474643	-0.09279615	-0.29023114	0.00709296	-0.14788032	5.00000000	-0.08630611	0.46143436	0.09912152	5.37463427	0.00619621	0.01389931	-0.01045844	0.01846518	0.02860748	0.17580262	0.32030156	0.08398179	4.00000000
9.800000	-0.04461084	0.22705606	0.96744514	10.62688446	0.14403027	-0.03503884	-0.01912514	0.14945973	0.33217382	-0.92654592	0.11200124	0.45811433	3.00000000	-0.08704870	0.35477558	0.56710869	7.58495855	0.05832693	-0.02013643	-0.01033743	0.06256492	0.18158424	-2.21479559	-0.10122939	0.41302571	3.00000000	-0.09034070	0.32509935	0.10557644	5.48764753	0.01400330	-0.00107810	0.00179714	0.01415926	-0.08564051	-0.22562097	0.00779930	-0.09244712	5.00000000	-0.08622386	0.46156019	0.09897445	5.37484455	0.00784391	0.01758387	-0.00605173	0.02018273	0.06883474	0.22886309	0.48128089	0.15913753	4.00000000
9.810000	-0.04317109	0.22659205	0.96726900	10.62840748	0.14645696	-0.03974289	-0.01627703	0.15262398	0.15035444	-0.47759315	-0.01611559	0.25898328	3.00000000	-0.08647497	0.35476133	0.56692368	7.58556175	0.06344423	-0.04564176	-0.01467764	0.07952216	0.35941687	-1.92346227	-0.27747875	0.77264017	3.00000000	-0.09018473	0.32507530	0.10558560	5.48780584	0.01317430	-0.00251507	0.00176442	0.01352779	-0.07058721	-0.15432306	0.00020695	-0.04970472	5.00000000	-0.08613331	0.46166718	0.09884483	5.37503529	0.00900446	0.02050350	0.00013771	0.02239404	0.06211181	0.23496854	0.53936553	0.22249220	4.00000000
9.820001	-0.04153576	0.22616053	0.96701092	10.63011837	0.14951307	-0.04427085	-0.01709610	0.15686409	-0.17251559	-0.09938779	-0.11595512	-0.12232251	3.00000000	-0.08592122	0.35423562	0.56679946	7.58633518	0.07054005	-0.06056776	-0.01732310	0.09457505	0.37126800	-0.98285872	-0.19073161	0.72047818	3.00000000	-0.09005725	0.32504147	0.10561104	5.48794031	0.01221945	-0.00411247	0.00185190	0.01302524	-0.05579336	-0.10257297	-0.01334171	-0.03252788	5.00000000	-0.08599498	0.46204093	0.09897578	5.37545490	0.00917849	0.02186398	0.00693767	0.02470647	0.00963374	0.11672540	0.46114519	0.15781246	4.00000000
9.830000	-0.03989009	0.22578976	0.96687824	10.63181019	0.14962076	-0.04663455	-0.02142588	0.15817781	-0.62287331	0.32185611	-0.20021282	-0.63640410	3.00000000	-0.08513886	0.35322154	0.56662112	7.58762836	0.07625353	-0.06757726	-0.01810441	0.10348457	0.19350784	0.27294511	-0.08752523	0.08080254	3.00000000	-0.08996317	0.32500732	0.10563122	5.48804235	0.01165519	-0.00506292	0.00183042	0.01283850	-0.02927954	-0.05124674	-0.02377614	-0.01866957	5.00000000	-0.08592697	0.46221295	0.09905911	5.37565756	0.00888724	0.02375295	0.01288280	0.02844560	-0.04273471	-0.03315893	0.29193488	0.01350303	4.00000000
9.840000	-0.03841887	0.22530828	0.96676129	10.63336277	0.14169377	-0.04226217	-0.02544324	0.15003525	-1.11813641	0.80029929	-0.25067887	-1.16897810	3.00000000	-0.08421073	0.35226831	0.56638777	7.58897924	0.07762145	-0.06332869	-0.01845310	0.10186329	-0.18802518	1.57568777	0.05749034	-0.47422236	3.00000000	-0.08986533	0.32494479	0.10565607	5.48816109	0.01147216	-0.00545482	0.00141306	0.01278132	0.01125141	0.03265050	-0.03314193	0.00228937	5.00000000	-0.08583105	0.46254995	0.09934157	5.37610769	0.00810903	0.02317429	0.01504049	0.02879271	-0.06592564	-0.13092454	0.07482116	-0.11934605	4.00000000
9.850000	-0.03712022	0.22477014	0.96650898	10.63479137	0.12446499	-0.02994872	-0.02683252	0.13079925	-1.62920320	1.27072477	-0.20234536	-1.63661587	3.00000000	-0.08335285	0.35156882	0.56622535	7.59009790	0.07418369	-0.03887887	-0.01808305	0.08568420	-0.61999357	2.69854999	0.16932431	-0.38698941	3.00000000	-0.08974836	0.32487142	0.10566907	5.48829985	0.01174286	-0.00501797	0.00084328	0.01279789	0.04669736	0.13282685	-0.04103604	0.02866093	5.00000000	-0.08578969	0.46263057	0.09943140	5.37623549	0.00686323	0.01945148	0.01306683	0.02441733	-0.06829601	-0.20802096	-0.14629667	-0.25377345	4.00000000
9.860001	-0.03582425	0.22431929	0.96606457	10.63623333	0.10291102	-0.01192093	-0.02795607	0.10730483	-2.08152008	1.57185447	-0.09986336	-1.89414871	3.00000000	-0.08261262	0.35140753	0.56600749	7.59088612	0.06388941	0.00128721	-0.01510729	0.06566387	-1.00830185	3.50605392	0.29231930	0.11057592	3.00000000	-0.08960516	0.32480684	0.10567054	5.48845673	0.01269647	-0.00326162	0.00036297	0.01311374	0.07081106	0.21529031	-0.03809503	0.06321173	5.00000000	-0.08568672	0.46293592	0.09961891	5.37660837	0.00611320	0.01594921	0.00942008	0.01950606	-0.06678668	-0.29268810	-0.32038203	-0.36939394	4.00000000
9.870000	-0.03485432	0.22433065	0.96570557	10.63726807	0.08108827	0.00754918	-0.02908955	0.08647832	-2.30784631	1.44773114	-0.10813279	-1.84747362	3.00000000	-0.08210273	0.35156459	0.56588537	7.59143353	0.05036443	0.04725357	-0.01147836	0.07000878	-1.28012788	3.75527453	0.41490209	0.77702647	3.00000000	-0.08948192	0.32477871	0.10566492	5.48858309	0.01376364	0.00012691	-0.00002036	0.01376424	0.09611504	0.27343175	-0.02732800	0.11032702	5.00000000	-0.08563671	0.46304578	0.09964319	5.37673140	0.00580288	0.01367753	0.00508428	0.01570344	-0.04709553	-0.28167161	-0.39345169	-0.33524475	4.00000000
9.880000	-0.03419895	0.22471489	0.96550804	10.63805294	0.05627243	0.02558964	-0.02901852	0.06828976	-2.27963924	0.69987190	-0.29840142	-1.49726343	3.00000000	-0.08164198	0.35225165	0.56576294	7.59226990	0.03509875	0.08900438	-0.00694742	0.09592690	-1.36695874	3.20878816	0.42031789	1.31739652	3.00000000	-0.08935443	0.32478961	0.10566270	5.48871088	0.01462934	0.00373647	-0.00024661	0.01510098	0.11661191	0.29869750	-0.02113595	0.15895966	5.00000000	-0.08559268	0.46315223	0.09966808	5.37684917	0.00555521	0.01125485	0.00087433	0.01258159	-0.01486236	-0.19313271	-0.40135643	-0.17835569	4.00000000
9.890000	-0.03383661	0.22521640	0.96533811	10.63869476	0.03034963	0.03579048	-0.02945959	0.05540691	-2.10868096	-0.57575637	-0.53261608	-0.65192169	3.00000000	-0.08137552	0.35346285	0.56574988	7.59351015	0.01985990	0.12143303	-0.00060598	0.12304781	-1.22814190	1.80426872	0.23683906	0.99452621	3.00000000	-0.08920205	0.32486007	0.10566261	5.48887873	0.01555998	0.00686695	-0.00020899	0.01700916	0.10966334	0.26097110	-0.02044698	0.17081146	5.00000000	-0.08554758	0.46322069	0.09966220	5.37693119	0.00502449	0.00774935	-0.00349693	0.00987554	-0.00101763	-0.14678970	-0.38597098	-0.04389983	4.00000000
9.900001	-0.03363461	0.22558469	0.96503663	10.63921165	0.00895476	0.02705641	-0.03618399	0.04605994	-1.82149088	-2.16788220	-0.63283736	0.68866026	3.00000000	-0.08118032	0.35503948	0.56573123	7.59509897	0.00692612	0.13907079	0.00370940	0.13929255	-0.91696769	-0.29268035	-0.08511709	-0.64794189	3.00000000	-0.08903731	0.32497382	0.10566311	5.48907900	0.01714583	0.00941654	-0.00032106	0.01956410	0.05153131	0.15098399	-0.02231749	0.09992789	5.00000000	-0.08549150	0.46332639	0.09961925	5.37705851	0.00539490	0.00778958	-0.00667181	0.01158860	-0.01487126	-0.13833447	-0.31193209	0.01235085	4.00000000
9.910000	-0.03369331	0.22592367	0.96461886	10.63975239	-0.00701336	-0.00737930	-0.04905859	0.05010376	-1.39775527	-3.80695939	-0.51851070	2.14787149	3.00000000	-0.08127385	0.35668102	0.56582677	7.59674597	-0.00201308	0.13052051	0.00227143	0.13055579	-0.53728110	-2.68274426	-0.44382858	-1.42904031	3.00000000	-0.08885176	0.32507136	0.10565524	5.48928881	0.01848886	0.01117388	-0.00066794	0.02161342	-0.08686412	0.00115820	-0.02881398	-0.10023533	5.00000000	-0.08543132	0.46335709	0.09951833	5.37718010	0.00583250	0.00784248	-0.01043280	0.01429566	-0.04668448	-0.10015854	-0.15684788	-0.01009679	4.00000000
9.920000	-0.03388422	0.22600158	0.96411455	10.64029694	-0.01782632	-0.05959930	-0.05921026	0.08588195	-0.91993016	-4.95092964	-0.11539213	3.35762835	3.00000000	-0.08141804	0.35817653	0.56597090	7.59825516	-0.00381917	0.08749986	-0.00731796	0.08788837	-0.22855504	-4.88192272	-0.66893047	-0.43825978	3.00000000	-0.08867168	0.32519075	0.10565746	5.48950481	0.01807629	0.01067668	-0.00108350	0.02102184	-0.32504320	-0.16411187	-0.03228957	-0.26533866	5.00000000	-0.08537848	0.46344331	0.09940867	5.37732935	0.00556167	0.00660171	-0.01270504	0.01536011	-0.09683210	-0.09957825	0.04876541	-0.14547902	4.00000000
9.930000	-0.03418704	0.22535352	0.96339816	10.64130974	-0.02488140	-0.12420962	-0.05865991	0.13959979	-0.43959481	-4.94268179	0.62587899	3.80851579	3.00000000	-0.08156618	0.35911947	0.56595737	7.59920979	-0.00136116	0.01485050	-0.02006938	0.02500340	-0.12048487	-6.43447733	-0.58063698	0.87344921	3.00000000	-0.08845589	0.32530367	0.10563475	5.48974943	0.01416362	0.00761623	-0.00147242	0.01614878	-0.64469868	-0.32095319	-0.02210825	-0.13050805	5.00000000	-0.08531059	0.46353716	0.09923304	5.37753963	0.00398072	0.00471274	-0.01129980	0.01287406	-0.21622363	-0.26419964	0.25004274	-0.11205753	4.00000000
9.940001	-0.03446624	0.22354485	0.96258622	10.64331150	-0.02731029	-0.18665591	-0.04698932	0.19440751	0.06492554	-3.51210213	1.49978578	2.86735344	3.00000000	-0.08154657	0.35910502	0.56566352	7.59950447	0.00143846	-0.06954521	-0.02964536	0.07561384	-0.29352161	-6.89789438	-0.13792603	2.35389352	3.00000000	-0.08828141	0.32542837	0.10562257	5.48996401	0.00577718	0.00284786	-0.00181018	0.00669051	-0.97038114	-0.43062365	-0.00558431	0.19226740	5.00000000	-0.08525766	0.46360296	0.09907931	5.37771511	0.00151799	0.00353133	-0.00622887	0.00731939	-0.45942140	-0.56544358	0.40625674	0.25947577	4.00000000
9.950000	-0.03472067	0.22111069	0.96202904	10.64582157	-0.02517371	-0.22733918	-0.02515465	0.23010774	0.61512852	-0.93650150	2.13110280	0.63437408	3.00000000	-0.08132423	0.35768494	0.56503791	7.60107231	-0.00069104	-0.14745370	-0.02928326	0.15033489	-0.66139442	-6.00863361	0.42446291	3.99194169	3.00000000	-0.08820663	0.32543325	0.10559517	5.49004364	-0.00678804	-0.00280341	-0.00175852	0.00755175	-1.18192494	-0.45099190	0.00917746	0.49917388	5.00000000	-0.08524508	0.46359444	0.09898784	5.37780762	-0.00192008	-0.00036036	0.00088376	0.00214420	-0.75689590	-0.86796737	0.46559429	0.73023903	4.00000000
9.960000	-0.03501922	0.21802597	0.96194023	10.64892197	-0.01642008	-0.22491576	0.00431538	0.22555563	1.24098289	2.19651675	2.26944256	-1.69103432	3.00000000	-0.08126292	0.35532740	0.56456596	7.60347748	-0.01069034	-0.20869100	-0.01747260	0.20969385	-0.89419347	-3.60311365	1.08159673	3.48711753	3.00000000	-0.08833728	0.32534543	0.10557733	5.49020195	-0.02203621	-0.00791202	-0.00133899	0.02345181	-1.15499282	-0.36674613	0.02547374	0.75672007	5.00000000	-0.08529612	0.46356177	0.09907629	5.37791491	-0.01024405	-0.01244421	0.00624750	0.01728670	-0.92314929	-1.07551157	0.37803108	1.12213027	4.00000000
9.970000	-0.03520945	0.21559648	0.96225834	10.65137959	-0.00115583	-0.17506778	0.03361503	0.17826955	1.94737458	5.11703634	1.83008277	-2.42483926	3.00000000	-0.08136124	0.35266769	0.56441993	7.60614300	-0.02716773	-0.24098729	0.00094672	0.24251568	-0.61608112	-0.13624728	1.66027236	0.30545604	3.00000000	-0.08867458	0.32518795	0.10556005	5.49057436	-0.03653429	-0.01187325	-0.00097696	0.03842764	-0.83591294	-0.17674518	0.04618211	0.75200963	5.00000000	-0.08538549	0.46354324	0.09925764	5.37811804	-0.02493840	-0.02971689	0.00965235	0.03997730	-0.80594802	-1.06482756	0.17472214	1.23783422	4.00000000
9.980000	-0.03527279	0.21370153	0.96285403	10.65336704	0.02113804	-0.09358786	0.05383392	0.11001635	2.62654924	7.06620026	0.85648406	-1.42370760	3.00000000	-0.08181129	0.35016301	0.56475490	7.60870981	-0.04181179	-0.23377885	0.01532336	0.23798232	0.29400989	3.26103520	1.52860141	-2.48549938	3.00000000	-0.08917165	0.32503396	0.10556161	5.49109459	-0.04562338	-0.01324043	-0.00063591	0.04751006	-0.27238837	0.07453882	0.06519237	0.26011080	5.00000000	-0.08557048	0.46328354	0.09945028	5.37849045	-0.03908779	-0.04410818	0.01065439	0.05989076	-0.34850571	-0.59618688	-0.00806008	0.61847478	4.00000000
9.990000	-0.03491304	0.21344659	0.96355611	10.65419579	0.05184881	-0.00114528	0.05820890	0.07796080	3.10574746	7.42584848	-0.42786026	0.23859365	3.00000000	-0.08246078	0.34767267	0.56522030	7.61132526	-0.03964199	-0.16496927	0.04102290	0.17455436	1.61026657	6.15508461	0.85189199	-2.65559030	3.00000000	-0.08975390	0.32492742	0.10556181	5.49168634	-0.04532585	-0.01131718	-0.00004421	0.04671738	0.40840474	0.31262964	0.07885921	-0.39999756	5.00000000	-0.08610925	0.46253794	0.09945444	5.37941027	-0.04324801	-0.05137821	0.00791531	0.06762221	0.40632614	0.35259387	-0.10354599	-0.22521533	4.00000000
10.000000	-0.03427122	0.21421342	0.96427512	10.65542698	0.08981575	0.08314612	0.04419883	0.13012949	3.33321476	6.18019342	-1.72295165	2.09994650	3.00000000	-0.08308205	0.34568691	0.56555259	7.61343241	-0.01154393	-0.06547222	0.05592107	0.08687371	2.95391965	8.39605236	0.27836058	-0.83076739	3.00000000	-0.09029963	0.32478863	0.10555854	5.49224949	-0.03541205	-0.00535771	0.00106810	0.03583098	1.04547691	0.50531864	0.08303599	-0.58814812	5.00000000	-0.08687199	0.46172974	0.09953718	5.38052464	-0.03237215	-0.04484802	0.00439634	0.05548540	1.23828435	1.39476609	-0.19876882	-0.23240024	4.00000000
10.010000	-0.03322132	0.21574998	0.96482503	10.65736771	0.12817557	0.14621168	0.01563380	0.19506729	3.33566833	3.86683750	-2.77739978	3.54004693	3.00000000	-0.08342119	0.34486324	0.56570113	7.61433554	0.03587554	0.02758826	0.04207939	0.06179677	3.82515740	8.84928608	-0.54852164	1.28536034	3.00000000	-0.09065923	0.32471994	0.10555448	5.49261570	-0.01879098	0.00195627	0.00226342	0.01902764	1.47989440	0.61633682	0.06970236	-0.33045769	5.00000000	-0.08742251	0.46113759	0.09953889	5.38133335	-0.01013329	-0.02050723	0.00305735	0.02307763	1.78134823	2.11683655	-0.31988943	0.12890892	4.00000000
10.020000	-0.03171400	0.21763483	0.96490335	10.65978241	0.16085143	0.17099045	-0.02077023	0.23567419	3.21979856	1.02228177	-3.41326666	3.58224535	3.00000000	-0.08277238	0.34713107	0.56721807	7.61713982	0.08749763	0.12564063	0.02641181	0.15536727	3.89107466	7.28764200	-1.69701779	3.43392849	2.00000000	-0.09073301	0.32474184	0.10558569	5.49269867	0.00035018	0.00876635	0.00314495	0.00931999	1.63089776	0.59819382	0.04702010	0.05064156	5.00000000	-0.08735412	0.46105132	0.09957345	5.38144875	0.01654197	0.01504992	0.00260118	0.02251451	1.76641619	2.32244372	-0.40623608	0.35277581	4.00000000
10.030000	-0.02977804	0.21962281	0.96439362	10.66260338	0.18892065	0.16071746	-0.06027122	0.25525230	3.18419790	-1.95080674	-3.57619882	2.86348820	3.00000000	-0.08125429	0.34913749	0.56715953	7.61965656	0.13149977	0.21153936	0.01410345	0.24947946	3.28220177	5.26274776	-2.10276461	4.90589046	2.00000000	-0.09054608	0.32496840	0.10564411	5.49299812	0.01886574	0.01529132	0.00329223	0.02450672	1.54468524	0.48539248	0.04107733	0.54078519	5.00000000	-0.08665969	0.46156168	0.09960058	5.38231087	0.03870651	0.04574979	-0.00241982	0.05997577	1.25574720	1.92950296	-0.44971347	0.74928820	4.00000000
10.040000	-0.02766881	0.22155212	0.96344578	10.66561508	0.21585326	0.12215611	-0.09877135	0.26696539	3.33622265	-4.49155951	-3.34098935	2.80735087	3.00000000	-0.07935512	0.35148722	0.56695294	7.62268496	0.15727878	0.24474287	-0.01582901	0.29135245	2.49331856	3.11879826	-1.86311936	4.09197474	2.00000000	-0.09021467	0.32518440	0.10570054	5.49339771	0.03375777	0.01982277	0.00288207	0.03925348	1.31860733	0.39051214	0.06929153	1.01218760	5.00000000	-0.08596442	0.46237502	0.09961652	5.38338089	0.04859331	0.06219869	-0.01051091	0.07962704	0.56189942	1.02766609	-0.46741620	0.87622869	4.00000000
10.050000	-0.02549914	0.22263542	0.96225488	10.66831684	0.24891682	0.06023248	-0.13257363	0.28838047	3.63244700	-5.98137951	-2.77401567	3.41903353	3.00000000	-0.07755727	0.35419378	0.56646675	7.62597036	0.17032257	0.24354035	-0.04693369	0.30087280	2.13252544	0.15033607	-1.99261475	1.75707662	2.00000000	-0.08981294	0.32540023	0.10572360	5.49385452	0.04477600	0.02190247	0.00310565	0.04994250	1.00966752	0.31908339	0.13708559	1.05153787	5.00000000	-0.08543389	0.46333107	0.09957353	5.38447523	0.04478792	0.06432731	-0.01712187	0.08023166	-0.01895611	-0.01563691	-0.36078534	0.11395225	4.00000000
10.060000	-0.02311287	0.22292677	0.96083367	10.67110920	0.29025227	-0.01874852	-0.15857020	0.33127388	3.96340775	-6.35159683	-1.82337892	4.13417387	3.00000000	-0.07606357	0.35675353	0.56597632	7.62897444	0.17942984	0.24075805	-0.05643665	0.30552348	2.29297853	-2.81693006	-2.06726289	0.36835644	2.00000000	-0.08931346	0.32560700	0.10571156	5.49439526	0.05308296	0.02330914	0.00487001	0.05817933	0.64699388	0.19951676	0.23494861	0.69816422	5.00000000	-0.08517808	0.46389624	0.09921704	5.38519096	0.03523243	0.05543431	-0.01973777	0.06858473	-0.31709990	-0.79725051	-0.04394903	-0.75192952	4.00000000
10.070001	-0.02014679	0.22229014	0.95909441	10.67460632	0.33457202	-0.09694397	-0.17490585	0.38978022	4.06417990	-5.85963678	-0.47847080	4.45381069	3.00000000	-0.07460149	0.35917312	0.56535143	7.63186979	0.19920108	0.21355672	-0.06467302	0.29911560	2.50077438	-4.84316349	-1.26576328	0.09673958	2.00000000	-0.08876411	0.32580134	0.10572671	5.49497795	0.05888939	0.02668227	0.00808121	0.06515527	0.26964581	0.02681979	0.31521663	0.31141865	5.00000000	-0.08494546	0.46428415	0.09886467	5.38576412	0.02893278	0.03958941	-0.01933773	0.05271029	-0.32789269	-1.21255159	0.32236165	-1.00675905	4.00000000
10.080000	-0.01633241	0.22073188	0.95707309	10.67919540	0.37866703	-0.15169555	-0.17728259	0.44478014	3.63339972	-4.81629944	0.98019278	4.06508780	3.00000000	-0.07244685	0.36131108	0.56460464	7.63499546	0.24044600	0.13884926	-0.09237627	0.29262054	2.52378893	-6.75787020	-0.39263579	0.36457154	2.00000000	-0.08808463	0.32608876	0.10583708	5.49572372	0.06040546	0.02860526	0.01247966	0.06799134	-0.10270454	-0.18092908	0.32518786	-0.08242276	5.00000000	-0.08468224	0.46458155	0.09865656	5.38621235	0.02870231	0.02334192	-0.01359004	0.03941265	-0.19033441	-1.31696033	0.53977150	-0.87909424	4.00000000
10.090000	-0.01203758	0.21858747	0.95507532	10.68439484	0.41857693	-0.18648790	-0.15818724	0.48477581	2.67130804	-3.67812729	2.16206574	3.03758335	3.00000000	-0.07005758	0.36298195	0.56388736	7.63799810	0.27875713	0.04795343	-0.10469605	0.30160624	2.11875725	-8.65140438	0.02251218	1.09952736	2.00000000	-0.08741369	0.32641512	0.10601784	5.49649143	0.05663571	0.02562875	0.01688997	0.06441823	-0.44575977	-0.45692965	0.26407990	-0.45423508	5.00000000	-0.08437876	0.46478754	0.09864216	5.38657951	0.03130753	0.01056070	-0.00300854	0.03317742	-0.09592779	-1.16939557	0.58872521	-0.61897379	4.00000000
10.100000	-0.00767969	0.21624058	0.95337200	10.68962955	0.44444174	-0.20827426	-0.11940102	0.50513685	1.40284348	-3.09764075	2.75522995	1.89649856	3.00000000	-0.06665088	0.36337364	0.56285232	7.64158010	0.29580390	-0.04057437	-0.08291850	0.30987370	0.68701118	-8.79723930	0.95920283	1.35057807	2.00000000	-0.08679467	0.32681310	0.10623211	5.49725771	0.04896397	0.01811609	0.01956758	0.05575440	-0.68694806	-0.76079321	0.17086020	-0.67626244	5.00000000	-0.08404014	0.46486443	0.09869630	5.38693094	0.03162716	-0.00018279	0.00551144	0.03210431	-0.15389793	-0.87657481	0.50865555	-0.39953658	4.00000000
10.110001	-0.00314699	0.21446855	0.95232278	10.69460773	0.44973889	-0.23060863	-0.07817943	0.51142687	-0.07908592	-3.28199458	2.50299168	1.07287765	3.00000000	-0.06296448	0.36116713	0.56057602	7.64644241	0.29873627	-0.14698282	-0.06446192	0.33912039	-1.32022309	-7.00330448	2.11749792	0.51116818	3.00000000	-0.08637386	0.32698157	0.10645009	5.49776077	0.03921712	0.00804067	0.01984139	0.04468015	-0.74045128	-0.92381191	0.08589236	-0.65550613	5.00000000	-0.08365902	0.46474352	0.09880263	5.38734484	0.02884635	-0.00766342	0.00896516	0.03116431	-0.30500332	-0.55450982	0.30217594	-0.31333780	4.00000000
10.120000	0.00151904	0.21230194	0.95207983	10.69975758	0.43689141	-0.26108858	-0.04866222	0.51128209	-1.72155738	-3.69705391	1.46277452	0.48587966	3.00000000	-0.06012858	0.35952389	0.56073838	7.64972401	0.27696335	-0.23792112	-0.04829516	0.36830366	-2.78776121	-4.78735781	1.99836636	-0.50770938	3.00000000	-0.08610335	0.32691842	0.10665093	5.49810362	0.02988918	-0.00395030	0.01899377	0.03563329	-0.61726284	-0.90052766	0.03818731	-0.45840359	5.00000000	-0.08336291	0.46453071	0.09895165	5.38773870	0.02359139	-0.01185114	0.00865062	0.02778195	-0.39402372	-0.26783466	0.06427617	-0.32782647	4.00000000
10.130000	0.00612399	0.20989472	0.95219213	10.70495510	0.41299883	-0.30834550	-0.04125386	0.51705593	-3.32321978	-3.73635817	0.22020699	-0.15205964	3.00000000	-0.05760354	0.35671172	0.56094170	7.65350914	0.22319117	-0.26072413	-0.01143068	0.34339777	-3.70645833	-2.25794315	1.21736193	-1.72332191	3.00000000	-0.08588197	0.32673904	0.10683410	5.49844217	0.02361108	-0.01475786	0.01875733	0.03357253	-0.41946900	-0.78462678	0.02249816	-0.19278410	5.00000000	-0.08314932	0.46436897	0.09904673	5.38802290	0.01732763	-0.01227856	0.00738048	0.02248291	-0.35475692	-0.07433198	-0.06277088	-0.31604317	4.00000000
10.140000	0.01018712	0.20623286	0.95195478	10.71043015	0.37394074	-0.36160472	-0.05580981	0.52316767	-4.74292374	-3.11143327	-0.54157972	-1.06194854	3.00000000	-0.05542554	0.35317355	0.56110626	7.65766716	0.17079543	-0.24332030	0.00907183	0.29741913	-4.21059799	0.38864240	0.83255011	-3.19986892	3.00000000	-0.08568759	0.32654205	0.10698742	5.49875879	0.02210829	-0.02059663	0.01973404	0.03608920	-0.25072822	-0.61570305	-0.01059278	0.02388454	5.00000000	-0.08306556	0.46428880	0.09908966	5.38814640	0.01301989	-0.00982384	0.00580736	0.01731331	-0.25608134	-0.01354683	-0.04653348	-0.22036888	4.00000000
10.150001	0.01357883	0.20225134	0.95128542	10.71570301	0.31744304	-0.39730009	-0.07859667	0.51458222	-6.11578465	-1.73714995	-0.40443635	-2.41216159	3.00000000	-0.05403822	0.35035783	0.56103379	7.66080713	0.13365975	-0.22304355	-0.00680089	0.26011458	-3.92813182	1.43707311	0.34832454	-3.34551167	3.00000000	-0.08548410	0.32631141	0.10716939	5.49911594	0.02298237	-0.02408375	0.02097183	0.03934506	-0.19542691	-0.39440346	-0.11119604	0.04485790	5.00000000	-0.08300792	0.46423748	0.09909396	5.38822365	0.01233425	-0.00807146	0.00472249	0.01547850	-0.18691079	-0.05349597	0.04358227	-0.08018985	4.00000000
10.160000	0.01664428	0.19755206	0.94995135	10.72146988	0.24689649	-0.40472472	-0.08960068	0.48248136	-7.42371035	0.32355833	0.64979917	-4.02218723	3.00000000	-0.05327287	0.34875053	0.56101614	7.66258764	0.09790718	-0.19119456	-0.01522899	0.21534415	-3.37051320	0.48911259	-0.19918379	-1.78089881	3.00000000	-0.08525308	0.32607692	0.10740485	5.49952078	0.02280604	-0.02725621	0.02038957	0.04097256	-0.34573674	-0.16518436	-0.30762899	-0.15779060	5.00000000	-0.08292919	0.46418491	0.09913791	5.38832808	0.01357148	-0.00925461	0.00561755	0.01736058	-0.23596279	-0.14263430	0.13421050	0.05613573	4.00000000
10.170000	0.01884357	0.19332366	0.94874763	10.72638607	0.16657214	-0.38615116	-0.07748256	0.42762432	-8.26721668	2.48598814	2.14404106	-5.06350660	3.00000000	-0.05254520	0.34773996	0.56072706	7.66386604	0.06798707	-0.17864753	-0.01502633	0.19173673	-3.49408174	-1.26140547	-0.03994670	0.39289492	3.00000000	-0.08497666	0.32580265	0.10767121	5.49999237	0.01934922	-0.02942582	0.01631783	0.03881421	-0.72114140	0.05194988	-0.59584701	-0.22960266	5.00000000	-0.08273850	0.46409801	0.09920624	5.38854837	0.01275881	-0.01322652	0.00854135	0.02026530	-0.49727759	-0.21528700	0.16686361	0.21682629	4.00000000
10.180000	0.02031162	0.18958254	0.94784206	10.73050594	0.07362054	-0.34671015	-0.03880163	0.35655782	-8.40423298	4.16865969	3.47426605	-4.98363495	3.00000000	-0.05176855	0.34631485	0.56032157	7.66553879	0.04305703	-0.20600730	-0.00956605	0.21067610	-4.20534945	-3.26649189	0.45239592	2.90289855	3.00000000	-0.08472554	0.32545784	0.10788169	5.50046825	0.01137226	-0.02854292	0.00881453	0.03196440	-1.21361756	0.26644722	-0.89501303	0.09631496	5.00000000	-0.08251366	0.46395162	0.09929401	5.38883066	0.00751720	-0.01702780	0.01189137	0.02208753	-0.97169542	-0.17296813	0.09929346	0.48952532	4.00000000
10.190001	0.02051506	0.18649608	0.94770694	10.73360252	-0.02162952	-0.28918833	0.01369665	0.29031935	-7.91613960	5.28293800	4.25606728	-3.93981671	3.00000000	-0.05138446	0.34415042	0.56032801	7.66773701	0.00473081	-0.26341975	-0.00322163	0.26348191	-5.02694559	-5.05191803	0.65793258	5.32730007	3.00000000	-0.08461593	0.32511771	0.10792438	5.50082827	-0.00367593	-0.02348175	-0.00242765	0.02389139	-1.68345535	0.41892469	-1.06619263	0.61890668	5.00000000	-0.08237539	0.46374050	0.09943395	5.38911915	-0.00405988	-0.01900742	0.01381691	0.02384684	-1.50303686	0.02942933	-0.01538944	0.87037432	4.00000000
10.200000	0.01972541	0.18372178	0.94819033	10.73652744	-0.10265092	-0.22801197	0.06405512	0.25812733	-6.85619831	5.98377132	4.33780241	-2.27962828	3.00000000	-0.05123334	0.34092015	0.56039417	7.67097139	-0.05844732	-0.33346388	0.00643879	0.33860847	-5.75464010	-5.53489113	0.71146995	6.46922255	3.00000000	-0.08469771	0.32484165	0.10780708	5.50113916	-0.02519693	-0.01618887	-0.01650620	0.03419678	-2.00607753	0.43490994	-1.03159511	1.13539910	5.00000000	-0.08249441	0.46346372	0.09960983	5.38946819	-0.02348690	-0.01864533	0.01194862	0.03228083	-1.86955249	0.29791141	-0.07938866	1.22703242	4.00000000
10.210000	0.01783507	0.18169065	0.94938833	10.73954964	-0.16304429	-0.16602190	0.10663022	0.25596234	-5.23701143	6.21801186	3.69317770	-0.56610030	3.00000000	-0.05197835	0.33711064	0.56072587	7.67486715	-0.13271132	-0.40270710	0.01349797	0.42422575	-5.82924986	-4.32677126	0.71602064	5.76230669	3.00000000	-0.08501285	0.32475498	0.10758965	5.50153160	-0.05001500	-0.00957275	-0.02963741	0.05891956	-2.03676343	0.29500744	-0.79752445	1.55050683	5.00000000	-0.08279438	0.46328396	0.09978734	5.38986015	-0.04855798	-0.01363531	0.00763833	0.05101120	-1.90779388	0.47858879	-0.06534184	1.41448057	4.00000000
10.220000	0.01570489	0.18034966	0.95066679	10.74237251	-0.20556100	-0.10382657	0.14063020	0.26983723	-3.34242845	5.86981249	2.52380443	0.36475334	3.00000000	-0.05372471	0.33282337	0.56073618	7.67949629	-0.20181753	-0.45218292	0.01959602	0.49556404	-4.57758093	-1.87000775	0.64551240	3.36764669	3.00000000	-0.08568560	0.32481068	0.10720307	5.50230932	-0.07369841	-0.00736068	-0.03704776	0.08281408	-1.67319524	0.04118308	-0.38962698	1.53363335	5.00000000	-0.08340078	0.46313968	0.09988397	5.39049101	-0.07279844	-0.00494396	0.00568411	0.07318719	-1.53894699	0.50467992	0.03356119	1.28700984	4.00000000
10.230000	0.01350745	0.17977685	0.95221132	10.74511909	-0.23111916	-0.03856905	0.16531199	0.28676069	-1.49647117	4.99779272	1.12134576	0.13387823	3.00000000	-0.05660665	0.32790971	0.56092721	7.68519592	-0.25163004	-0.45977134	0.02587984	0.52476388	-2.14404774	1.25471449	0.46364781	-0.25055707	3.00000000	-0.08658760	0.32481876	0.10671683	5.50333405	-0.09145594	-0.00955239	-0.03773986	0.09939685	-0.97431952	-0.22877139	0.10768041	0.91616178	5.00000000	-0.08428375	0.46311519	0.09977791	5.39138079	-0.08864645	0.00320151	0.00804377	0.08906820	-0.82054001	0.36979136	0.22147335	0.77902240	4.00000000
10.240000	0.01131491	0.17970683	0.95385712	10.74786186	-0.23607914	0.01510680	0.17036894	0.29152554	0.26288813	3.61809731	-0.38840452	-1.05871820	3.00000000	-0.05973373	0.32261690	0.56105626	7.69134474	-0.26330790	-0.42206866	0.03164709	0.49847221	0.61001998	4.49182367	0.20972797	-4.26198149	3.00000000	-0.08773528	0.32473418	0.10621244	5.50459051	-0.09833921	-0.01472135	-0.03288338	0.10473126	-0.09890819	-0.36939237	0.52999282	0.02311872	5.00000000	-0.08544482	0.46326694	0.09974702	5.39255238	-0.09224527	0.00620956	0.01249543	0.09329461	0.06068200	0.10261477	0.37346590	0.02512702	4.00000000
10.250000	0.00866044	0.18014407	0.95593047	10.75125790	-0.22263554	0.04591011	0.15553683	0.27543789	2.02151871	1.74902701	-1.98419845	-2.94541359	3.00000000	-0.06273870	0.31789020	0.56162429	7.69697428	-0.23017317	-0.35075817	0.03440628	0.42094511	2.99019241	7.03820133	-0.14241114	-7.58458424	3.00000000	-0.08884998	0.32441986	0.10592044	5.50578499	-0.09253137	-0.02100194	-0.02369682	0.09779916	0.77099490	-0.29877406	0.75147468	-0.83794379	5.00000000	-0.08657371	0.46343330	0.09992777	5.39370775	-0.08369666	0.00404293	0.01782731	0.08566964	0.88141900	-0.17811605	0.32869536	-0.74222738	4.00000000
10.260000	0.00612000	0.18122356	0.95787275	10.75463295	-0.19388756	0.05146997	0.12531181	0.23652610	3.58025622	-0.26674083	-3.35786629	-4.56391954	3.00000000	-0.06503221	0.31488073	0.56207085	7.70078421	-0.16982800	-0.25854084	0.03059804	0.31083944	4.58738899	8.21708584	-0.54021752	-9.51101208	3.00000000	-0.08983302	0.32417366	0.10579351	5.50680637	-0.07725351	-0.02564192	-0.01283133	0.08240301	1.44571614	-0.07460794	0.78029662	-1.49901783	5.00000000	-0.08738627	0.46355924	0.10030960	5.39461422	-0.06779227	-0.00133589	0.02324972	0.07168072	1.46348357	-0.31074959	0.10892226	-1.33297431	4.00000000
10.270000	0.00411635	0.18196699	0.95890015	10.75700378	-0.14902407	0.03310020	0.08229364	0.17342445	4.64543200	-1.78734052	-4.01345921	-4.52303076	3.00000000	-0.06631208	0.31339943	0.56250441	7.70278931	-0.10924891	-0.15825802	0.02201150	0.19355989	5.10479450	8.10879803	-0.82634211	-8.94895840	3.00000000	-0.09049972	0.32390350	0.10577966	5.50752592	-0.05645398	-0.02503395	-0.00389206	0.06187809	1.77045798	0.21772432	0.67517257	-1.82217038	5.00000000	-0.08784197	0.46340489	0.10062610	5.39519024	-0.04839735	-0.00712201	0.02455215	0.05473422	1.70085239	-0.23283185	-0.13030839	-1.59839535	4.00000000
10.280000	0.00309460	0.18234201	0.95927340	10.75815487	-0.08901144	-0.00241920	0.02928823	0.09373734	5.28502703	-2.53944850	-3.85246682	-3.14308739	3.00000000	-0.06660512	0.31260315	0.56250089	7.70363760	-0.05775274	-0.07093449	0.00868440	0.09188308	4.74618340	7.09188747	-0.90856504	-6.23877573	3.00000000	-0.09087200	0.32365403	0.10579667	5.50797462	-0.03473529	-0.01930098	0.00118750	0.03975523	1.74605656	0.48035333	0.49358490	-1.69345570	5.00000000	-0.08808886	0.46320328	0.10081355	5.39555979	-0.02867834	-0.01020605	0.01944155	0.03611903	1.61916208	-0.03986020	-0.31179658	-1.45513010	4.00000000
10.290000	0.00260153	0.18190500	0.95911688	10.75883198	-0.02763484	-0.04026505	-0.01831601	0.05215779	5.61139870	-2.59821200	-3.12328649	-1.27601004	3.00000000	-0.06667697	0.31218892	0.56246197	7.70405960	-0.01518484	-0.00982434	-0.00346601	0.01841494	4.28100872	5.43124819	-0.84252483	-3.03822112	3.00000000	-0.09108578	0.32341361	0.10582162	5.50829744	-0.01594213	-0.01134078	0.00400711	0.01997052	1.50353467	0.59220397	0.31313753	-1.23370945	5.00000000	-0.08835901	0.46303931	0.10097250	5.39591360	-0.01127813	-0.00831957	0.01152748	0.01814646	1.35125887	0.14522299	-0.40537965	-1.06701159	4.00000000
10.300000	0.00269789	0.18098842	0.95876074	10.75981998	0.02653747	-0.06552611	-0.04436771	0.08346498	5.62804842	-2.17278242	-2.08609366	1.19027674	3.00000000	-0.06684659	0.31229639	0.56235296	7.70428801	0.01882762	0.03263429	-0.01003841	0.03899033	4.13553333	3.52671170	-0.63763720	0.04973641	3.00000000	-0.09112784	0.32331562	0.10586561	5.50841284	-0.00338120	-0.00313992	0.00569442	0.00732926	1.16378629	0.48681805	0.19705728	-0.70073223	5.00000000	-0.08849258	0.46299091	0.10106407	5.39608240	0.00035881	-0.00288611	0.00661462	0.00722576	0.98061609	0.23978285	-0.34800759	-0.66615117	4.00000000
10.310000	0.00321575	0.18009646	0.95806170	10.76106548	0.08006672	-0.07993194	-0.05071511	0.12398313	5.53666687	-1.67422092	-1.06157184	3.69030619	3.00000000	-0.06684241	0.31298894	0.56222683	7.70499182	0.05328543	0.05680099	-0.01330574	0.07901096	4.13911867	1.82261622	-0.35772219	2.72012091	3.00000000	-0.09107476	0.32338586	0.10592934	5.50852156	0.00458186	0.00217035	0.00710984	0.00873234	0.83222300	0.24138471	0.13912290	-0.18197416	5.00000000	-0.08837432	0.46305475	0.10107554	5.39621735	0.00688620	0.00156363	0.00477253	0.00852301	0.55705255	0.20345794	-0.17622045	-0.31149432	4.00000000
10.320001	0.00416898	0.17924106	0.95719856	10.76260948	0.13340642	-0.08772574	-0.04906157	0.16703328	5.61258507	-1.55400050	-0.55499285	5.11290741	3.00000000	-0.06614397	0.31398919	0.56208003	7.70622063	0.09971733	0.06550476	-0.01617571	0.12039964	4.13600874	0.44681752	-0.25727352	3.88494062	3.00000000	-0.09094509	0.32355952	0.10602488	5.50875854	0.01041386	0.00309348	0.00839333	0.01372830	0.62982970	-0.00082453	0.10262676	0.27791896	5.00000000	-0.08806891	0.46312952	0.10105109	5.39653254	0.01027584	0.00311658	0.00476887	0.01174939	0.20138983	0.07642806	-0.04861940	-0.06217641	4.00000000
10.330000	0.00567674	0.17868517	0.95684147	10.76425552	0.18966953	-0.09765041	-0.04851023	0.21877700	5.76804590	-1.75900483	-0.84793490	5.73198080	3.00000000	-0.06488083	0.31497595	0.56197470	7.70782709	0.14919877	0.06065642	-0.01599292	0.16184945	4.05835295	-0.45698944	-0.34029946	3.67126894	3.00000000	-0.09083863	0.32363951	0.10611463	5.50891924	0.01491619	-0.00090748	0.00949961	0.01770759	0.60175914	-0.12365562	0.07855171	0.53791142	5.00000000	-0.08790793	0.46317905	0.10109710	5.39670706	0.00997254	0.00155593	0.00605869	0.01177201	0.06044165	-0.03251930	-0.07815886	0.02640875	4.00000000
10.340000	0.00802672	0.17766845	0.95661414	10.76682568	0.24936219	-0.11759350	-0.05470862	0.28107432	5.81149483	-1.84093797	-1.62539470	6.18681097	3.00000000	-0.06291622	0.31523761	0.56167412	7.70983171	0.19180581	0.04628251	-0.01703153	0.19804446	3.70356774	-0.65030539	-0.46041343	3.30687594	3.00000000	-0.09069942	0.32357582	0.10621171	5.50910044	0.01958596	-0.00559737	0.01001408	0.02269851	0.65996450	-0.07522892	0.06010739	0.62304449	5.00000000	-0.08790804	0.46317649	0.10119739	5.39680719	0.00694226	-0.00108480	0.00664629	0.00967187	0.14905258	-0.03850459	-0.26408228	0.16632217	4.00000000
10.350000	0.01065653	0.17641993	0.95634633	10.76974869	0.31185272	-0.14808537	-0.07540683	0.35336608	5.73430109	-1.53484535	-2.34346032	6.29267216	3.00000000	-0.06059037	0.31557769	0.56156063	7.71218491	0.22398530	0.02918591	-0.02491772	0.22724904	3.03863502	-0.19548433	-0.65276164	2.89587998	3.00000000	-0.09049371	0.32339105	0.10631120	5.50939417	0.02667407	-0.00713989	0.01016886	0.02942601	0.71641076	0.13307855	0.03984321	0.69564939	5.00000000	-0.08797388	0.46311864	0.10133455	5.39696980	0.00555298	-0.00222226	0.00428191	0.00735587	0.37932190	0.09501351	-0.55849630	0.51432687	4.00000000
10.360001	0.01427657	0.17475356	0.95551085	10.77382088	0.37002078	-0.17151435	-0.11194298	0.42292291	5.44133043	-0.64999264	-2.65499949	5.86716413	3.00000000	-0.05827859	0.31562328	0.56139779	7.71450281	0.24976689	0.02572884	-0.03337810	0.25329739	2.37501955	0.69166434	-0.83593589	2.56713939	3.00000000	-0.09021345	0.32320806	0.10642522	5.50974798	0.03611607	-0.00352437	0.01059156	0.03780175	0.73526090	0.39447013	0.03623871	0.74766409	5.00000000	-0.08793350	0.46306595	0.10139840	5.39706182	0.01130340	-0.00076493	-0.00317028	0.01176447	0.65596211	0.33964381	-0.86842346	0.94026721	4.00000000
10.370000	0.01807829	0.17268835	0.95405430	10.77838612	0.42246673	-0.17398608	-0.14977702	0.48081434	4.87185717	0.98396361	-2.38358998	4.88463640	3.00000000	-0.05568408	0.31595591	0.56111479	7.71713400	0.26918888	0.04194801	-0.04309217	0.27582464	1.98763800	1.81409526	-0.70413035	2.49693775	3.00000000	-0.08981303	0.32322520	0.10652517	5.51016092	0.04495655	0.00368059	0.01094850	0.04641668	0.68783569	0.49640736	0.07002059	0.70892841	5.00000000	-0.08778671	0.46303180	0.10134450	5.39722204	0.02307004	0.00374044	-0.01538334	0.02797972	0.86539584	0.56846482	-1.06949914	1.29880977	4.00000000
10.380000	0.02289169	0.17054054	0.95221597	10.78396797	0.47055873	-0.15542755	-0.17583767	0.52583468	4.18365479	3.10576367	-1.51055706	3.72965837	3.00000000	-0.05305460	0.31613243	0.56042725	7.71985769	0.28357193	0.07188568	-0.05378723	0.29744521	1.93045902	3.03592253	-0.27905911	2.78793764	3.00000000	-0.08927052	0.32333747	0.10663385	5.51072550	0.05142049	0.01247649	0.01121902	0.05408878	0.55017442	0.33441108	0.15906316	0.57567680	5.00000000	-0.08753067	0.46309620	0.10115299	5.39754820	0.03582661	0.01206199	-0.02982436	0.04815112	0.83628803	0.66673130	-1.06283855	1.39818323	4.00000000
10.390000	0.02772407	0.16898146	0.95002276	10.78949928	0.50847554	-0.11336629	-0.18370450	0.55240077	3.57968473	5.06829786	-0.53563833	2.96418834	3.00000000	-0.04986850	0.31695363	0.55986553	7.72319555	0.29905635	0.10835280	-0.05827745	0.32337484	2.18902087	4.43544197	0.18314573	3.66846538	3.00000000	-0.08866378	0.32358250	0.10675132	5.51139021	0.05553439	0.01804779	0.01254852	0.05972651	0.33965933	-0.15259820	0.27423358	0.38650662	5.00000000	-0.08706453	0.46323353	0.10075091	5.39817905	0.04546990	0.02214511	-0.04255989	0.06610039	0.49707928	0.65636826	-0.80843776	1.07740963	4.00000000
10.400001	0.03312089	0.16805938	0.94813955	10.79528904	0.53801179	-0.04667888	-0.17595489	0.56797510	2.92607069	6.37735462	-0.21516407	2.62432694	3.00000000	-0.04679287	0.31828129	0.55905813	7.72664165	0.32086763	0.15084122	-0.04972120	0.35802418	2.92751598	6.90340281	0.70760226	5.94259691	3.00000000	-0.08806901	0.32377267	0.10686758	5.51202536	0.05814395	0.01479487	0.01564740	0.06200362	0.21390039	-0.17837891	1.11454272	0.81470746	5.00000000	-0.08649266	0.46349278	0.10020909	5.39900827	0.04985338	0.02951945	-0.05013644	0.07661867	-0.00443387	0.59859091	-0.27556869	0.42618552	4.00000000
10.410000	0.03871350	0.16795717	0.94641352	10.80114269	0.56292367	0.03532022	-0.16126931	0.58663309	2.05151987	6.91391659	-0.69230926	2.46793675	3.00000000	-0.04370170	0.32023481	0.55862212	7.73032427	0.35174039	0.21212174	-0.03545135	0.41227871	5.12212849	10.15397930	0.79646134	9.99590302	3.00000000	-0.08753321	0.32402000	0.10700854	5.51263189	0.05883848	0.00430668	0.02295064	0.06330281	0.59230852	0.81890613	3.30690336	2.91621065	5.00000000	-0.08587962	0.46392238	0.09956878	5.39999342	0.04600808	0.03245150	-0.05095949	0.07593887	-0.37886521	0.42112997	0.50519061	-0.26343608	4.00000000
10.420000	0.04435468	0.16853394	0.94502157	10.80698204	0.58659631	0.11601559	-0.16356707	0.61992663	1.04515100	6.78559065	-1.68797910	2.47138190	3.00000000	-0.04025429	0.32231334	0.55824989	7.73436689	0.39565387	0.31466135	-0.02254794	0.50602585	9.05530834	13.98582077	0.43675533	15.71344376	3.00000000	-0.08696657	0.32408786	0.10723170	5.51324463	0.05824969	-0.01225049	0.03783951	0.07053318	2.06613684	2.20937681	6.35454512	6.55883789	5.00000000	-0.08538094	0.46435139	0.09899999	5.40086317	0.03580519	0.03517866	-0.04392688	0.06670173	-0.11750537	0.22469740	1.48815823	-0.18392409	4.00000000
10.430000	0.05033517	0.17026472	0.94373816	10.81333923	0.59581661	0.18004091	-0.19572029	0.65247113	-0.27352619	6.11615086	-2.70135093	2.17927337	3.00000000	-0.03623919	0.32519937	0.55841351	7.73931408	0.47234663	0.50270855	-0.00957449	0.68986875	12.98871708	19.80592155	1.25722075	22.94495392	3.00000000	-0.08632895	0.32384810	0.10757675	5.51400805	0.06826396	0.02540052	0.11595102	0.13692988	4.93244076	4.63772631	9.98163509	11.68612480	5.00000000	-0.08507648	0.46466705	0.09859557	5.40145969	0.02535749	0.03908177	-0.02467260	0.05271740	1.61275756	0.96469223	2.93474150	2.00073981	4.00000000
10.440001	0.05651908	0.17277336	0.94211751	10.82020664	0.58564198	0.23167691	-0.24098852	0.67433387	-2.25210714	5.32116222	-2.83287716	0.93715835	3.00000000	-0.03124971	0.32980898	0.55832320	7.74610758	0.64725107	0.70467168	-0.02746681	0.95720977	16.20677757	23.36901474	1.62916708	27.98686028	3.00000000	-0.08571453	0.32350671	0.10832551	5.51503515	0.11542799	0.09619469	0.25282475	0.29410440	8.94064903	9.77999783	13.76334858	18.66620827	5.00000000	-0.08501056	0.46489912	0.09834922	5.40180445	0.02928780	0.03898019	0.00682802	0.04923264	5.34997797	4.28341007	5.16457510	7.48495579	4.00000000
10.450000	0.06275974	0.17563419	0.93925589	10.82764435	0.55993998	0.27855086	-0.28694618	0.68808538	-4.50969458	5.24957132	-1.47336340	-0.60822713	3.00000000	-0.02522748	0.33810687	0.55830193	7.75636053	0.87991256	0.97573322	-0.02297858	1.31408882	18.32440186	24.50712585	2.66589856	30.53995514	3.00000000	-0.08498296	0.32337093	0.11001015	5.51687670	0.22662529	0.17687877	0.41967174	0.50869387	13.21760654	17.31880569	15.26639843	26.08385849	5.00000000	-0.08494616	0.46535790	0.09841553	5.40227222	0.07787887	0.05238726	0.05707051	0.10984802	10.46362400	11.57840538	7.94410801	16.84889412	4.00000000
10.460000	0.06834922	0.17819090	0.93550992	10.83484268	0.50423676	0.32040775	-0.30652681	0.67147189	-6.30688477	6.02958107	0.92000222	-1.21961582	3.00000000	-0.01662027	0.35113633	0.55807400	7.77197790	1.08045912	1.33828270	0.06115536	1.72108471	18.30604935	26.83009911	6.38204861	32.74826813	3.00000000	-0.08317715	0.32751641	0.11637909	5.52468777	0.40093777	0.34737214	0.61559498	0.81263500	16.17573357	27.21915054	12.72803307	33.13845062	4.00000000	-0.08461373	0.46596020	0.09911540	5.40325356	0.20988427	0.14853352	0.14715797	0.29625848	15.44387817	23.72953987	10.85658550	30.15847206	4.00000000
10.470000	0.07299179	0.18137769	0.93184352	10.84156227	0.41623417	0.37350330	-0.27921447	0.62507308	-7.45755243	7.07499123	3.49498749	-0.71945435	3.00000000	-0.00175344	0.36292285	0.55640578	7.79102325	1.26857388	1.49215877	0.05575418	1.95931780	17.49555206	25.98656082	7.39320946	31.64118576	2.00000000	-0.07877935	0.33058617	0.12367891	5.53374577	0.61295587	0.66301298	0.78526294	1.19663656	16.02112579	41.04501343	7.43408203	41.87335205	4.00000000	-0.08296280	0.46655712	0.10047662	5.40547514	0.42764437	0.41217726	0.28311107	0.65796787	18.74135971	40.60849762	13.81940269	46.68278885	4.00000000
10.480000	0.07722093	0.18522619	0.92864311	10.84811497	0.32180920	0.46014112	-0.21133670	0.59996182	-7.78092861	8.39361668	5.36376524	0.98045415	4.00000000	0.01292084	0.38314855	0.55890435	7.81613636	1.40070426	1.78201652	0.21054447	2.27637529	15.01688957	26.99305344	11.56863594	31.41213036	2.00000000	-0.07086892	0.33649552	0.13346361	5.54764652	0.81303108	1.12362075	0.83439177	1.61856496	12.05712700	56.14659119	0.22717515	51.55501556	4.00000000	-0.07840754	0.46911767	0.10345520	5.41148996	0.67735314	0.89773232	0.44546282	1.20961463	18.93445587	59.43729782	16.42179489	63.68671799	4.00000000
10.490000	0.07957954	0.19004603	0.92727679	10.85365200	0.23956168	0.55996114	-0.13055950	0.62289006	-7.13378572	9.77464771	5.55111742	3.79471564	4.00000000	0.02734750	0.40337902	0.56318504	7.84135008	1.53283465	2.07187414	0.36533475	2.60302019	12.53822708	27.99954605	15.74406242	31.18307495	2.00000000	-0.06051475	0.34790337	0.14348993	5.56602812	0.93907833	1.77623224	0.76139170	2.14862418	5.10890007	67.88088989	-7.42554235	59.34702682	4.00000000	-0.06939432	0.47802222	0.10891387	5.42528582	0.89408106	1.62539852	0.62245947	1.95672095	15.15584660	74.73293304	17.70044136	76.40563202	4.00000000
10.500000	0.08120404	0.19618461	0.92679906	10.86001968	0.17382036	0.66200578	-0.05961259	0.68703628	-5.83455944	11.03069973	3.89811563	7.24277115	4.00000000													1.00000000	-0.04911404	0.36775836	0.15156497	5.59030581	0.94540006	2.61793065	0.62448168	2.85259867	-3.19603515	74.23889923	-11.80053616	64.42354584	4.00000000	-0.05729866	0.49704894	0.11661425	5.44911051	1.03723490	2.55314755	0.81645012	2.87419724	8.33591270	82.33332062	17.89751053	81.79194641	4.00000000
10.510000	0.08225628	0.20388854	0.92705172	10.86779881	0.12737544	0.77748632	-0.02356519	0.78820354	-4.39394236	12.50972557	1.03231406	10.75528908	4.00000000													1.00000000	-0.03892997	0.39854950	0.15636934	5.62309122	0.84046948	3.46976972	0.43034142	3.59595394	-10.62226582	72.81708527	-11.54216385	64.33558655	4.00000000	-0.04502317	0.52790391	0.12573303	5.48354673	1.08211923	3.53503370	1.01045680	3.83255363	0.64023232	79.32392883	17.95559311	77.88227081	4.00000000
10.520000	0.08330555	0.21175689	0.92708129	10.87573719	0.09000574	0.89278108	-0.03583580	0.89802188	-3.52872372	13.88130474	-2.46211910	13.45999813	4.00000000													1.00000000	-0.03098512	0.43996078	0.15869464	5.66532183	0.66317552	4.23916578	0.27728701	4.29967642	-15.11169910	61.52770996	-8.45206738	55.70470428	4.00000000	-0.03432454	0.57023633	0.13634872	5.52848196	1.02331305	4.37419748	1.17315102	4.64295769	-6.25593758	63.96424484	17.03310966	62.75168228	4.00000000
10.530000	0.08458544	0.22123668	0.92689371	10.88530445	0.06657305	1.04639137	-0.08495847	1.05194330	-3.50250816	14.92761135	-5.95288754	15.36945629	4.00000000													1.00000000	-0.02589505	0.48922199	0.16011560	5.71486568	0.45717606	4.84389734	0.23230363	4.87096691	-16.23209572	43.80154800	-3.76218939	40.54986572	4.00000000	-0.02490163	0.62154740	0.14920916	5.58221292	0.89981318	4.99686050	1.33919072	5.25087690	-11.39102268	40.50819778	13.93737888	39.76819229	4.00000000
10.540000	0.08512799	0.23187196	0.92591995	10.89599800	0.04690742	1.22315788	-0.16409208	1.23500681	-3.83352470	16.30460167	-8.83530426	17.48730659	4.00000000													1.00000000	-0.02262533	0.54081893	0.16048400	5.76656723	0.27771837	5.18550634	0.25651816	5.19926977	-15.04787636	24.76355934	0.54887009	23.28334236	5.00000000	-0.01631645	0.67695272	0.16380893	5.64014912	0.74720269	5.26693296	1.50703192	5.52901793	-14.21107769	16.88692474	8.62306881	16.17995834	4.00000000
10.550000	0.08485587	0.24416879	0.92395449	10.90845394	0.00118148	1.38301861	-0.27246028	1.40960157	-4.60662079	17.20465279	-11.16498470	19.23884201	4.00000000													1.00000000	-0.02114693	0.59601468	0.16386707	5.82188654	0.14803314	5.25838089	0.30902326	5.26953316	-12.76168156	6.12617302	1.33137548	5.53405285	4.00000000	-0.00912223	0.73187023	0.17901078	5.69758415	0.58650017	5.18139601	1.60115862	5.45477390	-15.16543770	-3.51533484	0.56832629	-5.06294966	4.00000000
10.560000	0.08529030	0.26088020	0.92089003	10.92544937	-0.05720643	1.55191731	-0.39733398	1.60299540	-6.07424164	16.87137032	-13.18694782	19.95650101	3.00000000													1.00000000	-0.02081345	0.65052503	0.16841918	5.87658787	0.05225655	5.18094110	0.36134693	5.19378996	-10.73038197	-10.29744148	-1.91836989	-10.55135727	4.00000000	-0.00373676	0.78721952	0.19712897	5.75607204	0.42993143	4.94583845	1.58182836	5.21040678	-15.16950893	-19.09279823	-10.73570919	-22.40434456	3.00000000
10.570001	0.08461365	0.27692696	0.91636735	10.94213486	-0.11638030	1.74112022	-0.53688586	1.82573009	-7.53336334	16.68435669	-14.82172966	20.91624832	3.00000000													1.00000000	-0.02059480	0.70232910	0.17278171	5.92857552	-0.03526394	5.01030922	0.34830469	5.02252483	-9.79082394	-22.59477615	-7.58533096	-22.60411835	4.00000000	-0.00105035	0.83214700	0.21448641	5.80431080	0.28434944	4.70112038	1.41870761	4.91875172	-14.61408138	-26.31883430	-24.57790375	-31.48282242	3.00000000
10.580000	0.08318406	0.29449040	0.91006517	10.96084976	-0.19744851	1.90200675	-0.69466132	2.03449488	-8.82717609	16.26096916	-16.05622482	21.70770073	3.00000000													1.00000000	-0.02094520	0.75007075	0.17686117	5.97649240	-0.12329803	4.72149181	0.23260289	4.72882557	-9.20493603	-32.17913437	-13.55556774	-31.74959183	3.00000000	0.00052448	0.87514955	0.22932923	5.84983015	0.13913381	4.40055323	1.09913719	4.53787708	-13.50245571	-27.76903152	-39.86767960	-32.79669189	3.00000000
10.590000	0.08073241	0.31403571	0.90275860	10.98185921	-0.29739115	2.05361485	-0.86660284	2.24872756	-10.32614231	13.87716293	-16.60051155	20.56995583	3.00000000													1.00000000	-0.02218063	0.79633588	0.17884894	6.02281666	-0.22945490	4.33979130	0.02590592	4.34593010	-7.92574549	-40.77418900	-17.33552742	-39.76298523	3.00000000	0.00139915	0.91739154	0.23952223	5.89329338	0.00115234	4.07963657	0.63319266	4.12848282	-12.12694645	-29.68320847	-52.55367661	-30.98002052	3.00000000
10.600000	0.07729284	0.33577102	0.89313960	11.00587559	-0.40612829	2.21436286	-1.04473674	2.48189807	-11.57787228	9.93417931	-15.62539196	17.48446274	3.00000000													1.00000000	-0.02512950	0.83964175	0.17874463	6.06622314	-0.32882959	3.88886309	-0.22316313	3.90911579	-5.49915457	-47.87490845	-17.13751221	-46.39278793	3.00000000	0.00163670	0.96074432	0.24260956	5.93675661	-0.11993753	3.82493830	-0.00022215	3.82681823	-10.31523609	-33.65298462	-57.35473251	-28.93718338	3.00000000
10.610001	0.07280968	0.35931745	0.88201493	11.03230095	-0.53442556	2.31830168	-1.21810532	2.67281008	-12.09002209	5.49406195	-12.79755688	13.09255314	3.00000000													1.00000000	-0.02937002	0.87749791	0.17538819	6.10446358	-0.38102734	3.35358310	-0.42734355	3.40210581	-1.60161293	-53.20677567	-12.54400349	-51.74666977	3.00000000	-0.00045084	0.99813563	0.24096885	5.97424221	-0.20835692	3.52716374	-0.75791973	3.61368775	-7.02408695	-38.53104019	-53.37939453	-28.02226257	3.00000000
10.620000	0.06717324	0.38383609	0.86849284	11.06086254	-0.66747880	2.33818221	-1.35197341	2.78216743	-11.80886555	0.64834952	-8.55061245	7.44897509	3.00000000													1.00000000	-0.03483461	0.90811568	0.16778122	6.13648176	-0.37615591	2.78537369	-0.53388017	2.86091375	3.13649631	-56.05559540	-4.74197531	-55.31491089	3.00000000	-0.00393231	1.02990782	0.23136118	6.00761747	-0.28120908	3.12390971	-1.37474656	3.42459035	-2.58265591	-44.53100967	-40.54959488	-30.87319565	3.00000000
10.630000	0.05973470	0.40814337	0.85359579	11.09032631	-0.79267716	2.28848648	-1.41309094	2.80398536	-10.48492336	-3.64324427	-3.60799813	1.56761801	3.00000000													1.00000000	-0.03886424	0.93188584	0.16021961	6.16174889	-0.31021920	2.18946218	-0.53002113	2.27396202	6.82693911	-55.12635803	3.31329989	-55.45610428	3.00000000	-0.00809813	1.05922937	0.21081784	6.04366112	-0.30518797	2.59572959	-1.69969070	3.11767554	1.37200201	-50.46879196	-18.56172371	-39.14663696	3.00000000
10.640000	0.05066141	0.43091634	0.83806854	11.11934376	-0.89773923	2.21151805	-1.40521920	2.76972723	-8.18407726	-5.84498215	1.00612044	-2.80817747	3.00000000	0.03766518	0.78041142	0.58405071	8.21910000	0.05554305	3.71892524	0.91190237	3.82949805	-1.86637163	-69.37197876	-49.89453888	-75.96044922	2.00000000	-0.04143817	0.94925553	0.15428381	6.18028450	-0.19136940	1.59333789	-0.41655734	1.65797102	8.50997448	-51.22453308	8.89885616	-52.42372131	3.00000000	-0.01045627	1.08439374	0.18435948	6.08025122	-0.24058013	2.01585293	-1.76019239	2.68697214	4.41834402	-53.39550400	5.93199730	-49.51400757	4.00000000
10.650001	0.04074611	0.45161623	0.82376021	11.14639091	-0.97005421	2.13154912	-1.35043502	2.70336485	-5.40614128	-5.80308199	3.81544924	-4.79944324	3.00000000	0.03847133	0.81658220	0.59184355	8.25610924	0.01486130	3.13332987	0.49273074	3.17187023	-4.19196796	-47.71795273	-32.93447113	-51.58610535	2.00000000	-0.04250942	0.96484977	0.15170483	6.19612694	-0.06881918	1.08848107	-0.25018799	1.11898220	8.25245667	-44.91003036	11.07748318	-46.44798660	4.00000000	-0.01381335	1.10425806	0.16476747	6.10835314	-0.14230688	1.44053400	-1.52462006	2.10234523	6.49221277	-51.06494522	23.46081734	-55.39065552	4.00000000
10.660000	0.03042248	0.47183520	0.81118339	11.17234421	-1.00379252	2.06843185	-1.27951097	2.63118958	-2.96551871	-4.84516621	4.03478622	-4.82412958	3.00000000	0.03827722	0.85105193	0.60079682	8.29172325	-0.02582045	2.54773450	0.07355908	2.54892707	-6.51756430	-26.06392670	-15.97440243	-27.21175957	3.00000000	-0.04221968	0.97135353	0.15112363	6.20266294	0.01066641	0.69112277	-0.10595185	0.69927835	6.21269512	-35.36215210	10.12265205	-36.67338562	4.00000000	-0.01424102	1.11332083	0.15329367	6.12298059	-0.06315435	0.91328019	-1.05381286	1.39591932	6.27437973	-43.04412842	31.72073364	-53.53062057	4.00000000
10.670000	0.02031331	0.49240443	0.79956073	11.19804192	-1.00922549	2.03744340	-1.21828508	2.57952142	-1.25214756	-4.29553986	2.28643799	-4.04506922	3.00000000	0.03874847	0.87170929	0.59636480	8.31285572	-0.01136046	2.10865188	-0.19580422	2.11775374	-8.72567177	-12.25191879	-5.61089802	-12.67874813	3.00000000	-0.04105256	0.97496057	0.15122864	6.20645571	0.05152415	0.36774129	-0.01882737	0.37181023	3.28256774	-24.75185585	7.15339947	-25.50629807	4.00000000	-0.01364568	1.11635709	0.14771706	6.12935781	-0.00284619	0.48096278	-0.58636552	0.75839162	4.12384510	-32.09953690	31.88715172	-45.33072662	3.00000000
10.680000	0.01019516	0.51299042	0.78775901	11.22383785	-0.99610329	2.02402997	-1.20508170	2.55756545	0.35968074	-4.45766544	-0.34886199	-3.38418269	3.00000000	0.03664983	0.89563543	0.59647071	8.33687401	-0.17470498	2.31418896	-0.01632323	2.32083154	-7.48323345	-2.17113495	2.41873121	-1.35246110	3.00000000	-0.04013603	0.97557569	0.15147461	6.20758677	0.05940270	0.16390879	0.01280308	0.17481044	0.90881145	-15.59679890	3.88079786	-15.82530499	4.00000000	-0.01282483	1.11764276	0.14554080	6.13201523	0.03113290	0.21961926	-0.28707880	0.36278936	1.92195666	-21.21733856	25.02418137	-32.69961548	3.00000000
10.690001	0.00028488	0.53337616	0.77577782	11.24947643	-1.00089800	1.98686266	-1.24120605	2.54755044	1.78165627	-5.39090300	-2.98782682	-3.21596456	3.00000000	0.03637176	0.90282285	0.58569998	8.34982586	-0.37368596	2.85159135	0.42497960	2.90720177	-8.26108265	14.72116852	14.66778088	16.54428101	3.00000000	-0.03972514	0.97605461	0.15157832	6.20822620	0.04657668	0.09951442	0.02070094	0.11180803	-0.31981614	-7.98445749	1.55448663	-7.96895266	4.00000000	-0.01236250	1.11893034	0.14435861	6.13382339	0.02167647	0.13529459	-0.13383602	0.19153740	0.38526323	-11.85567474	15.23236465	-19.15278625	3.00000000
10.700000	-0.00953100	0.55313689	0.76350570	11.27472401	-0.99509215	1.91560435	-1.30084753	2.52030802	2.60559964	-7.19389582	-4.76569700	-3.83062339	3.00000000	0.03640344	0.91400284	0.57698023	8.36400414	-0.38631079	2.72159076	0.38164902	2.77523851	-6.09376955	14.41916752	14.44414711	15.84709644	3.00000000	-0.03960247	0.97675461	0.15167445	6.20894337	0.02885942	0.08776833	0.02174489	0.09491568	-0.67372018	-2.46247530	0.42562822	-2.49728608	4.00000000	-0.01263795	1.12049365	0.14375356	6.13552237	0.00474479	0.11327862	-0.07266253	0.13466403	-0.44706723	-5.29934025	7.46484423	-9.08214664	3.00000000
10.710000	-0.01907822	0.57238686	0.75017381	11.30001163	-0.94645560	1.82600415	-1.36417496	2.46800375	3.80554438	-9.12803173	-4.91779137	-5.42430449	3.00000000	0.02244182	0.98937088	0.61740589	8.45066166	-0.38743621	2.78919721	0.45165566	2.85196781	1.93616545	-12.68134308	-5.03461075	-12.86235619	2.00000000	-0.03952257	0.97794670	0.15201360	6.21018553	0.02087659	0.10603765	0.02352235	0.11060342	-0.49310201	-0.04192634	0.03353167	-0.17697923	4.00000000	-0.01292242	1.12173653	0.14328584	6.13688040	-0.00862461	0.09441872	-0.05052077	0.10743196	-0.41762218	-2.42664862	3.21603131	-4.02520609	3.00000000
10.720000	-0.03009281	0.59003270	0.73605126	11.32515430	-0.89577883	1.72808862	-1.41851401	2.40850401	5.52148867	-10.29840851	-3.47139120	-7.46883535	2.00000000	0.01954193	1.01096189	0.61673009	8.47245693	-0.43170553	3.08672380	0.70898384	3.19638729	6.21822977	-26.26240730	-14.12169647	-27.04527283	2.00000000	-0.03917890	0.97930193	0.15226932	6.21160698	0.02351273	0.11905978	0.02528503	0.12396537	-0.07173229	0.27511492	-0.13023858	0.20544945	4.00000000	-0.01296121	1.12260771	0.14281242	6.13787270	-0.00720692	0.06910662	-0.04048323	0.08041490	0.17218135	-1.84674549	1.44087207	-2.22179103	3.00000000
10.730000	-0.03833660	0.60660827	0.72110528	11.34894657	-0.84457111	1.61204183	-1.45622432	2.33078718	6.11336136	-10.99735737	-1.06384850	-9.34599972	2.00000000	0.01763575	1.03026175	0.61516851	8.49191380	-0.29061005	2.42997146	0.27428219	2.46260953	6.03377342	-26.06270218	-11.98256493	-26.79496574	2.00000000	-0.03899350	0.98050582	0.15259911	6.21286869	0.02900508	0.11892964	0.02328443	0.12461027	0.31329212	-0.06780370	-0.28502750	-0.01091876	4.00000000	-0.01298459	1.12289464	0.14246905	6.13832092	0.00410639	0.04525681	-0.03423455	0.05689504	0.76275980	-1.58748519	0.89780933	-1.48846602	3.00000000
10.740000	-0.04572432	0.62218368	0.70615387	11.37176609	-0.76674402	1.49622607	-1.45672107	2.22455049	5.84997892	-11.86631775	1.66245985	-11.29051399	2.00000000	0.01644934	1.04870141	0.61354071	8.51046276	-0.10956048	1.61561167	-0.25185245	1.63879049	6.75243616	-36.00605011	-16.84314537	-37.41762161	2.00000000	-0.03862451	0.98170102	0.15279789	6.21413517	0.03173528	0.10646035	0.01800607	0.11253956	0.40542307	-0.61720103	-0.49246889	-0.51317382	4.00000000	-0.01285496	1.12306488	0.14212888	6.13872290	0.01567641	0.03023048	-0.02494926	0.04221490	1.04967785	-1.19378984	0.75918567	-0.90363908	3.00000000
10.750000	-0.05303821	0.63688606	0.69157642	11.39372444	-0.69206452	1.38340092	-1.41654503	2.09746313	5.80142117	-12.77945805	4.49934292	-13.49468899	2.00000000	0.01551626	1.06476521	0.61139065	8.52669621	-0.09012248	1.51094794	-0.20595887	1.52758145	5.54544592	-37.19293594	-15.41405201	-38.15274811	2.00000000	-0.03829994	0.98282427	0.15292907	6.21531153	0.03605891	0.09537289	0.01201878	0.10266784	0.25121710	-0.94883716	-0.66190958	-0.85527050	4.00000000	-0.01271320	1.12329793	0.14185996	6.13910580	0.02849282	0.02513826	-0.01604669	0.04124644	0.88774037	-0.80024189	0.71096039	-0.45211750	3.00000000
10.760000	-0.05969398	0.64981407	0.67706293	11.41426849	-0.65061015	1.25715733	-1.34868324	1.95516872	5.54795742	-13.57392120	7.09565735	-15.46988583	2.00000000	0.01481205	1.07919931	0.60907555	8.54133129	-0.08027177	1.30450821	-0.21701007	1.32486928	1.27081275	-23.49642563	-3.36375403	-23.27001762	2.00000000	-0.03795057	0.98359227	0.15303744	6.21616220	0.04082027	0.08780161	0.00423727	0.09691941	0.05654994	-0.96563119	-0.73109686	-0.89095920	4.00000000	-0.01241245	1.12359083	0.14178394	6.13953257	0.03932885	0.02439717	-0.00937010	0.04722054	0.44809446	-0.55544573	0.58705688	-0.29461366	3.00000000
10.770000	-0.06620178	0.66223621	0.66412866	11.43334579	-0.60583955	1.10978675	-1.26613271	1.78934634	5.09094477	-14.34143162	8.93108177	-16.91592979	2.00000000	0.01421176	1.09123909	0.60688019	8.55358410	-0.09262512	1.09299910	-0.21856079	1.11847901	-1.27256882	-17.44627762	1.87205982	-17.00662613	2.00000000	-0.03756088	0.98430312	0.15302776	6.21697283	0.04038112	0.07837613	-0.00408192	0.08826163	-0.15527278	-0.88664871	-0.73535842	-0.83197260	4.00000000	-0.01188956	1.12392569	0.14181416	6.14015436	0.04304767	0.01952847	-0.00368990	0.04741391	-0.13590455	-0.55288947	0.38326263	-0.50772148	3.00000000
10.780000	-0.07185613	0.67253983	0.65183419	11.45035458	-0.55709416	0.95399964	-1.16289699	1.60399461	5.11057329	-14.66167545	10.09850883	-17.82751465	2.00000000	0.01353958	1.10086715	0.60460758	8.56349945	-0.11454674	0.89535016	-0.20569463	0.92578787	-1.66298747	-18.03328514	0.96804297	-17.40747833	2.00000000	-0.03700716	0.98508388	0.15301657	6.21792984	0.03623630	0.06920794	-0.01207242	0.07904778	-0.41324729	-0.95290154	-0.68435156	-0.91428804	4.00000000	-0.01124386	1.12415802	0.14183137	6.14084101	0.03800794	0.01247326	-0.00075375	0.04000942	-0.74421340	-0.70225859	0.22287108	-0.66824609	3.00000000
10.790000	-0.07726936	0.68166077	0.64083660	11.46563339	-0.50152713	0.79834360	-1.05185747	1.41254592	5.44229412	-14.11513233	10.85825443	-18.05703354	2.00000000	0.01216809	1.10848260	0.60256922	8.57150173	-0.13798673	0.71763891	-0.18740594	0.75443155	-1.67053032	-15.57889080	1.59282303	-14.96989346	2.00000000	-0.03660155	0.98588538	0.15279481	6.21885490	0.02975861	0.06116132	-0.01862980	0.07052200	-0.58674508	-1.06862175	-0.55631858	-1.01076365	4.00000000	-0.01077393	1.12419367	0.14180787	6.14131308	0.02417172	0.00386536	-0.00075735	0.02449054	-1.16805530	-0.79357952	0.13070615	-0.51258230	3.00000000
10.800000	-0.08201529	0.68824536	0.63059199	11.47870350	-0.44192129	0.65458316	-0.93898374	1.22697353	5.67102575	-12.74766922	11.20223141	-17.52295494	2.00000000	0.01036750	1.11449206	0.60071927	8.57804203	-0.15823086	0.57436824	-0.16887386	0.61923683	-0.99224222	-13.05687141	1.76849103	-12.55029488	2.00000000	-0.03634511	0.98647988	0.15252957	6.21955442	0.02204236	0.05028993	-0.02390519	0.05988656	-0.60252208	-1.12790680	-0.38853899	-1.00238729	4.00000000	-0.01062980	1.12408555	0.14176956	6.14149714	0.00615957	-0.00605683	-0.00136519	0.00874581	-1.29029906	-0.77954590	0.11057055	-0.25773442	3.00000000
10.810000	-0.08632588	0.69386292	0.62190020	11.48991489	-0.38513243	0.53315657	-0.82369143	1.05406380	5.78593779	-11.02508354	11.13621044	-16.49905014	2.00000000	0.00847328	1.11934984	0.59927404	8.58345222	-0.16853598	0.46503046	-0.14954855	0.51674217	-0.05076999	-10.71381187	1.60601234	-10.34527969	2.00000000	-0.03632089	0.98686737	0.15225115	6.22003222	0.01479999	0.03683865	-0.02710968	0.04807349	-0.52411592	-1.19024670	-0.22862895	-0.93104285	4.00000000	-0.01083076	1.12402499	0.14175555	6.14170742	-0.00989572	-0.01400709	-0.00069464	0.01716410	-1.11853552	-0.73664707	0.17335740	0.10039876	3.00000000
10.820001	-0.08966303	0.69821531	0.61415017	11.49940968	-0.32805333	0.43494055	-0.71223474	0.89669985	5.65981770	-9.40301418	10.78011131	-15.25538063	2.00000000	0.00680831	1.12339318	0.59795737	8.58801842	-0.16101466	0.37854114	-0.13200739	0.43202439	0.91508913	-8.69575691	1.42130268	-8.54691792	2.00000000	-0.03623404	0.98710555	0.15197404	6.22040796	0.01004816	0.02309481	-0.02773156	0.03746165	-0.42872068	-1.25378025	-0.08962543	-0.76776975	4.00000000	-0.01111976	1.12386227	0.14175610	6.14203930	-0.01982440	-0.01994669	0.00189419	0.02818626	-0.75292867	-0.63379276	0.26472011	0.53739417	3.00000000
10.830000	-0.09261460	0.70236969	0.60794389	11.50744057	-0.26976708	0.35996783	-0.60317910	0.75244677	5.38712645	-8.07905102	10.18636417	-13.96129990	2.00000000	0.00528486	1.12668896	0.59665102	8.59187698	-0.14069577	0.30171472	-0.12036810	0.35399935	1.83373368	-7.16860199	1.37491322	-7.37084770	2.00000000	-0.03612166	0.98727244	0.15171346	6.22073698	0.00782727	0.01175404	-0.02733332	0.03076579	-0.36891276	-1.24285698	0.03519637	-0.47543946	4.00000000	-0.01136991	1.12364244	0.14177123	6.14237261	-0.02350212	-0.02533992	0.00595786	0.03507075	-0.35949412	-0.46032003	0.30972415	0.61859733	3.00000000
10.840000	-0.09502272	0.70552415	0.60230702	11.51433468	-0.21382731	0.28880039	-0.50287044	0.61806673	5.05583572	-6.99805021	9.54993248	-12.77241707	2.00000000	0.00383818	1.12954021	0.59553921	8.59526157	-0.11614706	0.23458500	-0.11280228	0.28503442	2.52012300	-6.03028870	1.40842235	-6.59075308	2.00000000	-0.03597026	0.98737580	0.15142579	6.22107792	0.00609830	-0.00027815	-0.02653313	0.02722634	-0.34724060	-1.14524269	0.13559142	-0.14992523	4.00000000	-0.01154514	1.12333846	0.14182761	6.14272785	-0.02309924	-0.03102124	0.01029471	0.04002341	-0.06892750	-0.26510814	0.27775759	0.31918478	3.00000000
10.850000	-0.09705739	0.70822573	0.59784490	11.51993370	-0.16608305	0.21945535	-0.41367310	0.49685982	4.57321978	-6.17097664	8.90341282	-11.66999435	2.00000000	0.00280004	1.13147771	0.59446454	8.59770870	-0.08954533	0.18028715	-0.09952386	0.22455917	2.74417830	-4.98132324	1.54267418	-5.77919626	2.00000000	-0.03593441	0.98732752	0.15114416	6.22136593	0.00235947	-0.01253436	-0.02522779	0.02826869	-0.33145553	-0.99717408	0.21033540	0.08102633	4.00000000	-0.01174305	1.12295663	0.14196166	6.14317846	-0.02131405	-0.03349185	0.01338199	0.04189356	0.09460308	-0.05542923	0.17928517	0.02811448	3.00000000
10.860001	-0.09830351	0.70997673	0.59419256	11.52417183	-0.12358582	0.15629977	-0.33139485	0.38668543	3.94098258	-5.49376774	8.24735737	-10.59213066	2.00000000	0.00205512	1.13270628	0.59344035	8.59947300	-0.05776387	0.13617475	-0.07998098	0.16815822	2.54994369	-4.04366493	1.77939129	-4.96754026	2.00000000	-0.03594142	0.98718983	0.15091178	6.22163630	-0.00296092	-0.02328555	-0.02265498	0.03262257	-0.31322244	-0.79533535	0.27571192	0.18124275	4.00000000	-0.01200129	1.12262297	0.14216310	6.14364624	-0.01984046	-0.03216962	0.01435640	0.04043061	0.14237030	0.16725372	0.05745734	-0.19330670	3.00000000
10.870000	-0.09918746	0.71103042	0.59140092	11.52728367	-0.08633590	0.10802298	-0.24979015	0.28551352	3.35274482	-4.73529911	7.69736910	-9.65005398	2.00000000	0.00165633	1.13369870	0.59258717	8.60084152	-0.02689066	0.10219911	-0.05913575	0.12109832	2.05607057	-3.46806765	1.90615058	-4.46498251	2.00000000	-0.03603050	0.98675489	0.15066974	6.22214174	-0.00705039	-0.03039092	-0.01902133	0.03653939	-0.27228770	-0.51055181	0.32665145	0.15156122	4.00000000	-0.01223374	1.12221038	0.14235893	6.14415884	-0.01878550	-0.02805094	0.01359520	0.03639477	0.07460496	0.33398473	-0.03466194	-0.29562449	3.00000000
10.880000	-0.09979039	0.71161085	0.58921343	11.52962589	-0.05625759	0.06750573	-0.17526299	0.19605881	2.90075445	-3.97102761	7.17474318	-8.26356411	2.00000000	0.00154962	1.13458526	0.59216022	8.60183144	-0.00718216	0.07758637	-0.03769745	0.08655822	1.21737349	-3.20016861	1.78451335	-3.54911017	2.00000000	-0.03611015	0.98639548	0.15051404	6.22254133	-0.00816174	-0.03354549	-0.01521110	0.03772654	-0.18913792	-0.21758017	0.33922586	0.02754762	4.00000000	-0.01238866	1.12200403	0.14247434	6.14444160	-0.01701286	-0.02270738	0.01182047	0.03073737	-0.08305448	0.35112938	-0.06525983	-0.20805240	3.00000000
10.890000	-0.10029673	0.71212983	0.58786285	11.53115845	-0.03271767	0.03258437	-0.10469158	0.11442252	2.48656011	-3.43366551	6.50866795	-5.63193083	2.00000000	0.00177308	1.13542664	0.59206057	8.60270786	0.00003738	0.04894236	-0.01917879	0.05256598	0.02271856	-2.98792958	1.61003661	-1.84382665	2.00000000	-0.03625998	0.98598111	0.15037595	6.22300291	-0.00888041	-0.03334631	-0.01136201	0.03633089	-0.13723524	-0.00426257	0.31947035	-0.08385613	4.00000000	-0.01251528	1.12180448	0.14253253	6.14468479	-0.01721915	-0.01790325	0.01061795	0.02701419	-0.28995535	0.22347428	-0.04732317	0.03833404	3.00000000
10.900001	-0.10053041	0.71255827	0.58720785	11.53197479	-0.01005667	0.00188698	-0.04186779	0.04309999	2.07969117	-3.13294172	5.66999817	-2.66872811	2.00000000	0.00200801	1.13594413	0.59203488	8.60327721	-0.00574909	0.01443128	-0.00597139	0.01664246	-1.22329175	-2.81043148	1.48839831	-0.14604770	2.00000000	-0.03630898	0.98574632	0.15029602	6.22325563	-0.00938252	-0.03042122	-0.00831187	0.03290242	-0.19218895	0.10300244	0.28534129	-0.09850188	4.00000000	-0.01264704	1.12170541	0.14260098	6.14486313	-0.02118975	-0.01548628	0.01050755	0.02827082	-0.49920583	0.00748366	-0.02622766	0.34629714	3.00000000
10.910000	-0.10055561	0.71249026	0.58722526	11.53204918	0.01121014	-0.02654890	0.01215686	0.03127780	1.75424922	-2.91163921	4.62456512	-0.26761740	2.00000000	0.00192484	1.13595545	0.59205455	8.60336304	-0.02505523	-0.01934568	0.00388970	0.03189278	-2.12858486	-2.65600443	1.33578217	1.28017402	2.00000000	-0.03637275	0.98547143	0.15023832	6.22354364	-0.01064418	-0.02834002	-0.00615877	0.03089314	-0.28601813	0.14916459	0.23538718	-0.04813153	4.00000000	-0.01283007	1.12159455	0.14271306	6.14510489	-0.02906200	-0.01732806	0.01143254	0.03571505	-0.62424386	-0.20182623	-0.04655967	0.57844520	3.00000000
10.920000	-0.10023432	0.71184462	0.58777350	11.53295517	0.02785828	-0.05606363	0.05468428	0.08312391	1.50442648	-2.76277351	3.35157800	1.81747758	2.00000000	0.00157461	1.13526726	0.59197766	8.60413933	-0.05796504	-0.04169146	0.01849482	0.07375760	-2.49328232	-2.35849285	1.20924902	2.57828069	2.00000000	-0.03648498	0.98517883	0.15019536	6.22385979	-0.01456564	-0.02736400	-0.00384301	0.03123643	-0.33759421	0.16664870	0.18360214	0.00912029	4.00000000	-0.01318523	1.12140989	0.14288710	6.14554119	-0.03851352	-0.02191663	0.01183984	0.04586732	-0.57716852	-0.30177841	-0.12427282	0.60421979	3.00000000
10.930000	-0.09977899	0.71102136	0.58850425	11.53414631	0.03871092	-0.08327365	0.08391340	0.12439652	1.22570264	-2.60650730	2.06714106	3.06168699	2.00000000	0.00083523	1.13447869	0.59212804	8.60523033	-0.09316965	-0.05967716	0.03323704	0.11552770	-2.23933339	-1.90571940	1.16328073	3.02468753	2.00000000	-0.03660793	0.98492128	0.15014444	6.22414970	-0.02046808	-0.02729396	-0.00208753	0.03417982	-0.34787902	0.19598828	0.15936337	0.03494462	4.00000000	-0.01361507	1.12119186	0.14301085	6.14603901	-0.04581093	-0.02796650	0.01033433	0.05465862	-0.34459591	-0.23030917	-0.23849456	0.37533289	3.00000000
10.940001	-0.09925905	0.71005917	0.58959711	11.53569221	0.04881055	-0.10886391	0.09531329	0.15270378	0.95644999	-2.26304603	0.99594223	2.72729468	2.00000000	-0.00022004	1.13375330	0.59253556	8.60657406	-0.11812945	-0.07735689	0.04386703	0.14786132	-1.24556851	-1.50406229	1.02427602	2.18380237	2.00000000	-0.03686494	0.98460478	0.15012908	6.22455788	-0.02463488	-0.02514422	-0.00094970	0.03521379	-0.29640916	0.28207982	0.15967359	-0.00525452	4.00000000	-0.01421796	1.12083948	0.14313091	6.14674759	-0.04815672	-0.03110866	0.00658793	0.05770805	0.01761308	0.00969898	-0.33469537	-0.04928438	3.00000000
10.950000	-0.09886639	0.70905453	0.59071732	11.53724766	0.05867680	-0.13263622	0.09318739	0.17239264	0.82898372	-1.70551503	0.39614004	1.78905869	2.00000000	-0.00182969	1.13352454	0.59341073	8.60842037	-0.12660390	-0.09301503	0.05279084	0.16573235	0.44900590	-1.30948055	0.67448705	0.91377389	2.00000000	-0.03718733	0.98437661	0.15015040	6.22495365	-0.02668205	-0.02177159	0.00002868	0.03443740	-0.18311678	0.39112565	0.17297578	-0.08637669	4.00000000	-0.01476202	1.12046075	0.14315742	6.14741087	-0.04506485	-0.02977649	0.00158561	0.05403697	0.38294661	0.32874611	-0.34818423	-0.50269568	3.00000000
10.960000	-0.09836981	0.70769626	0.59182978	11.53907204	0.06541752	-0.14990568	0.08745392	0.18547063	0.89098191	-1.09014869	0.55620426	1.43173766	2.00000000	-0.00339745	1.13242543	0.59394717	8.61040878	-0.11624955	-0.10320543	0.06006211	0.16665167	2.41255784	-1.19887125	0.36926830	0.15334710	2.00000000	-0.03751881	0.98413950	0.15016620	6.22536135	-0.02715929	-0.01661877	0.00182639	0.03189273	-0.06339911	0.46295258	0.21089427	-0.14583553	4.00000000	-0.01521929	1.12008560	0.14315601	6.14800215	-0.03765152	-0.02347131	-0.00318140	0.04448215	0.64494413	0.61034983	-0.27996776	-0.81588095	3.00000000
10.970000	-0.09754975	0.70579249	0.59248912	11.54124737	0.07149440	-0.15587111	0.08686036	0.19222896	1.14208972	-0.54840404	1.61168694	1.84487140	2.00000000	-0.00465050	1.13109815	0.59443927	8.61229897	-0.08054212	-0.11110305	0.06202310	0.15059146	4.16178179	-1.08504796	0.31607398	0.29819494	2.00000000	-0.03776994	0.98401850	0.15017083	6.22564030	-0.02678620	-0.01056294	0.00440665	0.02912893	-0.00192540	0.46988818	0.30643865	-0.10349967	4.00000000	-0.01552547	1.11987936	0.14308359	6.14837837	-0.02807071	-0.01356006	-0.00578463	0.03170650	0.75887007	0.76626068	-0.16942474	-0.88943332	3.00000000
10.980000	-0.09663709	0.70391762	0.59304738	11.54340553	0.08101196	-0.15307316	0.10360479	0.20181249	1.60002065	-0.25990158	3.38039351	3.08286572	2.00000000	-0.00528121	1.12942314	0.59491056	8.61415005	-0.02137353	-0.12269317	0.05781402	0.13730587	5.42770576	-1.16503513	0.39416751	1.16846573	2.00000000	-0.03796575	0.98393148	0.15018341	6.22585487	-0.02647272	-0.00553528	0.00741146	0.02804236	-0.01879878	0.40944579	0.45938286	0.06805894	4.00000000	-0.01571224	1.11982250	0.14297763	6.14860058	-0.01953073	-0.00400245	-0.00559539	0.02070694	0.72759688	0.77379739	-0.04438125	-0.74331605	3.00000000
10.990000	-0.09586541	0.70234376	0.59389067	11.54535103	0.09877302	-0.14944722	0.14540453	0.23072290	2.25196648	-0.55751324	5.54496574	5.10060883	2.00000000	-0.00532616	1.12852156	0.59567869	8.61533546	0.04819445	-0.13480186	0.05973925	0.15512262	5.94113541	-1.75968826	0.55231464	2.59350777	2.00000000	-0.03820910	0.98394597	0.15028517	6.22611904	-0.02582616	-0.00162274	0.01152021	0.02832559	-0.05249994	0.28785482	0.60956132	0.28589568	4.00000000	-0.01585165	1.11991656	0.14287873	6.14879560	-0.01227433	0.00403126	-0.00476688	0.01377074	0.61136144	0.66234988	0.04818166	-0.47118825	3.00000000
11.000000	-0.09505218	0.70131588	0.59538853	11.54734135	0.12629615	-0.15141913	0.21576731	0.29229096	3.05783105	-1.69406164	7.77818251	7.76833153	2.00000000	-0.00441275	1.12760198	0.59639317	8.61681557	0.11527853	-0.14750758	0.07084608	0.20016691	5.48336172	-2.66709995	1.05482149	4.20959759	2.00000000	-0.03852059	0.98396558	0.15044443	6.22646952	-0.02679359	0.00061691	0.01902481	0.03286671	0.00165480	0.18082558	0.70417345	0.40976673	4.00000000	-0.01594686	1.12002718	0.14287178	6.14894152	-0.00733601	0.00938475	-0.00380091	0.01250350	0.49848238	0.52901936	0.04582977	-0.14946637	3.00000000
11.010000	-0.09395324	0.70014238	0.59792423	11.55034351	0.16093539	-0.16662726	0.30944893	0.38655335	3.86714888	-3.48991084	9.76402283	10.66336060	2.00000000	-0.00277996	1.12606215	0.59682959	8.61910152	0.17232946	-0.17272332	0.08333325	0.25782788	4.23137808	-3.67628884	1.79910409	5.40966320	2.00000000	-0.03883124	0.98397791	0.15063444	6.22683382	-0.02911920	0.00105947	0.02872646	0.04091771	0.15295875	0.13159795	0.71304166	0.41465771	4.00000000	-0.01600934	1.12009454	0.14289559	6.14903641	-0.00397507	0.01291633	-0.00278614	0.01379838	0.42223793	0.44600666	-0.02161206	0.15424602	3.00000000
11.020000	-0.09193523	0.69830471	0.60139102	11.55475616	0.20347989	-0.20787863	0.42055744	0.51135713	4.45406008	-5.54205513	11.29565620	13.23102283	2.00000000	-0.00047915	1.12394607	0.59766090	8.62233639	0.20974049	-0.22270976	0.09893526	0.32152590	2.62127066	-4.96726131	2.31189179	6.08059788	2.00000000	-0.03906194	0.98399121	0.15090367	6.22718859	-0.02881571	0.00071526	0.03758036	0.04736179	0.35791019	0.10458877	0.58277148	0.29800478	4.00000000	-0.01599759	1.12023282	0.14287060	6.14917755	-0.00067417	0.01586378	-0.00273995	0.01611277	0.37525877	0.39161077	-0.07848211	0.33864880	3.00000000
11.030000	-0.08949747	0.69603372	0.60610735	11.56053066	0.25473616	-0.28088689	0.54388988	0.66302651	4.80167532	-7.53949451	12.35096836	15.21387863	2.00000000	0.00190705	1.12161911	0.59881574	8.62586403	0.22409408	-0.28026003	0.12965301	0.38154125	1.03752589	-6.56421900	2.56194472	6.70332861	2.00000000	-0.03936761	0.98399371	0.15138498	6.22775888	-0.02278710	0.00205835	0.04319499	0.04888042	0.61619437	0.06980945	0.29324985	0.03843717	4.00000000	-0.01599810	1.12037826	0.14280950	6.14933538	0.00343450	0.02010663	-0.00503833	0.02101088	0.37216520	0.33807752	-0.12085710	0.39271259	3.00000000
11.040000	-0.08678075	0.69314879	0.61206704	11.56768799	0.30852443	-0.37503737	0.67437589	0.83103746	5.07137012	-9.25048542	12.90669727	16.57562256	2.00000000	0.00440644	1.11869717	0.60017669	8.62994289	0.21984993	-0.34923851	0.16483316	0.44437766	-0.20128338	-8.12470627	2.72170615	7.57159185	2.00000000	-0.03967760	0.98397946	0.15194340	6.22839785	-0.01326647	0.00430644	0.04481673	0.04693702	0.86686504	0.01142174	-0.07396986	-0.23727702	4.00000000	-0.01596588	1.12064302	0.14275201	6.14960814	0.00749215	0.02496242	-0.00744785	0.02710582	0.38004935	0.26666960	-0.15193515	0.38312802	3.00000000
11.050000	-0.08365830	0.68923050	0.61947244	11.57662868	0.35835132	-0.47929135	0.80845106	1.00584745	5.25722456	-10.36465359	12.82559013	17.13531685	2.00000000	0.00646422	1.11499166	0.60199481	8.63455486	0.20603079	-0.43415228	0.19300133	0.51786715	-0.77937192	-9.56267071	2.55525112	8.72269344	2.00000000	-0.03984983	0.98402452	0.15249395	6.22897625	-0.00282222	0.00503957	0.04158641	0.04198561	0.93122947	-0.11264200	-0.39969847	-0.39799386	4.00000000	-0.01589029	1.12090278	0.14269280	6.14988518	0.01104659	0.02763867	-0.00874574	0.03102276	0.31780007	0.13666028	-0.11763095	0.26582327	3.00000000
11.060000	-0.07983118	0.68379074	0.62835199	11.58772278	0.40742171	-0.58781654	0.94335425	1.18382347	5.24588442	-10.63583565	12.16616440	16.78770828	2.00000000	0.00845444	1.11045039	0.60426384	8.64000797	0.19095364	-0.54236948	0.21510322	0.61391968	-0.70683533	-10.93834496	1.93485570	10.02534485	2.00000000	-0.03972417	0.98413563	0.15283868	6.22935963	0.00816652	0.00317544	0.03428707	0.03538897	0.72307849	-0.33970010	-0.61767721	-0.44545653	4.00000000	-0.01572265	1.12123549	0.14256723	6.15027809	0.01494800	0.02813637	-0.00963447	0.03328545	0.17582920	-0.07166639	-0.00866211	0.01261714	3.00000000
11.070001	-0.07524976	0.67697239	0.63846064	11.60074806	0.46251389	-0.70202148	1.06712973	1.35849881	5.10167742	-10.18760300	11.12994862	15.73699093	2.00000000	0.01011139	1.10436630	0.60661960	8.64673901	0.18120421	-0.66377819	0.23415087	0.72681707	-0.33280239	-11.99237728	1.20229709	11.14655972	2.00000000	-0.03947636	0.98424131	0.15310428	6.22973776	0.01770752	-0.00132918	0.02518942	0.03081931	0.39005125	-0.63428116	-0.75046676	-0.30546895	4.00000000	-0.01554133	1.12155747	0.14246865	6.15066051	0.01739997	0.02640386	-0.01009678	0.03319439	0.03560844	-0.25999057	0.10404110	-0.23154302	3.00000000
11.080000	-0.07035342	0.66935265	0.64987820	11.61532211	0.51850164	-0.81004745	1.17053092	1.51497972	4.97921896	-9.46408558	9.65884113	14.21030712	2.00000000	0.01189472	1.09743083	0.60906136	8.65430450	0.18472666	-0.79379374	0.24337320	0.85056627	0.00473211	-12.48935318	0.54678530	11.76536179	2.00000000	-0.03923010	0.98420638	0.15327887	6.23004150	0.01978508	-0.00871668	0.01720289	0.02762914	0.06141251	-0.94605559	-0.84523779	0.08918857	4.00000000	-0.01534927	1.12178206	0.14234512	6.15098095	0.01600274	0.02217193	-0.00836849	0.02859570	-0.10091916	-0.36963648	0.19924027	-0.40070012	3.00000000
11.090000	-0.06510708	0.66097975	0.66245288	11.63131428	0.56729877	-0.89817888	1.25760734	1.64624715	4.76297951	-8.61776733	7.83881426	12.32537651	2.00000000	0.01360101	1.08842289	0.61137259	8.66375923	0.19352253	-0.92420477	0.24246274	0.97488135	0.11836687	-12.34575367	-0.10162654	11.69535446	2.00000000	-0.03902978	0.98403984	0.15344912	6.23035288	0.01437797	-0.01996060	0.01039418	0.02670563	-0.28289515	-1.22080314	-0.90624678	0.57517451	4.00000000	-0.01514491	1.12201548	0.14226326	6.15130186	0.01238564	0.01598398	-0.00482984	0.02078988	-0.26990634	-0.44952995	0.29182574	-0.52274853	3.00000000
11.100000	-0.05907255	0.65130264	0.67548823	11.64863396	0.60956395	-0.96976006	1.33128464	1.75622368	4.33369303	-7.64253473	6.06778431	10.34663391	2.00000000	0.01557720	1.07875073	0.61406314	8.67399120	0.19880457	-1.04957819	0.23631999	1.09406793	-0.13633904	-11.91893578	-0.76624054	11.25769520	2.00000000	-0.03883788	0.98378205	0.15351900	6.23068190	0.00832385	-0.03439039	0.00168122	0.03542332	-0.55492771	-1.38922668	-0.92729920	0.99151498	4.00000000	-0.01502676	1.12213218	0.14220396	6.15147829	0.00970704	0.01170635	-0.00117669	0.01525287	-0.38709942	-0.49527818	0.34555295	-0.47496390	3.00000000
11.110001	-0.05266763	0.64100677	0.68911517	11.66687489	0.65255779	-1.04136217	1.38119602	1.84877503	3.83436608	-6.77390671	4.43506718	8.50917149	2.00000000	0.01789714	1.06729972	0.61637539	8.68590164	0.19512732	-1.16615391	0.22664268	1.20389223	-0.67924893	-11.45394039	-1.32267070	10.76514626	2.00000000	-0.03886769	0.98344558	0.15354678	6.23102093	0.00309718	-0.05135983	-0.00973493	0.05236595	-0.61439675	-1.41550255	-0.90627778	1.29784024	4.00000000	-0.01501992	1.12219667	0.14224657	6.15155602	0.00589228	0.00768999	0.00258038	0.01002564	-0.38191918	-0.47449264	0.32090500	-0.26967108	3.00000000
11.120000	-0.04577924	0.63018703	0.70321053	11.68593216	0.69065058	-1.10852814	1.41332150	1.92439878	3.32880497	-6.14640522	2.66074419	6.70925856	2.00000000	0.01997058	1.05517590	0.61866105	8.69841194	0.18332373	-1.26967025	0.21245678	1.30031073	-1.07678473	-10.97306061	-1.78626978	10.29913521	2.00000000	-0.03891629	0.98288316	0.15340889	6.23160219	-0.00424739	-0.06718536	-0.02073559	0.07044059	-0.59880805	-1.32195103	-0.77759624	1.40855992	4.00000000	-0.01500005	1.12221539	0.14231133	6.15162611	0.00029109	0.00251333	0.00622831	0.00672261	-0.33297232	-0.44255617	0.26640853	-0.06791158	3.00000000
11.130000	-0.03887991	0.61920232	0.71789157	11.70552254	0.72241104	-1.16928315	1.43264771	1.98534131	2.65878224	-5.40177917	0.78649718	4.73194218	2.00000000	0.02178144	1.04180503	0.62058580	8.71204185	0.16498466	-1.37864745	0.18994808	1.40141678	-0.87172574	-10.41869164	-2.31460643	9.82181835	2.00000000	-0.03895320	0.98208934	0.15310617	6.23245239	-0.01079366	-0.07954488	-0.02877290	0.08527468	-0.69403201	-1.12173855	-0.48584038	1.27331614	4.00000000	-0.01493610	1.12229860	0.14238624	6.15175486	-0.00386603	-0.00253618	0.00874661	0.00989351	-0.28146845	-0.46750075	0.25154337	0.14917172	3.00000000
11.140000	-0.03140074	0.60706830	0.73226255	11.72576332	0.74626678	-1.21930635	1.43725717	2.02714825	1.76339138	-4.24092484	-0.95074469	2.54262185	2.00000000	0.02309691	1.02760899	0.62243229	8.72641754	0.14779550	-1.48427784	0.16483366	1.50069797	0.00243932	-9.88337517	-3.07807040	9.43394756	2.00000000	-0.03902169	0.98103696	0.15265487	6.23359966	-0.01533152	-0.08867979	-0.03250986	0.09568726	-0.79813373	-0.81168491	-0.12197409	0.97203100	4.00000000	-0.01499067	1.12225413	0.14247677	6.15186930	-0.00514249	-0.00659327	0.00970488	0.01281019	-0.15681769	-0.50917268	0.30247572	0.41931528	3.00000000
11.150001	-0.02381889	0.59447151	0.74678099	11.74642563	0.76094872	-1.26145422	1.41641688	2.04366016	0.82504398	-2.87543917	-2.76113629	0.17217100	2.00000000	0.02431990	1.01255739	0.62412798	8.74161339	0.14595136	-1.58580780	0.13423760	1.59815764	1.15998077	-9.20457077	-4.02374315	8.97202682	2.00000000	-0.03926123	0.98011798	0.15228626	6.23461819	-0.02310080	-0.09606431	-0.03078592	0.10348802	-0.79084146	-0.42878705	0.15842320	0.58528894	4.00000000	-0.01513152	1.12214625	0.14259617	6.15208292	-0.00581089	-0.01070499	0.01150394	0.01675422	-0.00923743	-0.55623043	0.43152893	0.65428752	3.00000000
11.160000	-0.01581148	0.58107680	0.76082540	11.76742077	0.76383495	-1.28403449	1.37610435	2.03121924	0.02084871	-1.63902533	-4.89566803	-2.25389886	2.00000000	0.02568627	0.99567610	0.62524545	8.75858688	0.17087868	-1.67157888	0.09384850	1.68290913	2.18370938	-8.07736969	-4.96121883	8.09366322	2.00000000	-0.03950299	0.97920662	0.15197243	6.23561192	-0.03497833	-0.10011295	-0.02479975	0.10890874	-0.79641789	-0.01429276	0.29514909	0.21023309	4.00000000	-0.01526142	1.12194097	0.14270909	6.15235090	-0.00577799	-0.01698832	0.01612765	0.02412652	-0.02567988	-0.70805359	0.70170975	0.97470230	3.00000000
11.170000	-0.00816343	0.56834340	0.77483457	11.78783894	0.75504613	-1.28689301	1.32205880	1.99349630	-0.49150932	-0.69486099	-7.08880615	-4.33987045	2.00000000	0.02720658	0.97845751	0.62617677	8.77589798	0.21237409	-1.74996650	0.03471375	1.76314795	2.80380273	-6.69736528	-5.87997723	6.95128822	2.00000000	-0.03985863	0.97828996	0.15181726	6.23660755	-0.04461985	-0.09841223	-0.01905113	0.10972167	-0.88434547	0.35377881	0.30558243	-0.01668216	4.00000000	-0.01525846	1.12180901	0.14283283	6.15253162	-0.00361709	-0.02403657	0.02436290	0.03441498	-0.29258478	-1.01176405	1.25374341	1.62380469	3.00000000
11.180000	-0.00058981	0.55520302	0.78758448	11.80765247	0.74270064	-1.28029382	1.24348104	1.93313265	-0.61821687	-0.19021034	-9.02744198	-5.69732380	2.00000000	0.02953736	0.96016878	0.62632465	8.79433537	0.24998650	-1.81244600	-0.03488709	1.82993746	2.68076801	-5.60560513	-6.80384159	6.06963396	2.00000000	-0.04037429	0.97713339	0.15168299	6.23788118	-0.04962456	-0.09071976	-0.01678392	0.10475864	-0.95976484	0.70821846	0.31759721	-0.14189245	4.00000000	-0.01524522	1.12160480	0.14305970	6.15283728	-0.00330663	-0.03321866	0.03635349	0.04935575	-0.41153398	-1.30957508	2.39947104	2.73083234	3.00000000
11.190001	0.00651536	0.54296756	0.79991871	11.82642269	0.73276103	-1.27700162	1.13602281	1.85962892	-0.32060939	-0.34027696	-10.79632568	-6.17218304	2.00000000	0.03268039	0.94223922	0.62580156	8.81254578	0.27442068	-1.85477424	-0.10617375	1.87796891	1.75767696	-5.01563120	-7.43888617	5.63779640	2.00000000	-0.04106997	0.97607201	0.15159719	6.23915291	-0.05717470	-0.07946689	-0.01678504	0.09932608	-0.99648386	1.20851326	0.63919610	-0.21311125	4.00000000	-0.01523538	1.12123132	0.14347640	6.15339708	-0.01137122	-0.04880329	0.05743056	0.07621899	0.12265562	-1.39231801	4.76093531	4.89839935	3.00000000
11.200000	0.01370782	0.53003430	0.81093585	11.84487247	0.73153102	-1.28061223	1.01227117	1.78879797	0.21958598	-1.03319085	-12.21903515	-5.75006008	2.00000000	0.03593250	0.92318594	0.62405807	8.83195305	0.28806406	-1.88915825	-0.18218607	1.91965926	0.53218871	-4.71075964	-7.47588158	5.41690779	2.00000000	-0.04161755	0.97533482	0.15139140	6.24009418	-0.06959612	-0.06999572	-0.01556327	0.09992615	-1.03612328	1.45519161	1.42409170	0.10530321	4.00000000	-0.01528312	1.12072456	0.14410873	6.15420866	-0.02618011	-0.06957054	0.09967138	0.12433761	1.23860157	-1.57949626	8.73265553	8.81609535	3.00000000
11.210000	0.02097043	0.51744837	0.82057345	11.86230946	0.73798710	-1.29408312	0.88089204	1.73067820	0.73056418	-1.99707639	-12.70399857	-4.43846941	2.00000000	0.03887846	0.90410131	0.62177432	8.85139847	0.28476050	-1.93629110	-0.26534745	1.97502434	-0.48340556	-4.94550467	-7.17512751	5.68390846	2.00000000	-0.04214227	0.97497332	0.15115879	6.24077272	-0.08390959	-0.05423526	-0.00350587	0.09997286	-0.89029151	0.44307286	2.38529992	1.03506136	4.00000000	-0.01555622	1.11994624	0.14500280	6.15542507	-0.01697222	-0.08677641	0.18752651	0.20732677	2.48892164	-2.79990983	13.91574764	14.19691372	3.00000000
11.220000	0.02846034	0.50416088	0.82841218	11.87945843	0.75262415	-1.31952012	0.74425042	1.69159257	0.95255172	-3.05007386	-11.99762154	-2.53893733	2.00000000	0.04126479	0.88467073	0.61895430	8.87117672	0.26925001	-1.99254501	-0.34131110	2.03941774	-1.29246151	-6.96420336	-7.56130648	7.84819078	2.00000000	-0.04300504	0.97457206	0.15098636	6.24173975	-0.09490388	-0.02893259	0.03028152	0.10373433	-0.31408721	-2.07100940	3.10902047	2.75552821	4.00000000	-0.01615459	1.11885226	0.14666459	6.15750265	0.02858788	-0.09665687	0.35391870	0.36799222	3.51511312	-5.95248461	19.22836685	20.15080261	3.00000000
11.230000	0.03606653	0.49116302	0.83509624	11.89593506	0.76659447	-1.35569489	0.61427355	1.67418861	0.62464720	-4.21372747	-10.32031441	-0.44958588	2.00000000	0.04402519	0.86487651	0.61524326	8.89150429	0.24857187	-2.05075383	-0.40167668	2.10445333	-2.57684684	-6.29659986	-6.09652138	6.92724276	2.00000000	-0.04421311	0.97393733	0.15113740	6.24311256	-0.09974598	-0.03439486	0.07886153	0.13172475	0.74174529	-7.03891373	3.29495621	6.88402033	4.00000000	-0.01660736	1.11764395	0.14996678	6.16104794	0.09054437	-0.13582110	0.59830779	0.62017566	3.53910565	-11.76598072	22.73325920	25.65040588	3.00000000
11.240000	0.04377556	0.47740662	0.84042966	11.91258144	0.77716112	-1.40323484	0.51354414	1.68427289	-0.33792603	-5.46652937	-8.02707100	1.55944419	2.00000000	0.04647190	0.84375781	0.61045402	8.91329670	0.22945517	-2.12980795	-0.46114969	2.19120765	-4.83252954	-1.47130883	-0.08010939	1.14763176	2.00000000	-0.04556966	0.97390807	0.15211326	6.24478388	-0.08940780	-0.11782794	0.12231282	0.19193126	1.98364997	-15.63460064	2.47411847	14.65018749	4.00000000	-0.01504032	1.11654425	0.15655166	6.16790533	0.13905373	-0.25787652	0.88700897	0.93414193	1.62899041	-20.60552406	21.81026268	29.55323410	3.00000000
11.250000	0.05170752	0.46346176	0.84498149	11.92925739	0.77367330	-1.46118295	0.45067567	1.71369028	-1.75935912	-6.74757242	-5.71974850	3.31645989	2.00000000	0.04897344	0.82233036	0.60548609	8.93543434	0.19657136	-2.27267027	-0.55344349	2.34733248	-6.35369539	0.57060516	3.74896407	-1.48865175	2.00000000	-0.04649491	0.97407657	0.15411928	6.24699926	-0.06161900	-0.27957210	0.14712736	0.32187563	2.77253199	-26.98602295	0.96765327	25.24136353	4.00000000	-0.01237311	1.11521566	0.16763721	6.17938423	0.15819371	-0.49873391	1.16139483	1.27381265	-1.69123650	-31.03994370	14.72637558	31.26692581	3.00000000
11.260000	0.05955883	0.44826367	0.84841102	11.94670391	0.74835849	-1.53626668	0.42015263	1.75973976	-3.38531065	-7.94035673	-4.00691319	4.65926504	2.00000000	0.05066787	0.79956132	0.60020840	8.95886803	0.10644504	-2.12929249	-0.44540662	2.17798162	-8.01819324	2.29103851	8.22332954	-3.25534725	2.00000000	-0.04700042	0.97157115	0.15624334	6.25032234	-0.01512750	-0.60351640	0.14795561	0.62157196	3.72177649	-35.36184692	-1.82188594	33.60453415	4.00000000	-0.00961125	1.11052930	0.18197060	6.19471502	0.12370042	-0.88033968	1.32766604	1.59781003	-4.72652102	-40.21362686	1.83904064	31.44729042	3.00000000
11.270000	0.06736029	0.43283531	0.85252237	11.96447468	0.70103216	-1.62432981	0.40257272	1.81437540	-5.07094955	-8.96100998	-3.05401373	5.60877323	2.00000000	0.05214268	0.77583814	0.59434104	8.98335075	-0.02833300	-1.97514832	-0.18763840	1.98424339	-10.96283913	7.85125256	18.27927208	-7.71884966	2.00000000	-0.04680619	0.96474749	0.15784058	6.25733328	0.02959641	-1.07922554	0.11327452	1.08555734	5.20868301	-38.52760315	-5.92689800	37.64443207	4.00000000	-0.00869140	1.10054839	0.19807892	6.21368694	0.03002447	-1.38708150	1.29742825	1.89953065	-6.39294767	-46.57701111	-14.58272648	32.04927826	3.00000000
11.280000	0.07418884	0.41610548	0.85655874	11.98298931	0.63866413	-1.72416162	0.37519336	1.87653804	-6.57053328	-9.52254009	-2.40340424	6.17885065	2.00000000	0.05198231	0.75000960	0.58724982	9.01013565	-0.09170696	-2.01369023	-0.16705939	2.02268815	-11.50151157	7.97100019	20.50788116	-7.39223623	2.00000000	-0.04630595	0.95330471	0.15859297	6.26881170	0.05506327	-1.64107776	0.07288121	1.64361799	5.80008030	-41.64262390	-8.73137188	41.63280869	4.00000000	-0.00909254	1.08383226	0.21290842	6.23603630	-0.07645932	-1.93125701	1.03597176	2.19290614	-6.49358559	-50.25814056	-30.16817665	35.03338623	3.00000000
11.290000	0.08013895	0.39861968	0.86119395	12.00203228	0.56575114	-1.82544482	0.34082878	1.94125926	-7.63102818	-9.09709167	-1.21625257	6.11247110	2.00000000	0.04858474	0.74600583	0.59584111	9.02020454	-0.24504513	-1.89794302	0.18756092	1.92286611	-13.34893227	8.87292004	27.81268501	-4.87919426	3.00000000	-0.04499804	0.93185169	0.15892041	6.29030704	0.13345771	-1.97576523	-0.07065174	1.98152745	5.61419439	-44.80763626	-9.86482525	45.28894424	3.00000000	-0.01105548	1.06039453	0.22323877	6.26172495	-0.14584668	-2.44136834	0.57925755	2.51338220	-5.00536585	-53.10360718	-41.13772202	41.83932495	3.00000000
11.300000	0.08519223	0.37963700	0.86436796	12.02193069	0.48106968	-1.92689812	0.31393269	2.01070094	-8.18585777	-7.28660202	1.38727021	5.19912434	2.00000000	0.04471827	0.72040516	0.59909904	9.04629993	-0.39838329	-1.78219581	0.54218125	1.90496504	-15.19635296	9.77483940	35.11748886	-2.36615229	2.00000000	-0.04426583	0.90718883	0.15833083	6.31498766	0.22453795	-2.26451707	-0.23534794	2.28775954	6.15190601	-46.10689545	-10.66103554	46.85630798	3.00000000	-0.01355897	1.03199470	0.22702406	6.29048491	-0.17065884	-2.93263030	0.02384807	2.93768835	-1.31830633	-58.01933289	-44.77504349	52.62725067	3.00000000
11.310000	0.08975413	0.35963675	0.86646324	12.04255104	0.39076319	-2.00667357	0.32543242	2.07010651	-8.42682743	-4.06006670	5.41871977	3.49256873	2.00000000													1.00000000	-0.04306041	0.87713230	0.15795366	6.34507084	0.26801062	-2.78045082	-0.31800392	2.81138086	4.76752520	-52.75848389	-8.47906303	53.31554031	3.00000000	-0.01554791	1.00099146	0.22308969	6.32180023	-0.16979779	-3.46041465	-0.47744673	3.49732137	2.99388647	-66.05278778	-39.62885666	65.38049316	3.00000000
11.320001	0.09355866	0.33895701	0.86871397	12.06369781	0.30337110	-2.04144859	0.39708862	2.10171962	-8.46652317	0.34438074	9.69478703	1.09035969	2.00000000													1.00000000	-0.03723235	0.86216277	0.14875782	6.36358070	0.31174791	-3.36886883	-0.39398161	3.40612459	-0.79621595	-66.18821716	-1.24871564	66.04790497	4.00000000	-0.01665823	0.96613944	0.21335040	6.35800457	-0.14537917	-4.14650345	-0.89253086	4.24396467	4.25288343	-71.32460785	-25.06911850	72.38082123	3.00000000
11.330000	0.09600908	0.31766167	0.87238145	12.08544540	0.22309062	-2.01287055	0.54025745	2.09601903	-8.27070045	5.45917416	12.42799759	-2.11072254	2.00000000													1.00000000	-0.03401290	0.82648343	0.14516550	6.39958477	0.35741729	-4.03759384	-0.43825802	4.07700634	-6.84902096	-72.71315002	6.53106451	72.16020966	4.00000000	-0.01772308	0.92424613	0.20070076	6.40177917	-0.02670025	-5.01167583	-1.10935175	5.13305664	1.61841607	-72.47005463	-7.87222958	72.84947968	3.00000000
11.340000	0.09743217	0.29713047	0.87888002	12.10702705	0.14222121	-1.92387342	0.72024661	2.05919194	-8.20745277	10.11350918	12.41084385	-5.61900997	2.00000000													1.00000000	-0.03059238	0.77915645	0.14084730	6.44723129	0.25071511	-4.93780279	-0.33683836	4.95562458	-9.90604496	-71.05670166	12.19947052	70.51279449	4.00000000	-0.01890507	0.87154472	0.18925773	6.45572138	0.05912307	-5.92858076	-1.09757984	6.02961397	-2.63418841	-71.67712402	4.09395933	70.76347351	3.00000000
11.350000	0.09833016	0.27798805	0.88747442	12.12802982	0.06110283	-1.78370225	0.87955791	1.98971081	-8.53134060	13.31275654	9.20405769	-8.90717983	2.00000000													1.00000000	-0.02775511	0.72142816	0.13771226	6.50511408	0.01915259	-5.82965946	-0.08193490	5.83026648	-12.25841045	-64.98433685	16.34554863	64.47843933	4.00000000	-0.01907434	0.80360138	0.17489932	6.52516556	-0.00848587	-6.51496410	-0.76400447	6.55961370	-8.67257404	-59.99029541	13.29694271	58.21099472	4.00000000
11.360001	0.09892927	0.26098278	0.89793533	12.14800358	-0.01822716	-1.61121798	0.95879632	1.87500560	-8.80654526	14.88022709	3.04138947	-12.01375389	3.00000000													1.00000000	-0.02598766	0.65608495	0.13692828	6.57048607	-0.17350882	-6.36128569	0.15294936	6.36548948	-15.51647949	-47.31140518	16.69672203	47.25171280	4.00000000	-0.01324458	0.72777456	0.16807494	6.60152149	-0.20128779	-7.07206964	-0.54347759	7.09577703	-16.80182457	-34.60824203	18.62784958	33.20193100	3.00000000
11.370000	0.09860260	0.24604833	0.90892500	12.16654873	-0.11337871	-1.44796121	0.95379746	1.73757768	-8.73099709	14.83935356	-4.12473059	-14.35006809	3.00000000													1.00000000	-0.03100386	0.58975863	0.13827793	6.63701534	-0.22443075	-6.80079079	0.32412979	6.81220865	-16.05775452	-19.11092567	9.22518349	19.69830132	3.00000000	-0.01527275	0.65072238	0.16296670	6.67876959	-0.40661785	-7.53516626	-0.46953893	7.56072330	-22.31759834	-8.63590240	11.75264359	9.05966282	3.00000000
11.380000	0.09707181	0.23269632	0.91890943	12.18329144	-0.21265198	-1.30157220	0.85863519	1.57371068	-8.30396748	13.30729961	-9.99841213	-15.02042103	3.00000000													1.00000000	-0.03784385	0.52076423	0.14735003	6.70693922	-0.33745730	-6.92773390	0.41209918	6.94817972	-14.81298256	10.09230995	-4.83381653	-8.85940742	4.00000000	-0.02185995	0.58935416	0.17358427	6.74139690	-0.65746105	-7.42527103	-0.27914914	7.45954609	-21.90133476	19.02297211	-0.81846911	-16.48537636	2.00000000
11.390000	0.09434213	0.22088812	0.92684674	12.19777870	-0.29743084	-1.17347956	0.69005734	1.39344847	-7.16416121	11.14169693	-13.94321728	-14.35305595	3.00000000													1.00000000	-0.04237399	0.45113394	0.15296578	6.77694225	-0.57009196	-6.62079430	0.36415890	6.65526342	-17.39268684	40.85561371	-19.13105392	-37.47990036	4.00000000	-0.03537665	0.50158125	0.16017382	6.83121109	-0.94983906	-6.93854856	-0.23735140	7.00728083	-17.81608772	57.57098007	-5.71283913	-53.63563156	3.00000000
11.400001	0.09003140	0.20917307	0.93344754	12.21189976	-0.36598286	-1.07347965	0.51533878	1.24574316	-5.59978628	8.96107960	-15.56534767	-12.49842930	4.00000000													1.00000000	-0.03916624	0.37441283	0.15654372	6.85381365	-0.74455154	-6.02282476	0.04140114	6.06881285	-20.18024445	71.40100098	-29.94810295	-63.68979645	5.00000000	-0.04394633	0.42827269	0.15796687	6.90505171	-1.14421153	-6.32628822	-0.53068668	6.45079613	-10.98574829	91.38135529	-10.00900459	-85.84466553	3.00000000
11.410000	0.08617207	0.19932336	0.93670422	12.22296810	-0.41104999	-1.00181305	0.35439777	1.13938105	-4.29572153	6.44530153	-14.14607811	-9.07078362	4.00000000													1.00000000	-0.04984730	0.31701425	0.15691589	6.91219854	-0.93555897	-5.13770390	-0.46218508	5.24260283	-14.98397827	90.43800354	-34.98316193	-78.89976501	5.00000000	-0.05454190	0.36672032	0.15479980	6.96758986	-1.19278157	-5.22598124	-0.77044052	5.41545820	-0.09577323	109.31336975	-15.14682961	-102.08927917	3.00000000
11.420000	0.08189230	0.18991320	0.93896729	12.23355103	-0.43070513	-0.94534093	0.20270993	1.05842698	-3.12287068	3.79408383	-10.57655716	-5.20399904	4.00000000													1.00000000	-0.06364340	0.27181762	0.15063405	6.95986938	-1.19611537	-3.96025014	-0.91916591	4.23782253	-5.20673132	97.23825836	-30.49738121	-84.50463104	5.00000000	-0.06750967	0.32116652	0.14808671	7.01542664	-1.14739084	-3.69563174	-0.79420304	3.95031118	10.94984913	116.96240997	-10.21264458	-109.38798523	3.00000000
11.430000	0.07755663	0.18103641	0.94057828	12.24356079	-0.45811477	-0.91263610	0.10038166	1.02608490	-2.29166007	1.90583313	-6.19363546	-2.25768971	4.00000000													1.00000000	-0.07987184	0.24117449	0.13642970	6.99734116	-1.27428401	-2.79907298	-1.24161541	3.31665778	4.57499838	94.44321442	-16.34814644	-84.06342316	5.00000000	-0.08182422	0.29353911	0.13584153	7.04886484	-0.95794994	-2.35717511	-0.94615322	2.71461749	18.71166039	111.41777039	0.98728633	-105.71806335	3.00000000
11.440001	0.07311054	0.17207040	0.94085324	12.25357246	-0.48426095	-0.91863471	0.06827662	1.04070175	-2.16516376	1.37410462	-1.84174585	-0.62119263	4.00000000	-0.00069106	0.34358603	0.55884635	9.42797375	-0.73200327	-3.47919345	-0.75793117	3.63525462	5.59096384	65.85571289	33.57237244	-69.89875793	2.00000000	-0.09445586	0.22118434	0.11818799	7.02808285	-1.05947280	-1.90057087	-1.33091700	2.55068469	15.28241444	81.14945984	1.12837303	-77.27643585	5.00000000	-0.09296061	0.28081250	0.12350206	7.06979942	-0.65573096	-1.26006007	-0.94666296	1.70701647	23.53412819	89.13076019	8.29066753	-86.46073151	3.00000000
11.450000	0.06814399	0.16305323	0.94049489	12.26387310	-0.49727431	-0.93681508	0.09383459	1.06475782	-2.12461996	2.21065426	1.31959176	-0.62216717	4.00000000	-0.00804645	0.30792570	0.55043709	9.46534348	-0.67437661	-2.81547904	-0.43189526	2.92715549	4.99364138	59.11010361	25.50273132	-61.20003510	2.00000000	-0.10396054	0.20820041	0.10161228	7.05118418	-0.76593590	-1.18396664	-1.16693866	1.83034992	23.09882355	61.89084625	15.73060036	-66.47386932	5.00000000	-0.09887813	0.27733099	0.11420992	7.08135271	-0.39064336	-0.52774870	-0.75213426	0.99841219	22.93911934	60.64578247	14.00820160	-62.28723907	3.00000000
11.460000	0.06227732	0.15362448	0.94078642	12.27498150	-0.51871467	-0.92663711	0.15559196	1.07328010	-1.88866627	4.32377481	2.54334545	-2.19567418	4.00000000	-0.01503970	0.27895218	0.54583323	9.49550247	-0.61674994	-2.15176463	-0.10585933	2.24091005	4.39631891	52.36449814	17.43309021	-52.50130844	2.00000000	-0.10828327	0.19962019	0.09137110	7.06522655	-0.45005250	-0.69573122	-0.83394927	1.17561066	23.15257835	44.17330551	24.07237434	-55.01823044	5.00000000	-0.09375338	0.27794188	0.10606389	7.09099627	-0.12847073	-0.13231833	-0.49116257	0.52464610	16.44768333	35.74306107	18.90009880	-42.20206070	4.00000000
11.470000	0.05751783	0.14358170	0.94263732	12.28624821	-0.54157233	-0.86080331	0.19850233	1.03618824	-1.71356142	7.30183744	1.67883456	-4.62980223	3.00000000	-0.02065134	0.25901541	0.54631293	9.51621914	-0.59554052	-1.81992948	-0.04505018	1.91542196	4.78931904	51.54677582	14.34762192	-50.96733093	2.00000000	-0.10960285	0.19596715	0.08704719	7.07103872	-0.20287937	-0.38059428	-0.47592980	0.64227813	17.98066139	29.55427551	24.85991287	-42.50779343	5.00000000	-0.09415886	0.27820003	0.10500047	7.09216309	0.05665794	0.02062793	-0.27245009	0.27904245	9.94002914	17.05817032	17.61103058	-25.78063583	4.00000000
11.480000	0.05211579	0.13412382	0.94682986	12.29791927	-0.55744988	-0.75577003	0.20583966	0.96140975	-0.99377382	9.99281406	-0.86533904	-7.21002960	3.00000000	-0.02646442	0.24690278	0.54961288	9.53005409	-0.54198176	-1.21859026	0.10135322	1.33752716	4.56618977	42.27703094	5.60395288	-40.30454254	2.00000000	-0.11016199	0.19501835	0.08599024	7.07256508	-0.07115217	-0.17620982	-0.20999622	0.28321537	11.74665260	17.87206650	19.84000587	-29.10479355	5.00000000	-0.09447856	0.27830252	0.10484096	7.09253454	0.04652322	0.03528570	-0.09188701	0.10887017	4.97471809	5.91755009	12.47593212	-14.16709042	4.00000000
11.490000	0.04666260	0.12714925	0.94992495	12.30729771	-0.57323927	-0.63037801	0.18408050	0.87170255	0.46585003	11.15159702	-3.30522776	-8.97877121	3.00000000	-0.03151282	0.23898432	0.55248725	9.53987503	-0.49189779	-0.77286410	0.12036859	0.92399728	4.91572428	36.35906219	0.92691445	-33.49435043	2.00000000	-0.11020561	0.19491152	0.08571164	7.07286644	-0.02970000	-0.05941577	-0.07352456	0.09908675	5.96696377	10.12232304	12.54926300	-17.15456009	5.00000000	-0.09448747	0.27881891	0.10491084	7.09305573	-0.02385986	0.01984735	0.00127150	0.03106167	0.26540047	0.63164896	7.45639038	-7.37749052	4.00000000
11.500000	0.04052595	0.12253069	0.95073628	12.31502056	-0.57140166	-0.49975836	0.12086778	0.76867890	2.23888946	10.60620689	-4.31657171	-9.63533592	3.00000000	-0.03642541	0.23319161	0.55274361	9.54747486	-0.44094554	-0.46137854	0.06682376	0.64169192	5.41463137	29.75107765	-1.05736709	-26.62262726	2.00000000	-0.11024886	0.19448636	0.08515786	7.07356596	-0.02038789	-0.01948016	-0.03051770	0.04155085	2.18357801	5.21964407	6.20909834	-8.31426811	5.00000000	-0.09441499	0.27907687	0.10485105	7.09333038	-0.00889258	0.01673152	0.00145653	0.01900377	-1.46653044	-0.74283934	3.41053367	-3.49641800	4.00000000
11.510000	0.03419960	0.11891311	0.95062238	12.32230949	-0.53298068	-0.38741386	0.04269282	0.66028827	4.21942139	9.22267056	-4.34727669	-9.85529995	3.00000000	-0.04085608	0.22994946	0.55198365	9.55301762	-0.38681686	-0.24925780	0.00460545	0.46019337	5.51956081	19.88228607	-2.73498797	-17.30227470	2.00000000	-0.11053175	0.19422521	0.08485318	7.07405710	-0.01433622	-0.01166873	-0.02482272	0.03094922	0.66594106	2.16402411	2.31030250	-3.10284638	5.00000000	-0.09454016	0.27906811	0.10488381	7.09346008	-0.00160852	0.01103232	-0.00137060	0.01123290	-0.19897190	-0.44254541	0.64038473	-0.99784553	4.00000000
11.520000	0.02856530	0.11532779	0.95060277	12.32898808	-0.47508132	-0.31079102	0.00084043	0.56770945	5.96341848	7.74839973	-3.71532035	-9.81934357	3.00000000	-0.04400786	0.22861402	0.55105925	9.55656338	-0.33180884	-0.09622971	-0.02143532	0.34614554	5.51026726	12.91457748	-2.06180906	-11.33755207	2.00000000	-0.11091919	0.19420326	0.08471489	7.07446909	-0.01179414	-0.00514674	-0.01849296	0.02252954	0.38035268	0.65768254	0.72243267	-1.00557685	5.00000000	-0.09481152	0.27912772	0.10495092	7.09374571	0.00024674	0.00500654	-0.00226485	0.00550054	0.43276832	-0.21507545	-0.07816217	-0.21990678	4.00000000
11.530001	0.02446570	0.11211626	0.95074880	12.33419800	-0.39725772	-0.25913608	-0.01198451	0.47445634	6.91951704	6.70069838	-2.50190639	-9.50638580	3.00000000	-0.04715722	0.22952603	0.55135906	9.55985546	-0.26919344	-0.00468753	-0.01495679	0.26964939	5.40678740	7.98696804	-0.84142631	-7.64896584	2.00000000	-0.11100709	0.19426952	0.08460795	7.07462263	-0.00926821	0.00247993	-0.01003134	0.01388083	0.21236752	0.14554317	0.44575405	-0.46527627	5.00000000	-0.09470191	0.27902496	0.10482945	7.09393883	-0.00131074	0.00592098	0.00052831	0.00608729	-0.13796590	-0.26181418	0.25326851	0.05106846	4.00000000
11.540000	0.02136298	0.10988560	0.95075780	12.33801937	-0.31552610	-0.20680285	-0.02148002	0.37786973	7.33976746	6.43895292	-1.52099204	-9.24499798	3.00000000	-0.04947444	0.23036639	0.55168992	9.56234264	-0.21496992	0.03720099	-0.00454187	0.21821231	5.28733969	4.59826231	-0.11287548	-5.53719234	2.00000000	-0.11085404	0.19440570	0.08453796	7.07483912	-0.00477868	0.00369623	-0.00629785	0.00872702	-0.08168823	-0.21389763	0.46380031	-0.02525383	5.00000000	-0.09449741	0.27920389	0.10478963	7.09421349	-0.00051999	0.00729760	0.00336338	0.00805218	-0.57670850	-0.36006835	0.49840870	0.60582620	4.00000000
11.550000	0.01861885	0.10833485	0.95042139	12.34118938	-0.24420734	-0.14191027	-0.03679693	0.28483286	7.53549099	6.91302538	-1.21384752	-8.18345642	3.00000000	-0.05155966	0.23118438	0.55187672	9.56459045	-0.16839920	0.05332405	-0.00434170	0.17669350	4.96394253	2.77743888	-0.09599084	-3.77854943	2.00000000	-0.11078535	0.19446880	0.08449209	7.07494307	-0.00340076	-0.00072991	-0.00379477	0.00514764	-0.31891999	-0.63622290	0.39916998	0.49299002	5.00000000	-0.09443038	0.27928087	0.10479384	7.09431553	-0.00455690	0.00447879	0.00859083	0.01070641	-0.83594614	-0.58802295	0.64514863	1.05439031	4.00000000
11.560000	0.01645147	0.10717895	0.94982642	12.34371662	-0.17687015	-0.06312554	-0.05286733	0.19509700	7.57884645	7.66659975	-1.14956582	-5.22409105	3.00000000	-0.05274893	0.23068719	0.55144721	9.56594944	-0.11944615	0.06146605	-0.01453062	0.13511698	4.45371675	2.84842205	-0.31651050	-1.48078597	2.00000000	-0.11090478	0.19439763	0.08445523	7.07508707	-0.01107256	-0.01193223	-0.00059971	0.01628924	-0.43159392	-0.86806303	0.34977058	0.77264309	5.00000000	-0.09464240	0.27946502	0.10500517	7.09466696	-0.01970666	-0.00417506	0.01769463	0.02681200	-0.88566017	-0.83717525	0.63832372	1.18538332	4.00000000
11.570001	0.01463295	0.10656253	0.94918752	12.34574032	-0.10137149	0.02016903	-0.06502916	0.12211372	7.80667639	8.51961708	-1.05963087	-0.93393892	3.00000000	-0.05371981	0.23115744	0.55100715	9.56711483	-0.07339045	0.07950962	-0.02377977	0.11078545	4.11648846	4.21370411	-0.47983152	1.27020133	2.00000000	-0.11107656	0.19430552	0.08446103	7.07528210	-0.02238036	-0.02617737	0.00344962	0.03461264	-0.34970540	-0.72613096	0.31620708	0.69366217	5.00000000	-0.09483890	0.27939805	0.10520393	7.09495449	-0.03665083	-0.01757592	0.02707889	0.04884120	-0.73501313	-0.83347648	0.44507694	1.00327575	4.00000000
11.580000	0.01392507	0.10689793	0.94847453	12.34679985	-0.01957013	0.10638262	-0.07173270	0.12979150	8.14842033	9.50107098	-0.98551977	3.83541226	3.00000000	-0.05427478	0.23218085	0.55083120	9.56829262	-0.03362043	0.12689456	-0.02642969	0.13390703	4.04945230	5.97412157	-0.63384253	4.16614103	2.00000000	-0.11131596	0.19399223	0.08448976	7.07567739	-0.02850027	-0.03699064	0.00812473	0.04739815	0.04463493	-0.19982758	0.23487952	0.16383453	5.00000000	-0.09528198	0.27911323	0.10548913	7.09555340	-0.04459135	-0.03031418	0.03321152	0.06332727	-0.17766431	-0.50265419	0.00558036	0.26973113	4.00000000
11.590000	0.01432476	0.10888114	0.94780254	12.34893131	0.06684950	0.19644454	-0.07693569	0.22131068	8.17592144	10.39564037	-0.93310738	8.49781227	3.00000000	-0.05434872	0.23402223	0.55076933	9.57013607	-0.00276730	0.21126369	-0.02453277	0.21270134	4.28852510	7.62193298	-0.84997946	7.00612164	2.00000000	-0.11170414	0.19344601	0.08460847	7.07635784	-0.02541828	-0.03781492	0.01066768	0.04679590	0.68600100	0.61172724	0.13004082	-0.09161986	5.00000000	-0.09591313	0.27862915	0.10590264	7.09644985	-0.04210143	-0.03640453	0.03139761	0.06390329	0.73491752	0.03856758	-0.60812521	-0.38711137	4.00000000
11.600000	0.01562128	0.11141575	0.94695139	12.35190296	0.15521757	0.30853263	-0.08761485	0.35631621	7.81392765	11.13550854	-1.03380358	11.99210167	3.00000000	-0.05412275	0.23593526	0.55050868	9.57207966	0.03538147	0.30804500	-0.03233751	0.31175196	4.97563314	8.99786949	-1.23916948	9.49068069	2.00000000	-0.11209701	0.19286782	0.08477197	7.07707596	-0.01295973	-0.02573356	0.01025150	0.03058208	1.30184364	1.52624989	0.07737290	0.31626630	5.00000000	-0.09654953	0.27811116	0.10633305	7.09737635	-0.03029760	-0.03019447	0.02127507	0.04777320	1.56326878	0.60135210	-1.18943870	-0.27511802	4.00000000
11.610001	0.01756437	0.11483126	0.94614297	12.35591507	0.23404017	0.43541780	-0.10125587	0.50459510	7.31541491	11.97647381	-1.53971219	13.83112049	3.00000000	-0.05365859	0.23917316	0.55022347	9.57536316	0.08697081	0.40314704	-0.05106578	0.41557088	6.10619688	9.94671440	-1.98658645	11.31150055	2.00000000	-0.11229995	0.19245698	0.08495646	7.07756996	0.00659277	-0.00238667	0.00860256	0.01109797	1.66200197	2.28977609	0.20937032	0.90414762	5.00000000	-0.09681584	0.27771088	0.10666395	7.09796000	-0.00667324	-0.01648168	0.00299464	0.01803179	1.95949006	0.96181196	-1.51022089	0.04957979	4.00000000
11.620000	0.02022063	0.11886976	0.94510597	12.36085892	0.29954723	0.55918300	-0.11270691	0.64429575	6.70144415	12.62670231	-2.38089418	14.47250843	3.00000000	-0.05298257	0.24402232	0.54964215	9.58029366	0.15611899	0.49578732	-0.07520020	0.52519834	7.21591234	10.86340141	-2.94829273	12.84359074	2.00000000	-0.11207414	0.19266811	0.08498351	7.07788038	0.02822274	0.02702363	0.00829616	0.03994528	1.73689163	2.70870924	0.73939729	1.78951049	5.00000000	-0.09671617	0.27769393	0.10655001	7.09811211	0.02257843	-0.00114044	-0.01841386	0.02915744	1.87251997	0.92718244	-1.34864831	0.20198095	4.00000000
11.630000	0.02371705	0.12566683	0.94374889	12.36862183	0.35825527	0.68145722	-0.13351440	0.78138143	6.07556200	12.48090935	-3.41476274	14.29561329	3.00000000	-0.05125818	0.25012755	0.54879653	9.58669376	0.24096881	0.60472435	-0.10413527	0.65924323	8.40094376	13.04241180	-3.72548652	15.51338863	2.00000000	-0.11150259	0.19323578	0.08497525	7.07868576	0.04733708	0.06020243	0.01439564	0.07792538	1.75951660	3.15868592	2.24706507	3.76861525	5.00000000	-0.09625660	0.27791801	0.10614587	7.09876394	0.04603776	0.01012062	-0.03594675	0.05927960	1.71703827	0.50420392	-0.79206371	0.51838189	4.00000000
11.640000	0.02773886	0.13364233	0.94240487	12.37765408	0.41879082	0.81521589	-0.17448117	0.93295574	5.69026279	11.61410713	-4.58187819	13.64249897	3.00000000	-0.04839076	0.25639096	0.54759675	9.59368610	0.33412662	0.72961283	-0.14837781	0.81608295	10.40055943	17.78739738	-3.79096723	20.70505333	2.00000000	-0.11082274	0.19406921	0.08501200	7.07976198	0.06089335	0.08964799	0.03286377	0.11324659	2.25450087	4.69753838	5.70420074	7.67039776	5.00000000	-0.09552419	0.27820370	0.10549889	7.09978199	0.05591238	0.01318281	-0.04279626	0.07163449	0.46291566	-0.45583063	1.25875747	1.43580890	4.00000000
11.650001	0.03205206	0.14256844	0.94092375	12.38767815	0.47341651	0.94055504	-0.23140012	1.07810616	5.31562662	10.22513485	-5.40737677	12.48737717	3.00000000	-0.04422045	0.26338974	0.54606187	9.60197639	0.42253605	0.89699125	-0.19981959	1.01146328	12.88692093	25.25761223	-2.32620955	28.35571861	2.00000000	-0.11019199	0.19500364	0.08531099	7.08092833	0.07427881	0.11979167	0.07905178	0.16160622	3.89071202	8.36272907	11.60907841	14.52018356	5.00000000	-0.09476794	0.27835879	0.10496076	7.10072327	0.05527958	0.00643780	-0.03056470	0.06349392	-1.63599360	-1.40361643	5.35320854	3.91500425	4.00000000
11.660000	0.03695833	0.15194976	0.93851531	12.39853573	0.52633154	1.03987718	-0.30025342	1.20354533	4.37450933	8.38004875	-5.19829607	10.43628120	3.00000000	-0.03932482	0.27251667	0.54404092	9.61252880	0.55117387	1.15834546	-0.24367420	1.30573118	14.69308376	34.12115479	1.30754519	36.93821335	2.00000000	-0.10954209	0.19631249	0.08609100	7.08258486	0.10347136	0.18611164	0.19566788	0.28918815	7.03479433	14.66753101	19.06967926	24.67219543	5.00000000	-0.09419421	0.27834502	0.10462300	7.10138941	0.06432254	-0.00968874	-0.00089364	0.06505428	-0.98945564	-0.03493916	9.83743000	7.54447937	4.00000000
11.670000	0.04262645	0.16313267	0.93502671	12.41154957	0.57570148	1.10723746	-0.36578375	1.30046332	2.67280269	6.24886942	-3.80466986	7.50615358	3.00000000	-0.03386935	0.28440529	0.54089314	9.62598324	0.73816252	1.56100333	-0.23669650	1.74288285	15.22044373	42.26878357	7.09111977	44.62361526	2.00000000	-0.10871770	0.19786321	0.08765776	7.08493853	0.17502102	0.34251398	0.42892030	0.57612568	11.44877052	23.82657433	25.76117516	36.67511368	5.00000000	-0.09390523	0.27821910	0.10462953	7.10170460	-0.00964769	-0.04927367	0.14092195	0.14959936	2.91812301	6.34274530	14.38803482	14.16628075	4.00000000
11.680000	0.04861015	0.17505401	0.93051565	12.42563057	0.60501754	1.14856553	-0.40512332	1.35991693	0.28480092	4.21686363	-1.38487732	4.16174412	3.00000000	-0.02750748	0.30098841	0.53775120	9.64402008	0.93720317	2.08623743	-0.14080554	2.29141068	13.78439808	47.05845642	14.23913670	49.03517914	2.00000000	-0.10714338	0.20066530	0.09137937	7.08985567	0.31313622	0.62407452	0.77690136	1.04455686	16.13460922	35.71323395	28.45389748	48.34146500	5.00000000	-0.09355809	0.27787471	0.10546634	7.10267401	-0.04590110	-0.04239529	0.34877127	0.35432425	7.78944731	19.67883110	19.07456017	27.29407501	4.00000000
11.690001	0.05538743	0.18774126	0.92568445	12.44080448	0.59753972	1.18181491	-0.40385821	1.38450050	-2.51784897	2.64216161	1.61773503	1.02082491	2.00000000	-0.01619861	0.32355845	0.53510982	9.66940308	1.08571625	2.64694881	0.05279084	2.86145139	9.05125999	45.86843491	21.07155991	47.43105698	2.00000000	-0.10413817	0.20671058	0.09999476	7.10080099	0.51776916	1.03904903	1.16226077	1.64272881	19.51834679	49.48046112	24.09795570	57.78100586	5.00000000	-0.09274715	0.27708027	0.10767892	7.10516071	0.09735797	0.14401574	0.55754358	0.58401537	14.79418087	41.66738892	20.37040710	46.97909546	4.00000000
11.700000	0.06163907	0.19878250	0.92148113	12.45417118	0.55113584	1.20042372	-0.36624670	1.37073135	-5.00960827	1.65893233	4.20706129	-1.23819005	2.00000000	-0.00243806	0.35419944	0.53629029	9.70301247	1.15941048	3.15102172	0.32863766	3.37359953	1.39432991	37.86444855	25.55707169	39.11501694	2.00000000	-0.09832491	0.21863781	0.11494457	7.12078953	0.76532817	1.59669387	1.45993865	2.29490280	19.86095238	63.61072159	11.73198032	64.66109467	5.00000000	-0.09784333	0.27548072	0.11792125	7.11671209	0.32772619	0.62375367	0.80304670	1.06834316	23.38303566	69.85480499	15.98915577	70.24449158	3.00000000
11.710000	0.06729343	0.21041156	0.91807938	12.46754169	0.47116378	1.20871866	-0.29540756	1.33051181	-6.63148642	0.91056621	5.48774052	-2.54929256	2.00000000	0.01184881	0.39089397	0.54129285	9.74270630	1.14192188	3.51511908	0.64570504	3.75193048	-6.40211439	24.99209976	26.35227585	26.28984833	2.00000000	-0.08905208	0.23730385	0.13464913	7.14947176	1.00388527	2.31041455	1.54844546	2.95693827	16.08449745	77.36407471	-5.24587011	71.03975677	5.00000000	-0.09319267	0.27994147	0.12673287	7.12762880	0.60263276	1.47422171	1.01922607	1.89085102	29.82081413	94.28599548	7.60519648	91.54258728	3.00000000
11.720000	0.07142203	0.22262575	0.91567367	12.48065758	0.38393193	1.21149433	-0.21548519	1.28901362	-7.16656542	0.48367676	5.28079653	-2.78626275	2.00000000	0.02230872	0.42980394	0.55022335	9.78397560	1.00929153	3.68421888	0.94350821	3.93476129	-11.82651138	9.85941887	22.38985634	11.08179283	2.00000000	-0.07678442	0.26315615	0.15387587	7.18394661	1.17762220	3.17360568	1.36283326	3.64909339	9.02879810	90.47467041	-22.16802979	79.15464783	5.00000000	-0.08365842	0.29580817	0.13867928	7.14966011	0.95053637	2.72117877	1.07196152	3.07529426	29.71926117	108.86371613	-4.58372259	104.99819183	3.00000000
11.730000	0.07441390	0.23543479	0.91375148	12.49395084	0.30944705	1.21509254	-0.15490749	1.26340950	-6.73874521	1.10738277	3.64546752	-1.40903687	2.00000000	0.03074218	0.46844164	0.56192565	9.82521820	0.80271059	3.67106652	1.17488801	3.93718624	-14.50767803	-2.62458515	16.25954247	-1.62554181	2.00000000	-0.06270891	0.29759243	0.16782320	7.22367716	1.23218632	4.14665937	0.94407135	4.42767859	-1.23291314	92.68582153	-30.89931297	79.80519104	5.00000000	-0.07015892	0.32864225	0.15109724	7.18727016	1.29460359	4.12039709	0.95102757	4.42245674	19.68217850	126.54757690	-7.10054493	121.18420410	3.00000000
11.740000	0.07656597	0.24814188	0.91304827	12.50685787	0.24709067	1.21310115	-0.12934059	1.24474788	-6.04789686	3.26864409	0.74086189	1.75800014	2.00000000	0.03797555	0.50453180	0.57521021	9.86435032	0.61482590	3.52781510	1.30045605	3.80981302	-14.42239761	-11.20636177	8.55246067	-10.92682266	2.00000000	-0.04925089	0.34324387	0.17410722	7.27168417	1.15234494	5.22404957	0.47787723	5.37093639	-11.31769276	84.29061127	-27.67369270	73.26593781	5.00000000	-0.05486267	0.37972733	0.16150542	7.24160242	1.63404787	5.27993584	0.67700082	5.56831789	4.66664696	133.70127869	2.12506151	128.63476563	3.00000000
11.750000	0.07902119	0.25952780	0.91227669	12.51853085	0.19966041	1.23452222	-0.13605604	1.25794303	-5.77772856	6.92752171	-2.79990768	6.38352299	2.00000000	0.04319749	0.53871518	0.58945924	9.90175056	0.49187011	3.29242229	1.28057992	3.56677246	-11.94999504	-17.26624870	-0.56876141	-18.37883949	2.00000000	-0.03733714	0.40131918	0.17355271	7.33097172	0.98741060	6.30026150	0.05305446	6.37738895	-16.05668068	78.58189392	-18.68948174	71.37258911	5.00000000	-0.04068438	0.44726086	0.16853812	7.31096554	1.61541355	6.37269020	0.36088476	6.58414602	-10.07143879	104.54212189	4.84267473	100.30808258	3.00000000
11.760000	0.08105519	0.27115518	0.91124994	12.53037930	0.15320280	1.30968165	-0.18114397	1.33099604	-5.93626738	11.61578941	-6.29640102	11.96826267	2.00000000	0.04669211	0.57133186	0.60389894	9.93759155	0.40330330	3.17050099	1.29335225	3.44782400	-9.41052341	-18.45550346	-4.85891199	-20.11265945	2.00000000	-0.02893430	0.47071499	0.16954915	7.40098906	0.66416180	6.72301865	0.04321982	6.75588322	-17.52932930	66.22216797	-6.38555574	62.47211456	5.00000000	-0.02160956	0.51745725	0.16902903	7.38370895	1.20121109	8.18719292	0.90826893	8.32454109	-28.02781296	72.17578888	11.57966995	68.68172455	3.00000000
11.770000	0.08258235	0.28359112	0.90901887	12.54310608	0.09157291	1.46120608	-0.26610392	1.48805916	-6.37733984	16.62263107	-9.33478069	17.82223701	2.00000000	0.04986000	0.60086775	0.61561650	9.96952438	0.34167504	2.95557380	1.13724172	3.18519664	-7.31487131	-19.83723640	-10.87105274	-23.11956787	2.00000000	-0.02324482	0.55127418	0.16787761	7.48176622	0.45930251	7.19031000	0.20203677	7.20779705	-20.24483681	34.68907928	8.61005592	33.20986938	5.00000000	0.00288936	0.58599496	0.16462757	7.45662642	0.80839586	8.89005566	1.34099746	9.02689743	-39.47701263	56.45436478	30.65112686	55.92600632	3.00000000
11.780001	0.08323191	0.29879150	0.90617180	12.55858421	0.01742033	1.67452836	-0.38410175	1.71810448	-6.91572905	20.81841469	-11.55805111	22.76837921	2.00000000	0.05297317	0.62775093	0.62447715	9.99800110	0.28004679	2.74064660	0.98113120	2.92441249	-5.21921921	-21.21896935	-16.88319397	-26.12647629	2.00000000	-0.01950188	0.63118559	0.16480084	7.56182432	0.39441541	7.87387991	0.29301530	7.88919544	-19.80537224	7.47150946	14.19292736	7.19203901	4.00000000	-0.00083037	0.68281859	0.17199126	7.55380106	0.40198991	8.32361412	1.22470331	8.42282867	-31.67498589	11.19150639	25.09914398	12.04808521	3.00000000
11.790000	0.08285651	0.31694022	0.90186965	12.57723999	-0.05901145	1.91965771	-0.52235025	1.99033105	-7.09353065	23.28152275	-12.58083344	25.77637100	2.00000000													1.00000000	-0.02458839	0.68165261	0.18423031	7.61614084	0.23344235	7.86977196	0.51382291	7.88998222	-15.57925797	-8.91923046	6.15428591	-8.99072075	3.00000000	-0.00455956	0.82913828	0.23057461	7.71145678	-0.16494386	8.44633961	1.68133402	8.61363697	-18.59479904	-46.56640625	-3.89456344	-47.70149231	2.00000000
11.800000	0.08169898	0.33783925	0.89631087	12.59889698	-0.13312162	2.17728066	-0.66302365	2.27988434	-6.86885881	23.95045280	-12.40377522	26.68544006	2.00000000													1.00000000	-0.01428716	0.78340298	0.18332444	7.71841526	-0.07338583	7.16087484	0.73941249	7.19932270	-15.91570568	-41.32599258	-2.47298193	-41.36587906	3.00000000	-0.01053719	0.86986947	0.22737102	7.75274849	-0.26699531	8.48567772	2.09011269	8.74337387	-9.88556576	-55.87307739	-14.05028915	-57.66381073	2.00000000
11.810000	0.08007182	0.36084318	0.88848007	12.62325191	-0.20055553	2.42187166	-0.79092079	2.55562925	-6.81049585	23.18147469	-11.50159645	25.94498062	2.00000000													1.00000000	-0.01373559	0.86638296	0.19061384	7.80171680	-0.20905799	6.72670412	0.58436924	6.75527477	-16.76659203	-73.76854706	-11.83731842	-73.40387726	3.00000000	-0.01282356	0.93338400	0.23885126	7.81733274	0.01022813	7.06714392	1.37884569	7.20040607	1.18564653	-58.24048996	-25.55857468	-60.63914871	2.00000000
11.820001	0.07770050	0.38607162	0.87950748	12.65013313	-0.25867000	2.64823341	-0.89547384	2.80747628	-7.32300568	20.67649651	-10.22272873	23.43917847	2.00000000													1.00000000	-0.01681578	0.93279785	0.19780053	7.86859035	-0.27668515	6.11175108	0.24288693	6.12283039	-9.98613262	-79.59134674	-24.31384659	-78.86363220	3.00000000	-0.01607538	1.01216066	0.26132223	7.89931631	0.09863869	5.95934439	0.67580986	5.99835253	6.55328512	-86.32341766	-53.81553268	-89.69682312	3.00000000
11.830000	0.07490430	0.41386512	0.86957878	12.67977905	-0.32168788	2.85737085	-0.98265904	3.03869557	-8.38025570	16.23978233	-8.02780628	18.87816238	2.00000000													1.00000000	-0.03122309	0.96757919	0.20364848	7.90668917	-0.46168539	4.84069014	-0.01191857	4.86267185	-1.45652115	-76.89326477	-29.26751328	-75.66048431	3.00000000	-0.00326245	1.08705461	0.26997674	7.97578955	0.13609736	5.79509163	0.46994102	5.81570721	-1.31031036	-94.94294739	-62.48756027	-94.00035095	3.00000000
11.840000	0.07124633	0.44376153	0.85972232	12.71147060	-0.40939602	3.02628136	-1.06579602	3.23448682	-9.22424793	10.02123737	-4.57088232	12.19634533	2.00000000													1.00000000	-0.03280083	1.01488101	0.20091224	7.95409632	-0.48853347	3.87941623	-0.39212355	3.92966866	1.66004264	-81.31559753	-23.10411072	-79.42173004	3.00000000	-0.00292609	1.13461709	0.26944640	8.02335644	0.12783037	4.87558126	-0.29871625	4.88639593	-7.60879183	-84.18094635	-51.60235977	-75.06033325	3.00000000
11.850000	0.06734933	0.47549972	0.84918952	12.74513721	-0.52303058	3.10762787	-1.12671852	3.34670091	-11.64504623	5.30582428	0.83255166	6.89776516	2.00000000													1.00000000	-0.03481690	1.05321372	0.19148625	7.99362230	-0.32397917	3.33572173	-0.67520738	3.41875815	4.90091705	-76.80683899	-13.31316185	-75.23094940	3.00000000	-0.00329959	1.17141831	0.26137006	8.06103516	-0.08045427	3.66571927	-1.05323946	3.81487656	-8.29441452	-83.59980774	-39.45197296	-73.85081482	3.00000000
11.860001	0.06188291	0.50820273	0.83747649	12.78030205	-0.64969885	3.09192705	-1.10870993	3.34833670	-15.38749123	3.26107931	7.51057577	4.62412405	2.00000000	0.04664099	0.86235476	0.59480578	10.23455811									2.00000000	-0.03719867	1.08421314	0.17993976	8.02678776	-0.16926135	2.80614376	-0.76635253	2.91382718	9.22635460	-64.57923126	-2.07206154	-64.40705109	3.00000000	-0.00747725	1.20273995	0.24547632	8.09640598	-0.30064356	2.65469551	-1.44088626	3.03544855	-9.01306057	-77.36380768	-15.80922031	-73.88978577	3.00000000
11.870000	0.05455354	0.53996903	0.82437938	12.81543541	-0.75349724	3.00055885	-1.00572896	3.25309134	-16.09952354	0.64043003	12.62573242	1.75519776	2.00000000	0.04498487	0.90029967	0.59273225	10.27259541									2.00000000	-0.03954197	1.10864067	0.17068344	8.05301476	-0.15637371	2.01808715	-0.64805013	2.12534642	9.21689224	-59.04103851	9.13598347	-60.19807816	3.00000000	-0.01127995	1.22596347	0.22485480	8.12769604	-0.27826390	1.86902678	-1.59319174	2.47162938	-5.13217592	-59.93376923	12.23625755	-61.02341080	3.00000000
11.880000	0.04554054	0.56923419	0.81325781	12.84801388	-1.00502348	3.07094502	-0.77274638	3.32233548	-12.25193977	-3.30630326	13.67739296	-3.00738406	2.00000000	0.04996336	0.92592871	0.58778900	10.29916763									2.00000000	-0.04089811	1.12582874	0.16622239	8.07082367	-0.08636244	1.35563612	-0.42644289	1.42374897	6.60916471	-55.36059570	15.06525517	-57.05088043	3.00000000	-0.01620607	1.24226367	0.20631067	8.15287209	-0.29958838	1.60425198	-1.04642630	1.93865561	2.15178466	-43.94678879	29.95553589	-48.56132126	3.00000000
11.890000	0.03567867	0.59668928	0.80661154	12.87793350	-1.22036541	3.13402843	-0.54993778	3.40791106	-7.00311184	-6.14472628	10.50026417	-6.41401005	2.00000000	0.05958290	0.93949330	0.57867718	10.31812954									2.00000000	-0.04175874	1.13426507	0.16490844	8.07940483	0.00056035	0.83306229	-0.19173411	0.85484213	5.58782959	-44.70207214	15.24465084	-46.22608566	3.00000000	-0.01703717	1.24891198	0.19382958	8.16703796	-0.27276704	1.47980845	-0.30538127	1.53541291	4.67101049	-26.88150597	41.93153763	-34.84297180	3.00000000
11.900001	0.02579567	0.62452281	0.80351716	12.90763092	-1.25584424	3.04790473	-0.44241247	3.32604814	-0.31321049	-10.27383995	3.76471567	-10.38416195	2.00000000													1.00000000	-0.04096454	1.13711607	0.16440576	8.08240700	0.07081413	0.45706132	-0.03997770	0.46423906	4.93650484	-29.92619514	11.80628777	-30.91568756	3.00000000	-0.01709180	1.25132740	0.18738814	8.17391777	-0.14969736	1.06803572	0.04006525	1.07921958	5.01086855	-20.51244164	36.94838715	-28.23356438	3.00000000
11.910000	0.00349571	0.66615438	0.80575150	12.95491123	-1.11313140	2.83026743	-0.49291250	3.08098006	8.95824718	-18.28668213	-4.66040421	-18.16645241	2.00000000	0.03324693	1.05747676	0.63197875	10.45024586	-0.05211301	3.18774986	0.44948211	3.21970487	-3.14888620	-19.56991386	-13.61797619	-20.90563583	2.00000000	-0.03943853	1.13811159	0.16460644	8.08423996	0.11249020	0.24071236	0.01591543	0.26617622	2.71655297	-17.85654449	7.02396202	-18.14277649	3.00000000	-0.02289828	1.28554571	0.21786650	8.22010803	-0.07453697	0.85160428	0.34019995	0.92006612	6.79016352	-27.63950348	13.84914112	-29.16225624	2.00000000
11.920000	-0.00645072	0.69329894	0.79935777	12.98451900	-0.96508890	2.62691808	-0.62729961	2.86803079	15.00181198	-23.93474770	-10.31177807	-23.54189491	2.00000000	0.03271103	1.08939517	0.63734514	10.48261642	-0.08321814	2.98117399	0.31303465	2.99871874	-2.68461633	-20.56856155	-11.68669796	-21.47907066	2.00000000	-0.03747914	1.14048386	0.16565649	8.08749104	0.12484755	0.17215908	0.03488833	0.21550603	0.54862314	-9.04934502	2.77303696	-8.89732742	3.00000000	-0.02190856	1.28812444	0.21718591	8.22295284	-0.07069357	0.82745349	0.56088901	1.00213432	5.48862791	-26.24443817	-0.53446984	-24.17748642	2.00000000
11.930000	-0.01642668	0.71876532	0.79166633	13.01293087	-0.79551291	2.37039709	-0.79762483	2.62446713	13.86410522	-23.21272659	-10.79176521	-22.20737648	2.00000000	0.03201264	1.11951768	0.63978183	10.51284504	-0.11432327	2.77459812	0.17658719	2.78256130	-2.22034645	-21.56720924	-9.75541973	-22.05250549	2.00000000	-0.03632584	1.14228261	0.16582195	8.08963394	0.10695609	0.17602244	0.04798174	0.21148464	-0.77281338	-3.50243497	0.64264625	-3.49740195	3.00000000	-0.02110123	1.28923678	0.21657082	8.22445869	0.00278788	0.41818815	0.24751486	0.48595545	2.90810633	-18.40665054	-5.13671875	-17.67081070	2.00000000
11.940001	-0.01322791	0.73002404	0.77749330	13.03131199	-0.58357620	2.04066968	-0.94970810	2.32526112	9.25941372	-20.24264717	-7.74351740	-18.65517616	2.00000000	0.03081295	1.14705074	0.64096123	10.54042912	-0.12831920	2.61114120	0.12915084	2.61748052	-1.98967397	-23.97785950	-9.48765469	-24.30838013	2.00000000	-0.03556171	1.14420426	0.16623674	8.09174347	0.07868428	0.17541647	0.04376732	0.19717437	-1.25794864	-1.17111826	0.02702825	-1.56971335	3.00000000	-0.02046409	1.28922510	0.21553887	8.22567177	0.06423178	-0.00309348	-0.11934663	0.13556883	2.43847537	-17.07542992	-11.08410835	-18.37336922	2.00000000
11.950000	-0.02143774	0.75309455	0.76932162	13.05712700	-0.49510399	1.83620894	-0.99714094	2.14734292	6.75016451	-19.88062286	-4.43698931	-17.81579208	2.00000000	0.02912928	1.17206085	0.64113015	10.56549644	-0.15105307	2.32723045	0.01048595	2.33215117	-1.34846556	-25.71339989	-7.41457415	-25.66085815	2.00000000	-0.03513631	1.14559603	0.16637814	8.09320545	0.05975806	0.15610059	0.03218899	0.17021912	-1.14407766	-1.29456198	-0.45531198	-1.75853157	3.00000000	-0.01999553	1.28920674	0.21472280	8.22661304	0.04425937	0.01055400	-0.06366955	0.07825657	1.91568971	-13.13408470	-10.04534054	-14.09689140	2.00000000
11.960000	-0.02846359	0.77381879	0.76052785	13.08071041	-0.54102427	1.75628161	-0.96245950	2.07450247	4.80402613	-19.47983170	-1.34851825	-17.11213493	2.00000000	0.02739168	1.19377041	0.64130980	10.58727646	-0.16358458	2.03813601	-0.05803605	2.04551363	-1.03298461	-27.80789566	-6.34782076	-27.50172615	2.00000000	-0.03474241	1.14730024	0.16717866	8.09512901	0.05947277	0.13968745	0.03134534	0.15502298	-0.67473316	-2.08053994	-0.90105253	-2.23058295	3.00000000	-0.01990152	1.28945136	0.21438068	8.22704411	0.04659880	0.00164509	-0.05696080	0.07361174	0.42222682	-3.63539982	-1.69932401	-3.81924748	2.00000000
11.970000	-0.03458529	0.79138148	0.75111520	13.10155582	-0.59041107	1.64813888	-0.92239773	1.97882915	3.04981875	-18.55150986	1.02559221	-16.12420273	2.00000000	0.02566792	1.21271992	0.64023972	10.60633469	-0.16633792	1.73924553	-0.10913014	1.75058639	-0.81051248	-28.28038025	-4.80616713	-27.82372284	2.00000000	-0.03417935	1.14861119	0.16735159	8.09656620	0.06189715	0.11736651	0.02697532	0.13540244	-0.31257808	-2.35438800	-0.87926608	-2.25194407	3.00000000	-0.01950304	1.28939581	0.21391028	8.22766304	0.05309127	0.00225902	-0.04938381	0.07254341	-0.00551514	0.35689276	1.46317744	-0.00306107	2.00000000
11.980000	-0.03970451	0.80601752	0.74142438	13.11984062	-0.48440930	1.35832775	-0.94930327	1.72652352	4.34598780	-20.09896851	1.57646179	-17.41734695	2.00000000	0.02408715	1.22864592	0.63851535	10.62243176	-0.16972239	1.44448674	-0.15216768	1.46236205	-0.32104748	-26.64983940	-2.51369405	-26.13442802	2.00000000	-0.03339332	1.14976275	0.16746046	8.09796429	0.06100647	0.08893112	0.01221634	0.10853466	-0.34793708	-2.26762319	-0.73145580	-2.17026734	3.00000000	-0.01892043	1.28944540	0.21351437	8.22836876	0.06019029	-0.00514686	-0.05032023	0.07862243	0.06770644	-0.34033254	0.31156367	-0.17140414	2.00000000
11.990000	-0.04409296	0.81797487	0.73161274	13.13591862	-0.40531355	1.10709262	-0.94540465	1.51119924	7.12165546	-22.17235947	1.41439438	-19.17370605	2.00000000	0.02251985	1.24159253	0.63673729	10.63559341	-0.17739990	1.18451214	-0.17102410	1.20987153	0.30751464	-24.42717361	-1.13232124	-23.98178673	2.00000000	-0.03248630	1.15060747	0.16768584	8.09922409	0.05584809	0.05999108	-0.00422435	0.08207183	-0.47130305	-2.07071662	-0.74846852	-2.00554776	3.00000000	-0.01791228	1.28934264	0.21290112	8.22955322	0.06199308	-0.01238982	-0.05173658	0.08169042	-0.29426694	-0.17845133	0.42708731	-0.50010395	2.00000000
12.000000	-0.04768894	0.82766545	0.72218102	13.14991093	-0.32663307	0.88336217	-0.92455542	1.31978047	7.59427786	-20.95756531	2.29374456	-18.11821938	2.00000000	0.02079306	1.25154221	0.63462836	10.64590931	-0.17950110	0.95671511	-0.16116549	0.98666042	1.18340492	-21.35709572	0.20077141	-21.14011002	2.00000000	-0.03206415	1.15084243	0.16748904	8.09974575	0.04604757	0.04160007	-0.00556596	0.06230509	-0.27741688	-1.62329447	-0.58851629	-1.37427509	3.00000000	-0.01723208	1.28923535	0.21231510	8.23045731	0.05328448	-0.01143118	-0.04537776	0.07091579	-0.52116197	-0.10201997	0.51438320	-0.71879077	2.00000000
12.010000	-0.05075301	0.83533204	0.71306086	13.16221333	-0.25488284	0.69429475	-0.88791496	1.15559661	6.25286627	-17.65036964	3.81195092	-15.37761784	2.00000000	0.01871472	1.25925064	0.63297278	10.65406322	-0.16457911	0.75646341	-0.14836539	0.78824836	2.32284331	-18.27720642	1.26467693	-18.37118530	2.00000000	-0.03178043	1.15094817	0.16727509	8.10011673	0.03714248	0.02993047	-0.00555590	0.04802359	0.07600160	-1.12816978	-0.28346059	-0.57324421	3.00000000	-0.01673016	1.28891432	0.21174988	8.23127842	0.04001050	-0.00812610	-0.03571945	0.05424714	-0.56324703	0.05042383	0.64103502	-0.83176953	2.00000000
12.020000	-0.05285899	0.84102142	0.70432562	13.17284870	-0.19397868	0.53726530	-0.84266907	1.01802397	5.15601492	-14.97138786	4.92059374	-13.42228985	2.00000000	0.01670221	1.26621723	0.63189226	10.66139507	-0.13072647	0.59046346	-0.13460417	0.61956012	3.36627388	-15.84899235	1.51268542	-16.09724617	2.00000000	-0.03161958	1.15110826	0.16702428	8.10045528	0.04121023	0.02356370	-0.00875282	0.04827156	0.37529936	-0.91761327	-0.29973170	0.04197638	3.00000000	-0.01662539	1.28880250	0.21147045	8.23159695	0.03176400	-0.00653962	-0.02719983	0.04232669	-0.38444889	-0.02452234	0.53403389	-0.60157371	2.00000000
12.030001	-0.05420713	0.84526712	0.69601071	13.18228149	-0.14785752	0.40456700	-0.79061288	0.90033609	3.84457493	-12.60574722	5.87592316	-11.85689640	2.00000000	0.01536464	1.27129960	0.63083982	10.66675472	-0.08346435	0.45812526	-0.11174678	0.47888663	3.76706219	-13.71543407	1.40577054	-13.93325329	2.00000000	-0.03132189	1.15153849	0.16726790	8.10103226	0.05637831	0.02094308	-0.00935321	0.06086550	0.55264157	-0.97086859	-0.59606898	0.48686403	3.00000000	-0.01653670	1.28893590	0.21146905	8.23175716	0.03231644	-0.00607967	-0.02088708	0.03895619	-0.08869310	-0.29159084	0.24284635	-0.12349958	2.00000000
12.040000	-0.05525816	0.84867549	0.68838972	13.19069576	-0.11713191	0.29117513	-0.72726160	0.79209358	2.69778919	-10.74215221	6.57156420	-10.66083908	2.00000000	0.01507994	1.27513754	0.62961310	10.67079353	-0.03336219	0.33444166	-0.09652922	0.34968865	3.35022044	-11.69007587	1.48869085	-11.82776737	2.00000000	-0.03065851	1.15191114	0.16728961	8.10179329	0.06742281	0.01118878	-0.01529716	0.07003590	0.40521085	-1.04590261	-0.72583008	0.61128169	3.00000000	-0.01622463	1.28902042	0.21136190	8.23209763	0.03687074	-0.00952681	-0.02028805	0.04314877	0.06793100	-0.46066114	0.02785235	0.19609471	2.00000000
12.050000	-0.05616032	0.85110205	0.68126369	13.19827747	-0.10165150	0.19670972	-0.65362102	0.69010735	1.94819033	-9.12223816	7.01208448	-9.67933655	2.00000000	0.01536934	1.27755690	0.62839842	10.67351627	0.00325075	0.21679996	-0.09008745	0.23479468	2.43576431	-9.95462704	1.45534086	-9.79589748	2.00000000	-0.02961512	1.15194082	0.16702880	8.10286903	0.06975953	-0.00522733	-0.02825794	0.07544686	-0.16958946	-1.04804170	-0.67429566	0.23222426	3.00000000	-0.01561629	1.28887939	0.21109426	8.23277664	0.04158655	-0.01937548	-0.02601097	0.05273918	-0.04717141	-0.42416814	-0.02831276	0.14362112	2.00000000
12.060000	-0.05731912	0.85268247	0.67509389	13.20475101	-0.09290122	0.11290063	-0.57542074	0.59370548	1.57798231	-7.53520489	7.13399410	-8.73351097	2.00000000	0.01582775	1.27923834	0.62793183	10.67532063	0.01692509	0.12232064	-0.07738769	0.14573143	1.43230641	-8.35888958	1.28379953	-7.31947422	2.00000000	-0.02864025	1.15184832	0.16672368	8.10389519	0.06359777	-0.02092123	-0.04050086	0.07824764	-0.78119826	-0.80711138	-0.44404888	-0.38363248	3.00000000	-0.01504836	1.28859925	0.21079464	8.23347759	0.04081168	-0.02804895	-0.02986565	0.05782987	-0.30896494	-0.17209665	0.09343904	-0.24019228	2.00000000
12.070001	-0.05824158	0.85309088	0.66972566	13.21021366	-0.08016244	0.04030466	-0.50236678	0.51031643	1.42070174	-6.10937214	6.89641476	-7.71920109	2.00000000	0.01604594	1.27981758	0.62716788	10.67630386	0.01479112	0.05138914	-0.05817165	0.07901621	0.60833102	-6.64426184	1.36460400	-4.46795702	2.00000000	-0.02814972	1.15123248	0.16595042	8.10499859	0.04922108	-0.02886653	-0.04349723	0.07174957	-1.03810441	-0.24561086	0.04687691	-0.90486503	3.00000000	-0.01461990	1.28807902	0.21030985	8.23430824	0.03382508	-0.02951821	-0.02781215	0.05281076	-0.51813948	0.28915700	0.38425314	-0.64862180	2.00000000
12.080000	-0.05909740	0.85306543	0.66531682	13.21470451	-0.06092728	-0.01197259	-0.43491173	0.43932185	1.29388511	-4.99787140	6.48962116	-6.67313004	2.00000000	0.01600299	1.27973449	0.62662977	10.67685032	0.01280413	-0.00043412	-0.04416803	0.04598858	0.07492150	-5.10027981	1.52123880	-1.90456414	2.00000000	-0.02795440	1.15090299	0.16552962	8.10556793	0.03080272	-0.02766152	-0.03898876	0.05686907	-1.01997769	0.34592384	0.53607649	-1.17587507	3.00000000	-0.01446390	1.28773952	0.21005204	8.23476219	0.02329165	-0.02204875	-0.02027489	0.03794364	-0.59069836	0.75225353	0.64228493	-0.77569389	2.00000000
12.090000	-0.05961106	0.85237092	0.66147417	13.21864319	-0.04280225	-0.04858971	-0.37498224	0.38053209	0.96904701	-4.14226151	6.40165043	-5.86781979	2.00000000	0.01589103	1.27931142	0.62616783	10.67748642	0.01617745	-0.04207591	-0.03263255	0.05565047	-0.19220300	-4.17654705	1.48013794	0.36097783	2.00000000	-0.02779295	1.15057123	0.16511078	8.10612583	0.01976800	-0.01637836	-0.02643454	0.03684846	-0.92013854	0.69270533	0.75360554	-1.24006236	3.00000000	-0.01431037	1.28752136	0.20987988	8.23507977	0.01562648	-0.00773668	-0.00915502	0.01969410	-0.55199713	0.92747307	0.67462832	-0.75197464	2.00000000
12.100000	-0.05973905	0.85174704	0.65785033	13.22232246	-0.03343777	-0.07933775	-0.31845719	0.32989019	0.46088076	-3.75872135	6.87662697	-5.05121517	2.00000000	0.01601663	1.27883017	0.62596786	10.67802238	0.01900611	-0.07432997	-0.01647174	0.07846971	-0.37554514	-3.94579411	1.48960924	2.39590263	2.00000000	-0.02761225	1.15054166	0.16498317	8.10634899	0.01785487	-0.00173251	-0.01249462	0.02186123	-0.78378934	0.71839488	0.69109058	-1.10002065	3.00000000	-0.01419936	1.28756523	0.20988123	8.23519897	0.01302107	0.00760853	0.00075437	0.01509990	-0.45898929	0.72372949	0.47501814	-0.73601794	2.00000000
12.110001	-0.05985291	0.85108680	0.65490490	13.22534275	-0.03444872	-0.11562257	-0.25686967	0.28379101	0.03978703	-4.07682943	7.68765116	-3.35938001	2.00000000	0.01652344	1.27810514	0.62591386	10.67890835	0.01272297	-0.10609527	-0.00114242	0.10686152	-0.67894000	-4.22980499	1.66601503	3.86437607	2.00000000	-0.02746151	1.15063190	0.16498896	8.10652447	0.01511982	0.00654360	-0.00660991	0.01775158	-0.72597170	0.43521154	0.42617914	-0.59752208	3.00000000	-0.01409780	1.28781259	0.21003324	8.23550701	0.01205186	0.01584490	0.00425875	0.02035793	-0.40064156	0.22760698	0.12031137	-0.36144936	2.00000000
12.120000	-0.06012018	0.84992409	0.65237266	13.22814178	-0.04415940	-0.15320231	-0.17241487	0.23483588	-0.03620973	-4.75310516	8.69179058	-0.78553480	2.00000000	0.01695321	1.27688420	0.62597620	10.68020439	0.00117118	-0.14874637	0.01421521	0.14942867	-0.98951805	-4.79158974	1.81834054	4.83637571	2.00000000	-0.02722561	1.15086091	0.16506006	8.10686111	0.00618431	0.00786384	-0.00642600	0.01189029	-0.87842393	-0.04194677	0.07571758	0.07284612	3.00000000	-0.01393669	1.28810394	0.21013544	8.23585510	0.00821130	0.01348456	0.00191207	0.01590329	-0.47634503	-0.36029184	-0.23088500	0.18817034	2.00000000
12.130000	-0.06072399	0.84823537	0.65092319	13.23044777	-0.04938037	-0.20477919	-0.07154594	0.22246744	0.35767204	-5.26709270	9.80493450	2.09883142	2.00000000	0.01686984	1.27523875	0.62617171	10.68186378	-0.01238387	-0.20323594	0.03455827	0.20652477	-0.87566972	-5.33110380	1.93041658	5.52761602	2.00000000	-0.02709810	1.15101397	0.16506055	8.10706043	-0.00581255	0.00258684	-0.01018010	0.01200467	-1.06413984	-0.45449695	-0.12162472	0.48625359	3.00000000	-0.01382028	1.28836763	0.21020752	8.23615265	0.00244021	0.00275970	-0.00487690	0.00611185	-0.63488883	-0.78616536	-0.40068969	0.37104478	2.00000000
12.140000	-0.06155075	0.84558934	0.65051121	13.23325062	-0.04493364	-0.26902854	0.03371388	0.27483088	1.25079978	-5.54031515	10.72311497	5.25638151	2.00000000	0.01621056	1.27303839	0.62651962	10.68418694	-0.02594888	-0.26674467	0.05514870	0.27361915	-0.11349802	-5.58401489	2.07541275	5.87152576	2.00000000	-0.02722182	1.15100396	0.16482626	8.10732555	-0.01904480	-0.00602901	-0.01382058	0.02429119	-1.01163661	-0.63575464	-0.07139953	0.64166170	3.00000000	-0.01378572	1.28831530	0.21005669	8.23631573	-0.00547670	-0.01118978	-0.01243489	0.01760204	-0.72385013	-0.87358540	-0.33982992	0.40626553	2.00000000
12.150001	-0.06215505	0.84300441	0.65183049	13.23621464	-0.02740451	-0.33245087	0.14343360	0.36310852	2.43880343	-5.76235008	11.26073551	8.46643257	2.00000000	0.01578020	1.27004373	0.62710267	10.68726826	-0.03121026	-0.32860535	0.07708520	0.33896559	1.09881902	-5.62492323	2.12007022	6.00430155	2.00000000	-0.02761624	1.15079224	0.16456401	8.10784435	-0.03152187	-0.01540581	-0.01531504	0.03828208	-0.71911341	-0.60074365	0.12008473	0.64721549	3.00000000	-0.01393578	1.28798842	0.20982696	8.23674297	-0.01466249	-0.02247095	-0.01632981	0.03141011	-0.68771642	-0.63801628	-0.10870279	0.54838729	2.00000000
12.160000	-0.06222034	0.83916855	0.65386724	13.24055862	0.00304331	-0.38581589	0.25879839	0.46458560	3.58420849	-5.79692030	11.69068241	10.84416866	2.00000000	0.01553552	1.26643467	0.62824875	10.69106293	-0.01477705	-0.38094819	0.09849419	0.39375243	2.55413198	-5.75969505	1.97760606	6.25723934	2.00000000	-0.02805842	1.15058422	0.16438825	8.10836411	-0.03853732	-0.02180437	-0.01229433	0.04595330	-0.36544606	-0.41874582	0.33855703	0.42434704	3.00000000	-0.01415053	1.28761351	0.20958829	8.23723698	-0.02279681	-0.02751648	-0.01515659	0.03881460	-0.57495302	-0.21234983	0.22160493	0.47300678	2.00000000
12.170000	-0.06203623	0.83494359	0.65686095	13.24573994	0.04804578	-0.43565232	0.37884015	0.57932824	4.54212952	-5.75323868	12.11730099	12.29098892	2.00000000	0.01549360	1.26190007	0.62917411	10.69569111	0.02468459	-0.42931336	0.12053896	0.44659704	4.06824064	-6.14651918	1.73408532	6.81598520	2.00000000	-0.02851557	1.15029454	0.16431375	8.10891056	-0.03775608	-0.02393623	-0.00559899	0.04505345	-0.05124458	-0.18675296	0.48163670	0.08511065	3.00000000	-0.01444948	1.28722334	0.20939104	8.23776627	-0.02747791	-0.02544920	-0.00989089	0.03873663	-0.40267938	0.22191805	0.51859641	0.15556921	2.00000000
12.180000	-0.06133223	0.83010197	0.66086829	13.25206375	0.10198686	-0.49598017	0.50115585	0.71242881	5.28060770	-6.10033846	12.32275009	13.41092968	2.00000000	0.01554293	1.25749028	0.63067716	10.70034981	0.07802501	-0.48649111	0.13747662	0.51152843	5.30761099	-6.98239088	1.38677359	7.86527491	2.00000000	-0.02887531	1.15008342	0.16434304	8.10932827	-0.03263649	-0.02332330	0.00147820	0.04014102	0.18636727	-0.02521782	0.48098689	-0.16790091	3.00000000	-0.01475647	1.28709805	0.20939741	8.23809814	-0.02933136	-0.01907547	-0.00242293	0.03507239	-0.19371141	0.49496695	0.66006219	-0.06398198	2.00000000
12.190001	-0.06041067	0.82518494	0.66652179	13.25961304	0.15929921	-0.55698252	0.62930286	0.85535246	5.82226038	-7.15614176	12.07209778	14.42041874	2.00000000	0.01641894	1.25274062	0.63186109	10.70532227	0.13971569	-0.56369203	0.14816472	0.59935129	5.88568783	-8.44830418	0.93052047	9.45911312	2.00000000	-0.02918193	1.14981771	0.16436988	8.10973454	-0.02926982	-0.02120634	0.00721018	0.03685672	0.31446430	-0.01109960	0.31231278	-0.25046745	3.00000000	-0.01507835	1.28694332	0.20941703	8.23845577	-0.03022361	-0.01040101	0.00675917	0.03267008	0.01523757	0.48286545	0.57463980	-0.25048584	2.00000000
12.200000	-0.05834213	0.81971288	0.67375118	13.26891327	0.21906579	-0.62593317	0.75580424	1.00549603	6.14800930	-8.56724167	11.28376770	15.05848026	2.00000000	0.01827635	1.24726927	0.63373905	10.71139812	0.20531136	-0.65363944	0.15573849	0.70260358	5.73260641	-10.27824497	0.41106787	11.21618462	2.00000000	-0.02936504	1.14962947	0.16446941	8.11001492	-0.02765655	-0.01997054	0.00954705	0.03542391	0.33958071	-0.14437719	0.02016643	-0.13054289	3.00000000	-0.01534666	1.28688693	0.20951611	8.23874760	-0.02963087	-0.00345210	0.01404645	0.03297285	-0.07424081	1.55338967	1.66800022	-0.00939155	2.00000000
12.210000	-0.05576832	0.81281966	0.68213648	13.28006935	0.28132024	-0.71272451	0.87143230	1.16039288	6.37576532	-9.99416065	9.92541885	15.19692707	2.00000000	0.02098341	1.24026287	0.63526446	10.71906281	0.26917294	-0.76365370	0.15681037	0.82474875	5.02853441	-12.02141190	-0.10079107	12.70538139	2.00000000	-0.02958972	1.14943683	0.16460839	8.11034203	-0.02548471	-0.02203683	0.00831522	0.03470209	0.34051034	-0.41374400	-0.30874810	0.16211240	3.00000000	-0.01565219	1.28684139	0.20967972	8.23909760	-0.02742463	-0.00017881	0.01822387	0.03292798	0.63250786	-1.48269856	-1.41694605	3.61789560	2.00000000
12.220000	-0.05251369	0.80545276	0.69148773	13.29241085	0.34867847	-0.83023256	0.96463209	1.31961274	6.62172937	-11.52519417	8.06360435	15.06232166	2.00000000	0.02407844	1.23146486	0.63691157	10.72853374	0.31775448	-0.89711046	0.15424490	0.96414030	4.01452923	-13.66556549	-0.70838493	13.98044205	2.00000000	-0.02993421	1.14930630	0.16476204	8.11074162	-0.02092590	-0.02720853	0.00307957	0.03446275	0.35938540	-0.76587677	-0.57316464	0.53257471	3.00000000	-0.01594578	1.28693092	0.20994914	8.23950577	-0.02367755	0.00127753	0.02117480	0.03179041	2.39795041	-9.89549637	-9.97462082	13.14584827	2.00000000
12.230000	-0.04890288	0.79670268	0.70163780	13.30628967	0.41452748	-0.95923740	1.03450763	1.47043371	6.92459249	-13.09656811	5.89970541	14.86423016	2.00000000	0.02744642	1.22223473	0.63841528	10.73847389	0.34922945	-1.04599190	0.14466593	1.11219990	2.89067817	-15.40451336	-1.41106319	15.31735802	2.00000000	-0.03021426	1.14902508	0.16479030	8.11113930	-0.01600080	-0.03663202	-0.00575483	0.04038624	0.32351819	-1.03946686	-0.67934990	0.84291345	3.00000000	-0.01619704	1.28699231	0.21019895	8.23986530	-0.02929775	0.05063712	0.07353996	0.09397128	2.99060488	-12.94816971	-12.98814201	17.62557793	2.00000000
12.240000	-0.04463897	0.78686333	0.71254432	13.32158470	0.48442981	-1.09458864	1.08041406	1.61247981	7.15152168	-14.34268475	3.60576344	14.54451847	2.00000000	0.03120250	1.21126413	0.63973230	10.75014400	0.36612144	-1.20512247	0.12947419	1.26614714	1.79762292	-16.99301720	-2.19774699	16.57701111	2.00000000	-0.03035976	1.14861846	0.16468993	8.11158276	-0.01180988	-0.05041460	-0.01538048	0.05401541	0.15037479	-1.08462393	-0.57381535	0.97484744	3.00000000	-0.01635622	1.28699994	0.21041484	8.24013329	0.04578646	-0.29469728	-0.27822143	0.40786034	2.59951448	-11.73144817	-11.60370922	15.92027855	2.00000000
12.250000	-0.03924924	0.77479529	0.72380769	13.33895016	0.55667287	-1.24089718	1.10599792	1.75298083	7.16366577	-15.04498672	1.35968029	14.03122997	2.00000000	0.03499709	1.19877160	0.64118224	10.76328087	0.37839246	-1.37951469	0.10199795	1.43410087	0.88810319	-18.33093834	-3.28634000	17.73943329	2.00000000	-0.03027295	1.14803946	0.16440278	8.11223507	-0.01012355	-0.06607075	-0.02264840	0.07057464	-0.17387553	-0.87700450	-0.26202536	0.89025837	3.00000000	-0.01642474	1.28693581	0.21061893	8.24035835	0.11936978	-0.64264536	-0.62997550	0.90780580	2.82123184	-14.09298897	-13.92106247	17.34548378	2.00000000
12.260000	-0.03335256	0.76168472	0.73513937	13.35725498	0.63490522	-1.40234327	1.10905015	1.89727795	7.04631662	-15.43566799	-0.65620041	13.55451298	2.00000000	0.03895720	1.18396807	0.64218098	10.77863789	0.38566020	-1.57595372	0.06763488	1.62386525	0.29332536	-19.47331619	-4.65549994	18.89206314	2.00000000	-0.03029545	1.14729810	0.16408773	8.11304092	-0.01280101	-0.07636149	-0.02405569	0.08107786	-0.62537748	-0.41284838	0.16974802	0.63699973	3.00000000	-0.01649686	1.28691518	0.21087764	8.24062729	0.10884655	-0.59701997	-0.57598472	0.83668321	1.29760647	-8.15998268	-7.79061365	8.64559364	2.00000000
12.270000	-0.02644144	0.74694902	0.74617672	13.37692070	0.70713621	-1.56676161	1.08837628	2.03453851	6.89224768	-15.55747890	-2.35240245	13.17757893	2.00000000	0.04261899	1.16699183	0.64275807	10.79601383	0.38391975	-1.78020096	0.01916091	1.82122946	-0.26946738	-19.78947258	-5.63594675	19.28913879	2.00000000	-0.03045136	1.14638233	0.16378401	8.11401844	-0.02097986	-0.07729430	-0.01868432	0.08224152	-1.15216255	0.07228547	0.62092990	0.50063694	3.00000000	-0.01054853	1.25735247	0.18093257	8.28312492	0.10285217	-0.59776604	-0.56857228	0.83137071	-2.46781754	8.27781582	10.06013298	-8.85528660	3.00000000
12.280001	-0.01923762	0.73089916	0.75717592	13.39766884	0.77030671	-1.72169495	1.05038583	2.15891552	6.60737801	-15.27665710	-3.58920336	12.75987816	2.00000000	0.04665330	1.14843059	0.64262980	10.81500912	0.37614194	-1.99204278	-0.05276203	2.02793026	-1.48739910	-21.57733154	-8.19528675	21.33703423	2.00000000	-0.03078052	1.14542377	0.16359495	8.11504936	-0.03535054	-0.07063051	-0.00821377	0.07940903	-1.59401476	-0.21792507	1.14214993	0.99455148	3.00000000	-0.01072266	1.25722706	0.18129821	8.28354931	0.10159931	-0.64249432	-0.60790128	0.89031756	-3.24347878	14.49019337	17.71608925	-14.12303257	3.00000000
12.290000	-0.01089586	0.71238381	0.76753306	13.42046547	0.83230346	-1.87088299	1.00434768	2.28071189	6.15709543	-14.72412014	-4.11401320	12.40876293	2.00000000	0.05042512	1.12732184	0.64204389	10.83646011	0.36831623	-2.19824791	-0.13712992	2.23310447	-3.28632617	-26.14214325	-13.13644600	26.65806580	2.00000000	-0.03116383	1.14472568	0.16358629	8.11584568	-0.05599411	-0.05847712	0.00464581	0.08109561	-1.72908092	-1.48935986	1.59058928	2.16810894	3.00000000	-0.01103208	1.25710809	0.18178107	8.28413486	0.01876348	-0.28728643	-0.22969382	0.36829990	0.34968579	13.21242619	16.81031609	-10.20170021	3.00000000
12.300000	-0.00240597	0.69272351	0.77737534	13.44403362	0.89599681	-2.01422858	0.95465726	2.40235257	5.85608292	-14.36178398	-3.94755340	12.50487709	2.00000000	0.05406691	1.10458589	0.64043522	10.85954189	0.33998337	-2.38667226	-0.21784255	2.42058849	-5.02890730	-27.19996452	-14.36478901	28.11087227	3.00000000	-0.03166749	1.14432144	0.16372105	8.11650562	-0.07958072	-0.06270309	0.02023814	0.10331675	-1.33038950	-4.22377777	1.89997053	4.61385441	3.00000000	-0.01154035	1.25713122	0.18248487	8.28500366	-0.05860548	0.05234281	0.20374295	0.21837024	4.39588881	13.30306816	20.82085037	-7.50486326	3.00000000
12.310000	0.00680517	0.67168605	0.78646845	13.46873379	0.95416141	-2.15278053	0.91275817	2.52547336	5.46293211	-14.16924381	-3.19647765	12.82452488	2.00000000	0.05744558	1.07899845	0.63742226	10.88552666	0.26692814	-2.75820374	-0.45848140	2.80876207	-6.58535242	-24.78589249	-11.78147411	25.47644424	3.00000000	-0.03253155	1.14399934	0.16399544	8.11746788	-0.09764340	-0.11859833	0.04623507	0.16042905	-0.27878216	-10.06894016	2.30546331	10.05357265	3.00000000	-0.01222268	1.25746489	0.18354693	8.28630924	0.02365254	0.04621347	0.24509864	0.25053635	6.87191391	4.84155941	24.15009117	4.94359922	3.00000000
12.320001	0.01663843	0.64995372	0.79523367	13.49414635	1.00489581	-2.29085040	0.88453585	2.65334034	4.35229683	-13.68504524	-1.88725340	12.69738865	2.00000000	0.06061867	1.05207360	0.63356632	10.91291046	0.17417561	-3.16652632	-0.71875995	3.25174451	-7.49050808	-25.30925179	-11.43425179	26.15592766	3.00000000	-0.03385145	1.14353728	0.16439766	8.11892319	-0.10048365	-0.21056135	0.06824049	0.24308395	1.18504107	-19.40628052	2.38341975	18.91002464	3.00000000	-0.01272227	1.25795281	0.18605353	8.28891087	0.23377736	0.06825924	0.33686012	0.41567525	8.64093971	-11.44776726	22.40397453	22.40695953	3.00000000
12.330000	0.02720017	0.62654412	0.80370253	13.52118874	1.05583704	-2.43557382	0.86920953	2.79326630	2.52949882	-12.51997852	-0.52781850	11.63027477	2.00000000	0.06201017	1.02234840	0.62800121	10.94318390	0.08701393	-3.27963376	-0.69931346	3.35449076	-5.83701658	-22.35493851	-7.58158827	22.89173126	3.00000000	-0.03524283	1.14121962	0.16513902	8.12172604	-0.07886827	-0.40890971	0.09505513	0.42715669	2.56800723	-31.47741318	1.33398604	30.67200279	3.00000000	-0.01216217	1.25745487	0.19177991	8.29468632	0.38988152	-0.10012686	0.55780101	0.68787712	7.90611124	-23.72348022	21.51582718	31.03715706	3.00000000
12.340000	0.03797191	0.60146838	0.81249630	13.54986191	1.08242834	-2.56914234	0.87405193	2.92166209	0.36249259	-10.43658257	-0.12274285	9.27456760	2.00000000	0.06144254	0.97729015	0.61076522	10.99142933	0.01228806	-3.41343617	-0.68344772	3.48120642	-1.81530607	-10.78163528	3.85249591	9.95172787	4.00000000	-0.03621605	1.13630056	0.16663946	8.12695980	-0.03406883	-0.78279769	0.12572867	0.79356200	3.53837562	-46.70548248	-0.73798877	45.95465088	3.00000000	-0.00543573	1.26095235	0.19608445	8.30340481	0.40087590	-0.45361218	0.95465541	1.13041246	1.52429676	-34.31336212	19.39917946	35.11668015	3.00000000
12.350000	0.04915627	0.57449555	0.82109237	13.58030033	1.07006514	-2.67355824	0.89607733	3.01594210	-2.18948674	-7.52945137	-1.02828884	5.65498829	2.00000000	0.06053040	0.94163060	0.60336578	11.02785969	-0.01515389	-3.64826059	-0.76112050	3.72684050	1.76750231	-2.88881850	10.77887058	1.43532348	4.00000000	-0.03628302	1.12991810	0.16754705	8.13340664	0.01604520	-1.32626987	0.12049774	1.33182919	4.19758844	-64.12158966	-3.92989016	63.69433594	4.00000000	0.00553980	1.25730777	0.20380050	8.31730747	0.38008320	-0.88632601	1.25861752	1.58560872	-6.68908501	-46.34008789	9.18692875	38.70432281	4.00000000
12.360001	0.06043994	0.54654896	0.82998091	13.61172199	1.02660453	-2.73099589	0.90415823	3.05446529	-5.03844833	-4.26862001	-2.63529468	1.47030747	2.00000000	0.05994968	0.91408801	0.60486811	11.05544949	0.07220329	-3.62249899	-0.57854652	3.66911817	3.93331146	0.52367646	12.25072765	-1.73167181	3.00000000	-0.03545325	1.11474049	0.16966093	8.14875317	0.05770816	-2.05176163	0.06231144	2.05351853	4.97541237	-79.36942291	-8.03543949	79.35505676	4.00000000	0.00768591	1.24442816	0.22028205	8.33833408	0.29641438	-1.36245584	1.31157827	1.91425836	-10.45715237	-53.47966385	-7.23424673	40.98872757	4.00000000
12.370000	0.07064753	0.51865715	0.83935004	13.64286613	0.96265340	-2.74341917	0.86126620	3.03229785	-7.31585646	-0.96150237	-4.31455612	-2.53730607	2.00000000	0.06016603	0.87482274	0.59706807	11.09548283	0.18337911	-3.41956496	-0.26689070	3.43486285	4.46398401	8.62945652	16.98264122	-9.94857883	3.00000000	-0.03423887	1.09167314	0.17075154	8.17187786	0.09362930	-2.97690415	-0.03888222	2.97862983	6.31078005	-87.66699219	-9.33275414	87.89553833	4.00000000	0.00667366	1.22416186	0.24342483	8.36911297	0.08815099	-1.96269250	1.09249353	2.24799347	-10.26793861	-65.08814240	-29.78716278	51.41371918	4.00000000
12.380000	0.07968818	0.49122086	0.84895504	13.67330837	0.87568086	-2.72978067	0.77834922	2.97058010	-8.77212811	2.22485662	-5.24134922	-5.97321367	2.00000000	0.06253420	0.83823651	0.59177369	11.13252544	0.23268507	-3.37040472	-0.14490634	3.38153338	1.70911181	14.70026684	18.76806068	-15.80792809	3.00000000	-0.03334996	1.05743980	0.17001134	8.20613098	0.14873186	-4.01859760	-0.19973566	4.02630615	8.20773411	-91.33022308	-8.95808125	91.78244781	4.00000000	0.00536388	1.20165515	0.25641605	8.39513302	-0.07343766	-2.65078831	0.61821079	2.72291327	-8.70616055	-85.06230164	-49.78244400	74.44342804	4.00000000
12.390000	0.08777792	0.46440336	0.85691917	13.70242977	0.76688617	-2.70067763	0.70071465	2.89357471	-10.23743629	5.12165785	-4.13599682	-8.54477882	2.00000000	0.06853067	0.80161607	0.59090930	11.16964340	0.23063383	-3.22251296	0.01322875	3.23078275	-3.47277474	13.33209419	13.08996868	-13.71157932	3.00000000	-0.03238346	1.01181281	0.16725835	8.25185108	0.24401796	-5.00889301	-0.34580827	5.02674198	9.92392635	-92.32404327	-9.39124966	93.03649902	4.00000000	0.00505964	1.17865491	0.25823024	8.41820717	-0.12105352	-3.31218719	0.08831732	3.31557512	-5.46930695	-95.04455566	-50.63497543	89.15260315	4.00000000
12.400001	0.09524264	0.43767238	0.86220950	13.73068333	0.66548955	-2.64001799	0.65113848	2.79938436	-11.70932102	8.05563927	-0.92710006	-10.40425682	2.00000000	0.07094620	0.77387798	0.59440744	11.19770527	0.16377419	-3.00835896	0.19416013	3.01906347	-7.68481445	10.40690899	6.68408680	-10.46687698	3.00000000	-0.03044245	0.95496684	0.16224544	8.30895042	0.37649328	-5.78875732	-0.31540951	5.80955601	10.05037498	-84.01029968	-4.64493227	84.59011841	4.00000000	0.00444518	1.14189434	0.24695559	8.45666313	-0.09673918	-4.63222456	-0.79797107	4.70144892	-0.96279103	-94.23966980	-37.33155441	92.37474823	4.00000000
12.410000	0.10160641	0.41070691	0.86674935	13.75875854	0.55545312	-2.54586053	0.65581894	2.68701196	-12.47473431	11.29073620	2.44399309	-12.14278126	2.00000000	0.07192571	0.74595201	0.59953195	11.22611427	0.02905875	-2.89364100	0.24116088	2.90381837	-10.30655384	6.95524788	0.57490927	-6.87582064	3.00000000	-0.02581155	0.88858634	0.15533966	8.37584972	0.51338357	-6.66195059	-0.39535448	6.69338894	7.08823347	-68.18218994	4.86935139	68.29328918	4.00000000	0.00307460	1.09386575	0.23725626	8.50568008	-0.07076561	-5.99021721	-1.33701968	6.13802338	2.59679246	-94.48666382	-25.43990707	95.15930176	4.00000000
12.420000	0.10620273	0.38493451	0.87311703	13.78570080	0.41138422	-2.41606236	0.72646785	2.55623746	-12.90451527	14.02787113	4.05013990	-13.81101799	2.00000000	0.07020935	0.72151726	0.60380483	11.25097942	-0.10994890	-2.84933877	0.20051201	2.85850048	-11.29219627	0.37168461	-6.71815634	-0.00445048	4.00000000	-0.01893454	0.81958258	0.15261365	8.44524860	0.60376680	-7.46139812	-0.44750956	7.49915075	0.50668937	-54.46689987	9.91730690	54.22452927	4.00000000	0.00029938	1.03510356	0.23125774	8.56481266	-0.07423986	-6.68236065	-1.10800457	6.77400398	4.15578604	-71.27995300	-1.80063736	71.16329956	4.00000000
12.430000	0.11052161	0.36149672	0.88116008	13.81085396	0.26577264	-2.24886680	0.82292402	2.40940690	-13.14921284	15.26443672	3.08480644	-14.89588356	3.00000000	0.06787348	0.68940836	0.60259777	11.28319550	-0.21788582	-2.91596341	0.05560269	2.92462111	-10.46513367	-6.18197298	-12.21841335	6.92907763	3.00000000	-0.01097916	0.75001812	0.15558401	8.51532936	0.59461755	-7.82448006	-0.19313097	7.84941769	-8.77699661	-36.47888184	14.07269192	36.11119461	4.00000000	0.00219143	0.92703629	0.19392034	8.67916393	-0.02202674	-7.31018448	-0.88788712	7.36394119	-1.52666879	-41.61542511	18.05077553	39.29602814	5.00000000
12.440001	0.11203804	0.34012821	0.89127308	13.83454323	0.13538648	-2.06130767	0.87374890	2.24293470	-12.21511745	14.83769894	-0.37627518	-15.06307507	3.00000000	0.06596821	0.65983289	0.60267448	11.31283283	-0.32262516	-3.02283096	-0.14154911	3.04329252	-9.55966568	-11.09840202	-15.87502480	12.59291363	3.00000000	-0.00419524	0.65463573	0.14286937	8.61179447	0.45027953	-8.02515602	0.08465896	8.03822422	-18.88323402	-8.33909512	21.34872818	8.29216576	3.00000000	0.00088736	0.86280757	0.19739912	8.74349976	0.04694165	-7.79408407	-0.81032252	7.83623457	-13.99653149	-46.03548431	2.47663641	45.80988312	5.00000000
12.450000	0.11207068	0.32091686	0.90086204	13.85601425	0.01174305	-1.89983165	0.84280467	2.07841730	-10.38008976	12.74543858	-5.04634666	-13.95629501	3.00000000	0.06290518	0.62908596	0.60109919	11.34377193	-0.38577446	-3.17286682	-0.29807040	3.21010137	-9.43930244	-15.09123230	-17.18895531	17.43298149	3.00000000	0.00013625	0.57203931	0.14588174	8.69455910	0.17844850	-8.14998055	0.23111029	8.15520954	-27.59940720	15.96647072	19.63281441	-15.24194050	3.00000000	0.00186573	0.79182452	0.19804715	8.81449223	0.04341879	-7.20960426	-0.16669531	7.21166182	-23.77901268	-40.16176224	-13.42860603	43.37749481	5.00000000
12.460000	0.11155932	0.30285427	0.90970671	13.87613297	-0.08865297	-1.78660142	0.73406398	1.93355989	-8.62061119	9.45516396	-9.03688812	-11.63891029	3.00000000	0.05833143	0.59835720	0.59759885	11.37503624	-0.46470580	-3.32487655	-0.45751283	3.38822579	-8.69703007	-17.23363113	-15.78028107	20.02854538	3.00000000	0.00092596	0.49211901	0.15300299	8.77480030	-0.17899832	-7.81834698	0.48656636	7.83551741	-32.76143646	33.92738342	7.84541941	-32.24618530	4.00000000	0.00352885	0.71648139	0.19637755	8.88987255	-0.45857611	-7.97776175	-0.62208569	8.01510906	-31.15789986	-11.18848324	-14.41357708	16.12348938	5.00000000
12.470000	0.10994524	0.28627244	0.91627759	13.89404202	-0.15255634	-1.71796823	0.59192872	1.82347679	-6.94467211	6.43827105	-10.96166229	-9.05585766	3.00000000	0.05205626	0.56616974	0.59198767	11.40830612	-0.58080226	-3.51004100	-0.64999163	3.61665702	-8.28113461	-17.80119514	-13.22798252	20.62909889	3.00000000	-0.00267989	0.41568363	0.16197823	8.85184479	-0.56928414	-7.18111181	0.67749244	7.23543024	-33.17407990	53.40565491	-4.71340752	-50.39910126	4.00000000	0.00281131	0.64487839	0.19631049	8.96147919	-1.05980134	-9.18566132	-1.61635816	9.38680840	-38.91563797	-5.34215355	-30.82461548	14.26775360	5.00000000
12.480000	0.10832946	0.26943368	0.92108196	13.91162682	-0.20773664	-1.69019651	0.46296367	1.76472497	-5.45521927	4.92617989	-10.48324680	-7.16733885	3.00000000	0.04725802	0.52729982	0.58458424	11.44816494	-0.68486303	-3.73598814	-0.77139336	3.87578273	-8.88746548	-18.03910255	-10.07797813	20.66707802	2.00000000	-0.01078046	0.34547654	0.17034775	8.92301178	-0.93542683	-6.59255362	0.49957234	6.67730188	-28.72404480	69.31903076	-18.18932343	-64.53120422	4.00000000	-0.00263084	0.58028859	0.19824003	9.02632618	-1.37786913	-8.54743481	-1.55908418	8.79703999	-32.88468933	20.50622559	-32.55101013	-10.40678024	5.00000000
12.490000	0.10589209	0.25280362	0.92420906	13.92872334	-0.25460273	-1.67047882	0.36181310	1.72807145	-4.61016846	4.91100645	-8.18846035	-6.18970966	3.00000000	0.03964714	0.48895770	0.57463521	11.48850155	-0.73009109	-3.90195394	-0.87199950	4.06431580	-8.00780964	-18.04192734	-7.99214888	20.34359550	2.00000000	-0.02282829	0.28201044	0.17543815	8.98781109	-1.21936178	-5.86313820	0.14698617	5.99039555	-19.55682373	77.74471283	-31.63346481	-71.26286316	4.00000000	-0.04179056	0.40714356	0.12390166	9.21878147	-1.68766809	-7.89331865	-1.72494924	8.25397778	-10.21153259	94.81764984	2.72498131	-90.62409210	4.00000000
12.500000	0.10315330	0.23582655	0.92726964	13.94618988	-0.29643849	-1.62453210	0.29620379	1.67771184	-4.29496956	6.10796595	-5.18440676	-6.28574848	3.00000000	0.03132606	0.44847357	0.56505573	11.53092766	-0.81780404	-4.06602335	-0.88152289	4.24009800	-8.08507156	-17.06361771	-3.89278221	18.70114899	2.00000000	-0.03775974	0.22677903	0.17590538	9.04502678	-1.38943672	-5.02907896	-0.31593081	5.22704315	-6.61357260	84.38004303	-36.84432983	-76.68932343	4.00000000	-0.05800188	0.35182694	0.12200171	9.27645588	-1.90944374	-7.34863806	-2.11096001	7.88064766	7.85688448	131.73307800	19.11747360	-131.50939941	4.00000000
12.510000	0.09984173	0.21879390	0.93003213	13.96376038	-0.33553559	-1.54533136	0.26126701	1.60277689	-4.13869715	8.07930183	-2.38234234	-7.28325415	3.00000000	0.02212676	0.40607417	0.55702794	11.57505035	-0.90551698	-4.23009300	-0.89104629	4.41674232	-8.16233349	-16.08530807	0.20658445	17.05870247	2.00000000	-0.05340552	0.18012847	0.16989051	9.09459782	-1.40719211	-4.11323595	-0.77109087	4.41514206	7.50039864	89.09922028	-31.94492149	-81.05551910	4.00000000	-0.07358673	0.30499640	0.11507244	9.32629585	-1.56565630	-5.20311165	-1.46835697	5.62847424	19.46356010	129.77626038	17.50940514	-131.06170654	4.00000000
12.520000	0.09628840	0.20365922	0.93269640	13.97953320	-0.37488407	-1.44851291	0.25802800	1.51832354	-3.98233271	9.85539055	-0.43243688	-8.34224701	3.00000000													1.00000000	-0.06838296	0.14308409	0.15804419	9.13627434	-1.23777187	-3.15244603	-1.10412836	3.56217551	19.63229752	87.79593658	-20.73730087	-80.78092194	4.00000000	-0.08667158	0.26862380	0.10380425	9.36655903	-1.01397645	-2.94085550	-0.70487779	3.18961310	31.35074997	136.31105042	30.03214455	-142.48866272	4.00000000
12.530001	0.09238712	0.19009523	0.93480027	13.99380302	-0.41792539	-1.33702695	0.27575791	1.42770624	-3.68471479	10.79555511	0.37328252	-8.88962078	3.00000000													1.00000000	-0.08150914	0.11648796	0.14280692	9.16961861	-0.91021687	-2.22383285	-1.24825323	2.70777822	27.34532928	80.44055939	-6.23648024	-75.96559906	4.00000000	-0.09635179	0.24210055	0.09257592	9.39694405	-0.72687393	-2.16281962	-0.79334795	2.41568542	34.14819336	121.05325317	33.00321960	-129.74778748	4.00000000
12.540000	0.08827826	0.17792141	0.93711990	14.00685883	-0.45835373	-1.21815944	0.29750913	1.33510756	-3.06889009	11.19539261	0.02842819	-9.26211357	3.00000000	-0.01278983	0.28765211	0.54443574	11.69915295	-0.51241148	-2.86146975	-0.05559673	2.90751886	17.67868614	53.22939301	3.26749325	-55.35238647	2.00000000	-0.08985729	0.10033172	0.12778530	9.19320583	-0.52596819	-1.41457629	-1.19488192	1.92494452	28.95210075	67.56164551	7.30795145	-66.74669647	4.00000000	-0.10143589	0.22671373	0.08459038	9.41500950	-0.41697931	-1.30187273	-0.60864449	1.49639320	25.75931358	78.40075684	19.22507095	-83.86427307	4.00000000
12.550000	0.08323821	0.16609433	0.94049346	14.02015018	-0.48847103	-1.10314667	0.29894212	1.24294126	-1.80678952	11.46648407	-1.44314337	-9.99938583	3.00000000	-0.01973948	0.25761575	0.54352868	11.72999573	-0.34000710	-2.32526970	-0.02470911	2.35012650	11.12767410	47.27884674	2.58759642	-48.43016434	2.00000000	-0.09204527	0.09264987	0.11613839	9.20732880	-0.19096713	-0.79629624	-0.99521345	1.28880024	24.25259018	51.29409027	16.68335342	-54.46867371	4.00000000	-0.10268957	0.21962303	0.08069401	9.42319679	-0.18161181	-0.62678891	-0.35379130	0.74230421	17.47076607	50.57257843	14.31638908	-52.20443726	4.00000000
12.560000	0.07801216	0.15493958	0.94443965	14.03308487	-0.50643140	-0.99580014	0.27697533	1.15100217	0.12675598	11.48275375	-3.56596303	-10.96405125	3.00000000	-0.02195561	0.23447341	0.54369873	11.75324440	-0.16760269	-1.78906965	0.00617852	1.79691374	4.57666159	41.32830048	1.90769958	-41.50794220	2.00000000	-0.08921520	0.08992980	0.10796980	9.21639156	0.03126270	-0.39010319	-0.72894084	0.82735276	15.56595707	34.47177887	20.44394302	-41.04004669	4.00000000	-0.10181122	0.21926217	0.07933050	9.42485809	-0.03745301	-0.18128628	-0.13906707	0.23153205	11.49152851	36.45814896	15.30640984	-36.98846436	4.00000000
12.570001	0.07244501	0.14565249	0.94774479	14.04440594	-0.50080270	-0.88174486	0.22748956	1.03924441	2.44079566	11.07263470	-5.40163136	-11.73966312	3.00000000	-0.02143803	0.21866524	0.54386055	11.76906204	-0.23016743	-1.54493725	0.01718998	1.56208313	3.97111392	40.89722061	1.31539166	-40.62215042	2.00000000	-0.08589032	0.08876783	0.10283545	9.22261810	0.12010907	-0.17394541	-0.48029906	0.52475744	6.75455046	19.92836952	19.23264694	-28.21204758	4.00000000	-0.10128701	0.22117916	0.07977699	9.42689514	0.01866656	0.04146943	-0.01790598	0.04887513	5.61245298	19.66336060	10.17253017	-20.53340530	4.00000000
12.580000	0.06760403	0.13769589	0.94926095	14.05384254	-0.46225974	-0.76155066	0.15215327	0.90376663	4.81526756	10.36756992	-6.26816034	-12.15384769	3.00000000	-0.02202689	0.20732701	0.54418397	11.78042030	-0.19910130	-1.05871797	0.03771335	1.07793665	0.11248749	33.80477142	0.23422717	-32.71244431	2.00000000	-0.08486215	0.08775821	0.09959677	9.22616291	0.09440233	-0.08217096	-0.29188827	0.31758878	0.61474568	9.89523411	15.32832241	-18.18034744	4.00000000	-0.10135558	0.22317567	0.08068600	9.42908955	0.01562970	0.10393187	0.02827427	0.10883728	1.86201155	7.57758760	4.79710293	-8.50513554	4.00000000
12.590000	0.06280543	0.13082141	0.94991517	14.06225204	-0.39515573	-0.65187401	0.06868491	0.76537925	6.94956732	9.40469742	-6.22661495	-11.99982357	3.00000000	-0.02525461	0.19922964	0.54454166	11.78914452	-0.23425035	-0.71557432	0.03122340	0.75358790	0.75818980	29.74442291	-0.62934393	-28.89979553	2.00000000	-0.08548982	0.08698562	0.09790214	9.22812843	0.02152429	-0.07302549	-0.18568523	0.20068638	-2.17537236	4.28057337	10.65764332	-11.52295589	4.00000000	-0.10157879	0.22393447	0.08118667	9.43002605	-0.00161616	0.07629134	0.03239134	0.08289861	0.06916062	0.68843645	1.16956794	-1.74746835	4.00000000
12.600000	0.05914873	0.12508552	0.95005381	14.06905556	-0.30656019	-0.56723422	0.00205537	0.64477754	8.51938343	8.08827209	-5.51316690	-10.90253448	3.00000000	-0.02956384	0.19394454	0.54518598	11.79599380	-0.24568012	-0.45379323	0.01422465	0.51622605	3.40965223	24.79920769	-1.42030990	-24.64601707	2.00000000	-0.08619425	0.08649717	0.09705865	9.22933102	-0.02364094	-0.07537585	-0.12647392	0.14911762	-2.24296689	1.50090468	6.37824059	-6.78971481	4.00000000	-0.10162909	0.22391051	0.08110617	9.43012428	-0.00410390	0.03040656	0.01399697	0.03372412	-0.22983083	-1.94342399	-0.40708733	-1.04587746	4.00000000
12.610001	0.05634046	0.11962388	0.94997442	14.07519722	-0.21081197	-0.49947065	-0.03841817	0.54349661	9.37683392	6.62088776	-4.39423418	-8.87247753	3.00000000	-0.03273760	0.19061479	0.54545742	11.80060196	-0.19359975	-0.25268185	-0.00710090	0.31840134	4.92415619	17.08005524	-1.88639772	-16.63961792	2.00000000	-0.08639807	0.08653519	0.09661900	9.22981739	-0.02235615	-0.05148816	-0.07933986	0.09718870	-0.86385220	0.86649048	3.67831802	-3.87407351	4.00000000	-0.10158406	0.22386290	0.08102337	9.43023014	0.00266861	0.00146180	-0.00243895	0.00389959	0.15477248	-2.04896879	-0.76211238	-1.79519641	4.00000000
12.620000	0.05494556	0.11541153	0.94932163	14.07968235	-0.11045112	-0.44288212	-0.06875147	0.46159592	9.54479027	5.26967192	-3.27569580	-6.30437660	3.00000000	-0.03375691	0.18960924	0.54503834	11.80209351	-0.09751149	-0.11864106	-0.03058612	0.15658768	6.38577843	11.51819229	-1.66794395	-10.67043972	2.00000000	-0.08622212	0.08458524	0.09483796	9.23246384	-0.00027946	-0.03588845	-0.05810646	0.06829655	0.53209966	1.52999926	2.63565588	-2.78803325	5.00000000	-0.10150842	0.22381698	0.08095144	9.43034458	0.00950322	-0.00364246	-0.00628866	0.01196352	0.44393641	-1.14356995	-0.50511581	-0.81856304	4.00000000
12.630000	0.05458891	0.11093228	0.94826949	14.08429718	-0.01211440	-0.39393473	-0.09643286	0.40574700	9.11533642	4.14797258	-2.44413376	-3.73515129	3.00000000	-0.03335833	0.18994027	0.54434758	11.80295658	-0.00172959	-0.03806079	-0.05100270	0.06366232	6.39962530	7.08577633	-1.14392149	-6.10560942	2.00000000	-0.08623045	0.08468580	0.09464980	9.23267746	0.01424799	-0.03473206	-0.05265915	0.06467076	1.14480138	1.69146645	1.99295080	-1.78663635	5.00000000	-0.10140616	0.22378363	0.08091053	9.43045998	0.01333337	-0.00287220	-0.00353673	0.01409031	0.44781980	-0.30865949	-0.05063434	0.14091925	4.00000000
12.640000	0.05481120	0.10744528	0.94724691	14.08793736	0.08107308	-0.35581458	-0.12181152	0.38472706	8.11479950	3.19328642	-1.71972251	-1.59587252	3.00000000	-0.03261673	0.19026504	0.54363787	11.80403328	0.05614864	-0.00281570	-0.05875627	0.08131973	5.24889851	4.22898197	-0.37903422	-2.09415555	2.00000000	-0.08602313	0.08482070	0.09452611	9.23295403	0.01712336	-0.01371248	-0.03227840	0.03902738	1.07627022	1.45281386	1.77352202	-0.43856302	5.00000000	-0.10124803	0.22381069	0.08088854	9.43062210	0.01594300	-0.00381395	-0.00134011	0.01644753	0.40510774	-0.04595414	0.26518291	0.45683682	4.00000000
12.650001	0.05606977	0.10403112	0.94590932	14.09181404	0.16160688	-0.33290371	-0.13874123	0.39520982	6.51517105	2.38216853	-0.77275997	-0.23894881	3.00000000	-0.03194007	0.19015007	0.54308885	11.80491257	0.08156526	0.00578823	-0.05703072	0.09969402	3.69664788	3.11393833	0.52221799	1.34787035	2.00000000	-0.08576037	0.08491150	0.09439904	9.23326015	0.02317205	0.01393619	-0.00720552	0.02798358	1.02407944	1.69018233	2.48802948	0.74393874	5.00000000	-0.10104780	0.22378498	0.08088003	9.43082428	0.01903574	-0.00346576	0.00084999	0.01936732	0.47764206	-0.20996603	0.50932968	0.59357703	4.00000000
12.660000	0.05811383	0.10110328	0.94452894	14.09564209	0.22293934	-0.31615990	-0.14346589	0.41260332	4.39992046	1.77315390	0.40109238	0.06137043	3.00000000	-0.03106762	0.18987279	0.54264003	11.80593204	0.10107254	0.02212574	-0.04626364	0.11333813	2.38705325	3.73376727	1.36548424	3.33105087	2.00000000	-0.08555777	0.08488656	0.09418008	9.23355961	0.03542279	0.02344871	0.00876393	0.04337537	1.46970212	1.85382116	3.43635488	2.34089112	5.00000000	-0.10085119	0.22369584	0.08090249	9.43104172	0.02349466	-0.00343546	0.00429253	0.02412939	0.76605248	-0.36522019	1.01752687	1.19624674	4.00000000
12.670000	0.06106949	0.09812353	0.94272363	14.10021114	0.25754642	-0.30423525	-0.13268490	0.42011252	1.92914534	1.66330206	1.54761636	-0.83900762	3.00000000	-0.03030071	0.18965583	0.54214078	11.80687237	0.12573804	0.05785798	-0.02718021	0.14105447	1.29317498	5.47494888	2.23332214	4.43509436	2.00000000	-0.08531822	0.08494935	0.09411971	9.23381424	0.04938412	0.03966105	0.04432164	0.07730588	2.22887397	1.51202965	4.02545977	4.13401604	5.00000000	-0.10064026	0.22361651	0.08094251	9.43127060	0.03101205	-0.00972860	0.01291484	0.03497407	1.52933609	-0.44747448	1.87779379	2.33928728	4.00000000
12.680000	0.06430525	0.09481545	0.94119400	14.10508442	0.26308048	-0.29053390	-0.10667045	0.40620175	-0.46113405	2.13980126	2.24646378	-2.50598478	3.00000000	-0.02878814	0.19055657	0.54169208	11.80868912	0.14713864	0.12411487	-0.00262459	0.19251278	-0.25248489	6.56585932	3.13517785	5.17765284	2.00000000	-0.08472915	0.08550708	0.09457619	9.23474503	0.07377049	0.05767227	0.09768239	0.13531454	2.90161777	1.23474085	4.26980257	5.09307528	5.00000000	-0.10034607	0.22362465	0.08103193	9.43157864	0.04347321	-0.01831117	0.03204532	0.05702737	2.97528148	-0.36725238	2.80843306	4.02227020	4.00000000
12.690001	0.06695546	0.09187430	0.94022429	14.10916042	0.24056654	-0.27409345	-0.07230490	0.37178957	-2.27902532	2.80735970	2.23259234	-4.05941105	3.00000000	-0.02704113	0.19217418	0.54180270	11.81107235	0.14831193	0.22473657	0.02956390	0.27088186	-1.93621778	6.30401659	3.41774249	5.01602602	2.00000000	-0.08393000	0.08640507	0.09574513	9.23642159	0.10919918	0.07291815	0.15618750	0.20404914	3.27623296	1.36752129	3.67665386	4.99173117	5.00000000	-0.09990490	0.22354129	0.08128674	9.43209457	0.07007227	-0.02361275	0.06982945	0.10170466	4.68820477	0.35382065	3.49585271	5.78431368	4.00000000
12.700000	0.06920616	0.08920045	0.93990093	14.11266994	0.19647522	-0.23958868	-0.04058033	0.31249321	-3.33987069	3.30337095	1.53708708	-4.91941738	3.00000000	-0.02501925	0.19450620	0.54230839	11.81420040	0.11330419	0.31712440	0.07716069	0.34548444	-2.60434556	5.06064892	2.51281452	3.83641887	2.00000000	-0.08275677	0.08731771	0.09787685	9.23902035	0.15287548	0.07933863	0.20020548	0.26409802	3.15625930	2.14151502	1.65184605	4.05555630	5.00000000	-0.09919016	0.22304839	0.08195042	9.43318748	0.12777919	-0.02491188	0.11839165	0.17596790	5.87322617	2.13459420	3.40449309	6.93209648	4.00000000
12.710000	0.07083416	0.08694975	0.93999767	14.11544895	0.15078987	-0.19228774	-0.02812544	0.24597399	-3.70194840	3.58816934	0.39079961	-4.97042942	3.00000000	-0.02360577	0.19839860	0.54329103	11.81845665	0.04361466	0.34720016	0.12294600	0.37089878	-1.80123866	2.43349433	0.56641799	1.42916012	2.00000000	-0.08101224	0.08820260	0.10053863	9.24232388	0.19103083	0.08805804	0.21428496	0.30027494	2.48589516	3.82083535	-1.58822262	3.38415837	5.00000000	-0.09811309	0.22265016	0.08331201	9.43496895	0.21586230	-0.00822631	0.16301280	0.27062407	6.16915369	4.85851955	1.78370512	7.40014124	4.00000000
12.720000	0.07207384	0.08512536	0.93997216	14.11765480	0.11376546	-0.14952551	-0.03556013	0.19121972	-3.55862951	3.70064831	-0.79070497	-4.36303425	3.00000000	-0.02348076	0.20345111	0.54464567	11.82368946	0.00503276	0.34566358	0.12720028	0.36835927	0.12070170	-1.56962478	-2.03428817	-1.23928702	2.00000000	-0.07882982	0.08881751	0.10314583	9.24577904	0.21351774	0.12226819	0.18449859	0.30753708	1.40391994	5.78634071	-5.14804983	3.71876240	5.00000000	-0.09589744	0.22239628	0.08567648	9.43821907	0.29949147	0.04676282	0.19051909	0.35802156	5.29155350	7.77982140	-1.36738455	7.50478220	4.00000000
12.730000	0.07290152	0.08404026	0.93960148	14.11906910	0.08411382	-0.11819048	-0.05713006	0.15591013	-3.25182772	3.55809140	-1.53000796	-3.30794930	3.00000000	-0.02472350	0.20760581	0.54682684	11.82854366	0.02998801	0.32052818	0.07766932	0.33116478	2.75735378	-4.97932625	-4.85231447	-1.87548888	2.00000000	-0.07601523	0.08963954	0.10507852	9.24929047	0.21651889	0.20227207	0.10416470	0.31407756	-0.07855358	6.87846136	-7.90028572	4.10083628	5.00000000	-0.09188045	0.22266728	0.08806840	9.44290257	0.34773639	0.15274659	0.17126389	0.41663346	2.71177459	9.65431499	-4.89181948	6.78171730	4.00000000
12.740000	0.07355463	0.08336762	0.93869150	14.12037563	0.05740536	-0.09061638	-0.08324136	0.13577861	-3.12150764	3.46243429	-1.61657727	-2.08789873	3.00000000	-0.02629337	0.20928536	0.54833180	11.83129120	0.10338611	0.25280452	-0.00461390	0.27316681	4.86445141	-6.46866369	-6.78125286	-0.88937205	2.00000000	-0.07378486	0.09149019	0.10596249	9.25232029	0.20800953	0.31384811	-0.01382641	0.37677550	-1.81959546	6.13246679	-8.99993610	3.59310818	5.00000000	-0.08685127	0.22429104	0.09023549	9.44861412	0.36296731	0.29326576	0.08617304	0.47452700	-1.16877091	9.33491802	-7.54507685	4.74027729	4.00000000
12.750000	0.07409586	0.08259811	0.93765241	14.12177753	0.02653046	-0.05645702	-0.10195722	0.11952630	-3.25739551	3.78586960	-1.06474078	-0.82200664	3.00000000	-0.02432116	0.21151346	0.54768187	11.83433723	0.18021788	0.14059083	-0.09425779	0.24724238	4.39521170	-6.85534286	-6.57390308	-0.77234727	2.00000000	-0.07185028	0.09513764	0.10531759	9.25649929	0.18811561	0.40293869	-0.13175954	0.46379700	-3.36703801	3.22480130	-7.94869518	1.95277274	5.00000000	-0.08281565	0.22775130	0.09130527	9.45403671	0.33791599	0.41903877	-0.04050061	0.53983420	-4.73291254	6.43150854	-8.46914482	1.87359691	4.00000000
12.760000	0.07440016	0.08167701	0.93646163	14.12331390	-0.00680722	-0.01875944	-0.10943611	0.11124081	-3.57134318	4.26618624	0.10293045	0.42393056	3.00000000	-0.02056912	0.21278082	0.54515576	11.83903503	0.24225919	0.05330244	-0.17594893	0.30411953	1.25784171	-6.31650829	-4.27261829	-1.78091979	2.00000000	-0.07047498	0.10104448	0.10294377	9.26301193	0.14428385	0.42336366	-0.21722049	0.49723169	-4.36265993	-1.27790391	-4.78391027	-1.38250291	5.00000000	-0.08027653	0.23371932	0.09008940	9.46063519	0.25789034	0.47862715	-0.15361550	0.56496823	-6.94147539	1.53446341	-7.02313232	-1.58091474	4.00000000
12.770000	0.07419604	0.08142086	0.93529022	14.12452984	-0.04476961	0.02876222	-0.10543167	0.11809920	-3.94604158	4.30331707	1.58879209	1.64291131	3.00000000	-0.01607813	0.21375020	0.54218131	11.84450817	0.25445396	0.01217164	-0.21942703	0.33621895	-2.35964775	-3.64882374	-1.02956617	-2.95140147	2.00000000	-0.06877963	0.10700202	0.09935129	9.27017212	0.08129124	0.36660135	-0.24960916	0.45089862	-4.94637871	-5.62314463	-0.27690119	-5.93436146	5.00000000	-0.07811528	0.24040346	0.08689521	9.46835232	0.14468469	0.45292413	-0.21937650	0.52364111	-7.86844063	-3.80138230	-3.41469121	-5.65383911	4.00000000
12.780001	0.07338620	0.08217174	0.93426669	14.12603569	-0.08596169	0.08392967	-0.08408228	0.14664049	-4.35226774	3.66284990	3.03230786	2.83856392	3.00000000	-0.01437824	0.21168500	0.54002434	11.84794426	0.18086343	-0.01346705	-0.20081599	0.27059194	-4.64496565	0.91518575	2.36351538	-2.69640160	2.00000000	-0.06761508	0.11069565	0.09620789	9.27515984	0.02022143	0.25666368	-0.22320113	0.34074020	-5.01981783	-7.89547396	4.41181087	-7.92241240	5.00000000	-0.07670423	0.24553925	0.08298246	9.47496128	0.04941126	0.35894811	-0.22846504	0.42834738	-7.34722328	-7.60181427	1.03837097	-8.98675919	4.00000000
12.790000	0.07231855	0.08350332	0.93328428	14.12800503	-0.13083412	0.12718880	-0.04085252	0.18698525	-4.75129557	2.16215229	4.28722382	3.83574057	3.00000000	-0.01322553	0.21119601	0.53815496	11.85019398	0.06969086	-0.01250170	-0.13716568	0.15436170	-5.53993607	5.38992834	5.53783846	-0.53000420	2.00000000	-0.06803931	0.11156932	0.09395686	9.27761173	-0.02468831	0.13473499	-0.14341938	0.19832334	-4.30740261	-6.95678568	8.60382748	-5.39547777	5.00000000	-0.07672898	0.24795227	0.08068818	9.47829056	-0.01123492	0.23404731	-0.18308324	0.29736146	-4.84325314	-9.04304218	4.57494259	-9.96691322	4.00000000
12.800000	0.07079799	0.08542854	0.93280029	14.13050556	-0.18033348	0.14502089	0.01421223	0.23184738	-4.99973583	-0.32067287	5.04008150	4.46111393	3.00000000	-0.01318772	0.21116172	0.53685802	11.85149193	-0.00364699	0.06887751	-0.06131927	0.09229011	-4.96846485	9.12884045	7.65159321	3.30656314	2.00000000	-0.06945080	0.11088146	0.09331087	9.27930927	-0.06502891	0.05229724	-0.02601730	0.08741087	-3.01717639	-3.05730319	11.33345985	-0.63866228	5.00000000	-0.07824266	0.24830024	0.07982318	9.48006821	-0.05008317	0.12108236	-0.09962208	0.16460201	-0.82200068	-8.47543240	6.43282175	-7.68952608	4.00000000
12.810000	0.06903943	0.08705126	0.93323952	14.13293839	-0.23483062	0.13211152	0.07414867	0.27945822	-4.97344351	-3.03941035	4.82987165	4.67818022	3.00000000	-0.01417777	0.21231088	0.53661120	11.85302830	-0.01574817	0.21745524	0.02298305	0.21923277	-3.08760190	11.84138775	7.98400736	8.03008556	2.00000000	-0.07063447	0.11078800	0.09349330	9.28051090	-0.09248797	0.03457671	0.10933106	0.14731888	-1.58232021	2.72847486	11.08628750	4.49120331	5.00000000	-0.07939639	0.24856415	0.07959534	9.48127365	-0.05813011	0.05303087	-0.00371567	0.07877302	3.07813954	-5.81830883	6.76207590	-3.27715039	4.00000000
12.820001	0.06639880	0.08836020	0.93462676	14.13619614	-0.28938076	0.07968880	0.13107458	0.32752416	-4.54246807	-4.94466591	3.49407959	4.35935640	3.00000000	-0.01499046	0.21416768	0.53727007	11.85515976	-0.01797675	0.37544245	0.11810908	0.39399233	-1.31444263	11.74510860	6.57836580	10.85444832	2.00000000	-0.07097852	0.11133563	0.09507728	9.28222179	-0.10353450	0.10699958	0.25895348	0.29870591	0.01903142	9.98713017	7.43085003	10.50737762	5.00000000	-0.07971252	0.24912967	0.07968846	9.48192787	-0.00091624	0.00836191	0.06230598	0.06287126	5.81589699	-0.53785527	5.03548241	1.72756195	4.00000000
12.830000	0.06307890	0.08922305	0.93642867	14.14007092	-0.33676282	-0.00225728	0.16805132	0.37637153	-3.66291165	-5.49976540	1.15534461	3.35413051	3.00000000	-0.01497308	0.21917059	0.53895712	11.86043930	-0.02437641	0.51625466	0.19881923	0.55375284	-0.80784285	7.76345587	3.60150480	8.28312969	2.00000000	-0.07171014	0.11265076	0.09819508	9.28568363	-0.09337558	0.24265559	0.35455957	0.43967399	1.80592167	16.78901863	1.43175304	15.59025478	5.00000000	-0.07955614	0.24955907	0.08040871	9.48278046	0.11201258	-0.00837967	0.10676688	0.15497161	7.51883125	7.46723127	1.63504529	8.82664871	4.00000000
12.840000	0.05914786	0.08905090	0.93846858	14.14450264	-0.37085509	-0.07810114	0.17199267	0.41619077	-2.40035081	-4.51379824	-1.89806032	1.90733743	3.00000000	-0.01397882	0.22566137	0.54164261	11.86753368	-0.03491637	0.59698892	0.23314555	0.64185029	-0.89833850	1.51481450	-0.76884127	1.46825504	2.00000000	-0.07291984	0.11446866	0.10301007	9.29097080	-0.06657025	0.44263494	0.33421627	0.55862135	3.31929946	19.41451263	-5.69745445	16.36557007	5.00000000	-0.07870295	0.24968061	0.08249180	9.48503494	0.21698871	0.06167329	0.12572469	0.25825259	7.39652538	15.44454956	-1.91568100	16.17501831	4.00000000
12.850000	0.05514779	0.08741458	0.94039881	14.14923573	-0.38741043	-0.12259775	0.13463446	0.42806947	-1.04454029	-1.98753881	-4.95626593	0.60974306	3.00000000	-0.01426337	0.23392801	0.54492313	11.87643242	-0.04758471	0.57526004	0.20036498	0.61101109	-0.54539359	-4.66479731	-5.47662020	-4.55459881	2.00000000	-0.07458838	0.11978273	0.10926890	9.29934883	-0.01916395	0.73205680	0.20142159	0.75950319	4.07106733	16.83551025	-11.72640991	13.44938564	4.00000000	-0.07554860	0.24799298	0.08386846	9.48886776	0.28440884	0.27871752	0.06972880	0.40426967	4.35558796	19.76406670	-4.75395107	18.53233910	4.00000000
12.860001	0.05122891	0.08492203	0.94191033	14.15411949	-0.38823411	-0.12526208	0.05843937	0.41210613	-0.13551712	1.48808718	-6.76936913	-0.03239165	3.00000000	-0.01559953	0.24018042	0.54768336	11.88339615	-0.06165740	0.45177960	0.10029673	0.46686816	-0.19400613	-8.91675282	-8.75167084	-7.40138769	2.00000000	-0.07454560	0.12723763	0.11121264	9.30705261	0.03757154	0.96992362	0.00858208	0.97068900	3.83271575	10.15700626	-13.87461567	8.23868084	4.00000000	-0.07095435	0.24947393	0.08572777	9.49404049	0.32873964	0.63989991	-0.01312563	0.71952337	0.03678451	20.25697327	-5.93153286	16.91264725	4.00000000
12.870000	0.04740212	0.08316429	0.94249582	14.15837097	-0.37497669	-0.09010757	-0.04198650	0.38793010	0.04188493	4.81012630	-6.56000042	0.17610490	3.00000000	-0.01709327	0.24439959	0.54844964	11.88793659	-0.05759245	0.29282656	-0.04011939	0.30112100	-0.57714653	-9.87258720	-9.33430576	-7.52954865	2.00000000	-0.07341348	0.14029950	0.10902963	9.32034397	0.08626580	1.03143311	-0.19090423	1.05249250	2.66942334	-0.61816722	-11.57092476	-0.35461435	4.00000000	-0.06699319	0.25664628	0.08506846	9.50226021	0.30909336	0.91192621	-0.10794295	0.96891683	-3.27441859	16.29081917	-4.21458387	13.13872719	4.00000000
12.880000	0.04359170	0.08282169	0.94141024	14.16234779	-0.36247131	-0.01654923	-0.13492703	0.38712353	-0.35051206	7.19529295	-4.67762327	1.23941374	3.00000000	-0.01761960	0.24492034	0.54676360	11.88977814	-0.04011018	0.16294457	-0.16796440	0.23742746	-1.66272056	-7.48506069	-7.13139582	-5.29625320	2.00000000	-0.07105292	0.15606287	0.10340897	9.33724499	0.10819832	0.93265033	-0.30865291	0.98833704	0.84388417	-12.43223763	-6.08428335	-11.14316845	4.00000000	-0.06431390	0.27184764	0.08151552	9.51809978	0.21776116	1.00028789	-0.17078766	1.03786516	-5.61748123	5.07633066	-0.92210323	3.11029696	4.00000000
12.890000	0.04001744	0.08355784	0.93897039	14.16673756	-0.36985785	0.08317772	-0.17081448	0.41580158	-1.13091266	8.63271999	-1.50887406	2.94016504	3.00000000	-0.01725151	0.24450742	0.54325497	11.89333057	-0.04921737	0.11006196	-0.23328064	0.26259446	-3.10082006	-3.52835417	-3.04654717	-1.22429597	2.00000000	-0.06995431	0.16541682	0.09860174	9.34781933	0.10034920	0.70697886	-0.32067993	0.78276730	-0.90129673	-19.60009575	0.20390177	-18.64859581	4.00000000	-0.06205953	0.29017693	0.07992976	9.53663540	0.12707287	1.00198877	-0.14711903	1.02067280	-6.74856663	-8.19085407	2.20381904	-9.44576168	5.00000000
12.900001	0.03676157	0.08450688	0.93585145	14.17134476	-0.39348376	0.18325466	-0.15118171	0.45963860	-1.95531297	9.17010689	2.30155587	4.60229158	3.00000000	-0.01660061	0.24479921	0.53949887	11.89715385	-0.10180879	0.12626797	-0.22287269	0.27564627	-4.53933859	-0.23689108	1.34454310	1.85230422	2.00000000	-0.06933697	0.16938671	0.09580669	9.35271358	0.07085961	0.39378762	-0.25071177	0.47217175	-1.95913601	-20.60611725	4.59624052	-20.14940643	4.00000000	-0.06231182	0.29603022	0.07617734	9.54359245	0.06315690	0.86384958	-0.05389042	0.86783010	-5.68265104	-14.84811020	4.78410292	-15.46900368	5.00000000
12.910000	0.03308555	0.08658293	0.93380517	14.17603588	-0.42318910	0.27287310	-0.10294516	0.51395178	-1.98352778	8.44065762	4.96209097	5.09340477	3.00000000	-0.01766701	0.24675483	0.53726405	11.90030956	-0.17931120	0.17720820	-0.15998283	0.29857957	-5.01853848	1.19264889	4.39170313	1.98218739	2.00000000	-0.06944370	0.16883118	0.09544795	9.35338306	0.03294460	0.13335024	-0.13485737	0.19249453	-2.35295677	-17.21662712	6.21244717	-17.51864052	4.00000000	-0.06249135	0.29976484	0.07761488	9.54759789	0.00946807	0.53487241	0.01793901	0.53525692	-3.48750210	-16.68664551	5.12726164	-16.88252068	5.00000000
12.920000	0.02830827	0.08985943	0.93438452	14.18185806	-0.45286444	0.35935092	-0.02300988	0.57857478	-0.75659603	6.63252592	5.66161823	3.99889755	2.00000000	-0.02058742	0.24990556	0.53671163	11.90464115	-0.24880445	0.20584550	-0.07947683	0.33255464	-3.76643372	0.66221243	5.37654591	0.53668988	2.00000000	-0.06882468	0.16814405	0.09404127	9.35506630	0.01079217	0.00253556	-0.05444859	0.05556572	-2.31899929	-11.37489986	5.83872128	-12.02834606	5.00000000	-0.06239517	0.30427524	0.07947549	9.55247784	-0.01416666	0.28654337	0.07028095	0.29537639	-1.69322395	-16.91782379	2.99608636	-16.94090843	5.00000000
12.930000	0.02323225	0.09431483	0.93492717	14.18863392	-0.46774977	0.43112195	0.05935828	0.63888919	1.36785579	4.53695965	5.47399950	2.01121855	2.00000000	-0.02468338	0.25257474	0.53705424	11.90954208	-0.28745481	0.19808200	-0.01425743	0.34938520	-1.31223798	-1.04294825	4.76132822	-1.09431589	2.00000000	-0.06867915	0.16833799	0.09400745	9.35531139	-0.00175138	-0.02731817	-0.02774764	0.03897796	-1.85195673	-5.47197676	3.94062781	-5.39344406	5.00000000	-0.06236700	0.30805704	0.08153698	9.55678463	-0.00956807	0.21679251	0.09555978	0.23711224	-0.44840518	-13.13287735	0.60983378	-13.07173538	5.00000000
12.940001	0.01807795	0.09926181	0.93562317	14.19581223	-0.44387895	0.46288550	0.10246982	0.64945483	3.94693732	2.42757988	4.62641001	-0.37146062	2.00000000	-0.02800439	0.25429404	0.53726494	11.91328812	-0.27785710	0.16386223	0.02072006	0.32324097	1.16942811	-2.68404770	3.48359728	-2.74478984	2.00000000	-0.06883426	0.16838829	0.09406459	9.35548401	-0.01750551	-0.01483982	-0.01345848	0.02660440	-1.23685849	-1.60619009	1.80931473	-0.98866856	5.00000000	-0.06260195	0.30844501	0.08137607	9.55726624	0.00181065	0.15373528	0.06335378	0.16628745	0.34688145	-7.10870218	-0.74203879	-7.11247683	5.00000000
12.950000	0.01367631	0.10446798	0.93692005	14.20275211	-0.38057625	0.46105427	0.12557407	0.61088312	6.58262491	0.43178397	3.00499892	-2.78311706	2.00000000	-0.03023639	0.25505471	0.53733206	11.91564751	-0.23136425	0.12022381	0.03541658	0.26313022	3.03615093	-3.42783308	2.26956987	-4.00385094	2.00000000	-0.06923593	0.16825859	0.09413913	9.35591221	-0.03652336	-0.01984872	0.00225076	0.04162924	-0.77305776	-0.10412531	0.83325338	0.17804447	5.00000000	-0.06275915	0.30882007	0.08128130	9.55768394	0.01077816	0.07897864	0.02927035	0.08491494	0.59594220	-3.99215293	-1.42967224	-4.16960907	5.00000000
12.960000	0.00999055	0.10913501	0.93814522	14.20882416	-0.29174790	0.44823754	0.15607923	0.55713058	8.62848186	-0.76359111	1.61805868	-4.09810114	2.00000000	-0.03204113	0.25588819	0.53756130	11.91764832	-0.17947224	0.07903625	0.04641265	0.20152208	4.07788420	-3.44793296	1.42629015	-4.52035141	2.00000000	-0.06974497	0.16793813	0.09408575	9.35651588	-0.04236990	-0.02992687	0.00229230	0.05192379	-0.25165209	0.00506829	0.60696781	0.05028996	5.00000000	-0.06286642	0.30903375	0.08127660	9.55792332	0.00924499	0.03719056	0.00937475	0.03945243	0.31259462	-3.18810964	-1.39453614	-3.43721795	5.00000000
12.970000	0.00763586	0.11307437	0.93997824	14.21376610	-0.18911456	0.42961401	0.16976744	0.49915278	9.67626572	-0.99840087	0.68739063	-3.79092789	2.00000000	-0.03343102	0.25699174	0.53816754	11.91952419	-0.14083780	0.04830137	0.06251881	0.16148347	4.24334288	-2.99445748	0.94484943	-4.15250635	2.00000000	-0.07029527	0.16741505	0.09401853	9.35727787	-0.03906147	-0.03085372	0.00473876	0.05000206	0.43013805	0.05349867	0.46014470	-0.17254548	5.00000000	-0.06186868	0.31034097	0.08205309	9.55974197	0.01192599	0.03665363	0.01608363	0.04176603	-0.19523568	-2.11130738	-0.81692904	-2.22998190	4.00000000
12.980000	0.00627297	0.11699155	0.94191468	14.21834373	-0.08248165	0.41616657	0.16936858	0.45681894	9.81865883	-0.94727004	-0.49595621	-2.70219231	2.00000000	-0.03485735	0.25753927	0.53905982	11.92129326	-0.10491718	0.02454221	0.07603268	0.13187456	4.07595158	-1.99619186	0.62478560	-3.20856047	2.00000000	-0.07067993	0.16701616	0.09405543	9.35783291	-0.02843030	-0.02663247	0.00806016	0.03978111	1.00986767	0.48163724	0.56790495	-0.31304282	5.00000000	-0.06194614	0.31036872	0.08209617	9.55983448	0.01576875	0.03388350	0.01829130	0.04160909	-0.33435649	-0.89150202	-0.24602632	-0.90044546	4.00000000
12.990000	0.00609684	0.12131890	0.94400775	14.22315407	0.01823061	0.41560623	0.15995899	0.44569919	9.25928402	-1.17656958	-1.68509078	-1.61689985	2.00000000	-0.03593459	0.25738147	0.53994876	11.92269897	-0.06585639	0.00114590	0.07858276	0.10253599	4.25842619	-0.35310850	0.24732602	-1.65009296	2.00000000	-0.07091855	0.16683462	0.09425316	9.35819244	-0.01408427	-0.01801265	0.01440582	0.02702498	1.29770470	0.89779782	0.98673737	0.11901538	5.00000000	-0.06206254	0.31043088	0.08210953	9.55996704	0.00447466	0.01711771	0.00946075	0.02006351	-0.27257821	-0.26276794	0.11035958	-0.24101624	4.00000000
13.000000	0.00681476	0.12544662	0.94528526	14.22753429	0.11022925	0.41330281	0.13445765	0.44838437	8.17159653	-2.06771588	-2.27200365	-1.05092371	2.00000000	-0.03643855	0.25690961	0.54085445	11.92383766	-0.02429324	-0.00726506	0.07471640	0.07890173	4.87750721	2.09463215	-0.10585120	0.98957676	2.00000000	-0.07093922	0.16681483	0.09444238	9.35838413	0.00151787	-0.00691029	0.02458741	0.02558509	1.44082236	1.28015327	1.68275833	1.15443158	5.00000000	-0.06211076	0.31052354	0.08212704	9.56007290	-0.00686543	0.00504826	0.00205891	0.00876688	-0.49196848	-0.51438481	0.21936356	-0.18746726	4.00000000
13.010000	0.00851995	0.12993956	0.94654548	14.23250198	0.18762998	0.39701766	0.09824385	0.44997764	6.85168171	-3.97207761	-2.61690331	-1.35757470	2.00000000	-0.03629095	0.25653887	0.54148620	11.92458534	0.02548598	0.01781434	0.06935050	0.07600249	5.35121822	5.66418171	-0.00144293	4.76263380	2.00000000	-0.07082061	0.16679014	0.09463722	9.35861397	0.01646355	0.00564754	0.04180434	0.04528295	1.67717731	1.62526345	2.94855690	2.93942928	5.00000000	-0.06212806	0.31055555	0.08212158	9.56011009	-0.00380749	0.01304845	0.00906928	0.01634047	-0.51559955	-1.18261242	0.81675756	0.64224565	4.00000000
13.020000	0.01078082	0.13379996	0.94733155	14.23704433	0.24886440	0.35245654	0.06718934	0.43666178	5.51903534	-6.60011721	-3.09010124	-1.87588596	2.00000000	-0.03571446	0.25671735	0.54199731	11.92537594	0.08579530	0.08775741	0.06544838	0.13908876	5.27452326	9.98378372	0.66784436	9.21790981	2.00000000	-0.07060520	0.16680585	0.09497669	9.35901642	0.02971943	0.02292668	0.06907234	0.07861213	2.16014099	2.00025296	4.69962072	5.25925255	5.00000000	-0.06216206	0.31060132	0.08217993	9.56019211	-0.00499670	0.02166505	0.02497397	0.03343711	0.31909841	-1.30657971	2.67757273	2.76593065	4.00000000
13.030001	0.01391670	0.13736057	0.94785088	14.24181747	0.29264030	0.27121800	0.04864534	0.40195015	4.19833326	-9.10336208	-3.56384659	-1.63368571	2.00000000	-0.03487420	0.25763077	0.54267406	11.92678928	0.15409550	0.21153514	0.06940911	0.27075851	4.75020885	13.71024418	1.51133764	13.37145424	2.00000000	-0.07022493	0.16696748	0.09567619	9.35982895	0.04820606	0.04723407	0.12060056	0.13820049	2.79829597	2.81563401	6.26562357	7.35169029	5.00000000	-0.06216445	0.31087005	0.08237670	9.56052494	-0.01286693	-0.00844027	0.03938110	0.04228081	1.70595813	-0.71211982	5.31336880	5.40651274	4.00000000
13.040000	0.01695074	0.14019535	0.94795883	14.24597073	0.32760069	0.15271392	0.01788686	0.36188906	2.81419969	-10.44845676	-3.89934325	-0.85538203	2.00000000	-0.03321087	0.25980902	0.54330152	11.92960072	0.20220123	0.39073104	0.09329766	0.44973385	3.90933871	15.19835949	2.03581882	15.24775696	2.00000000	-0.06973793	0.16752404	0.09700159	9.36134624	0.08050967	0.07184955	0.20335664	0.23021314	3.31010461	4.37547731	6.59097624	8.50465488	5.00000000	-0.06226331	0.31121141	0.08288070	9.56114197	-0.00620037	-0.05129575	0.08800911	0.10205539	3.10042739	0.60723478	6.58079052	7.03955746	4.00000000
13.050000	0.02057514	0.14122933	0.94819623	14.24974728	0.35268539	0.01882054	-0.03239015	0.35466933	1.26242280	-9.56284237	-4.20116282	-0.42830133	2.00000000	-0.03049863	0.26412743	0.54418480	11.93477631	0.22783463	0.59081662	0.12929191	0.64628887	2.79832697	13.06064987	1.62188697	13.03377914	2.00000000	-0.06905803	0.16852129	0.09898578	9.36366844	0.12504247	0.11025232	0.30155796	0.34456986	3.35892963	6.31770754	4.69018316	8.29618931	5.00000000	-0.06246642	0.31140563	0.08392070	9.56221962	0.04424195	-0.04555633	0.20058104	0.21039364	4.30384827	3.73479128	5.23121643	7.46219683	4.00000000
13.060000	0.02385756	0.14071102	0.94832933	14.25307274	0.36386961	-0.09958570	-0.08941144	0.38770196	-0.48752823	-5.99483824	-4.30316067	-0.69286823	2.00000000	-0.02710561	0.27131173	0.54538524	11.94281197	0.24305794	0.75421804	0.16030023	0.80846655	1.87323904	6.91412067	-0.33594754	6.80180359	2.00000000	-0.06767481	0.16985390	0.10261602	9.36777592	0.17057228	0.18080287	0.37094104	0.44652194	2.89718819	7.51550913	0.13126880	6.52264547	5.00000000	-0.06280687	0.30869275	0.08481073	9.56509495	0.11639554	0.00619367	0.32092923	0.34144086	4.93051624	7.92196035	1.52739418	7.70973253	3.00000000
13.070001	0.02802872	0.13807181	0.94705886	14.25816917	0.35136506	-0.16023280	-0.13395199	0.40874821	-2.62285376	-0.28162900	-3.75493598	-1.13089955	2.00000000	-0.02501857	0.28130457	0.54760295	11.95325851	0.25551119	0.81342280	0.16260743	0.86797684	1.67937899	-2.21134019	-3.94705081	-1.11036742	2.00000000	-0.06552086	0.17116763	0.10752326	9.37329388	0.19958137	0.28990966	0.36349854	0.50597578	2.18271041	6.91186237	-6.33677483	3.96211934	5.00000000	-0.06148244	0.30802178	0.08915959	9.56969070	0.18127628	0.11513481	0.33107921	0.39462712	4.26658440	9.97144890	-4.18557310	6.98727703	3.00000000
13.080000	0.03169440	0.13525274	0.94478661	14.26332188	0.31284708	-0.13027489	-0.16647726	0.37757054	-5.08391523	5.95414305	-2.61924338	-0.73438853	2.00000000	-0.02296627	0.29149461	0.54989713	11.96390343	0.26737908	0.72892278	0.11010368	0.78418291	1.99964345	-11.62080956	-8.21832371	-5.96430349	2.00000000	-0.06280099	0.17413020	0.11279617	9.37992573	0.20641324	0.39975342	0.25398457	0.51664048	1.30482721	4.15129423	-12.53482246	1.87495041	5.00000000	-0.05808298	0.30966899	0.09545922	9.57703590	0.22110143	0.28412837	0.21814126	0.42095175	2.25844193	8.75568390	-10.43049717	4.72126961	3.00000000
13.090000	0.03518100	0.13327974	0.94225019	14.26806355	0.25285849	-0.01225260	-0.18760760	0.31509387	-7.24859810	10.61775208	-1.43997407	0.48636544	2.00000000	-0.02087016	0.29970416	0.55162841	11.97255135	0.28662848	0.51930994	-0.00580947	0.59318835	1.86913228	-17.66945457	-11.25107956	-6.74620724	2.00000000	-0.06035084	0.17897971	0.11575403	9.38611221	0.20752648	0.44258583	0.05478095	0.49188456	0.28497949	-0.39214018	-15.79275894	0.31329590	5.00000000	-0.05480190	0.31394270	0.10027815	9.58426476	0.23297700	0.41695309	0.03147684	0.47866371	-0.10784864	5.07857084	-13.86909199	2.14429045	3.00000000
13.100000	0.03706125	0.13354462	0.94070572	14.27051163	0.16095379	0.16319714	-0.19367138	0.30008003	-8.51704788	12.19484138	-0.48740071	1.79604554	2.00000000	-0.01728881	0.30332297	0.55124879	11.97765636	0.31814998	0.23844390	-0.17518699	0.43447140	0.38779500	-18.08443832	-11.49797535	-6.51981735	2.00000000	-0.05880843	0.18600611	0.11498185	9.39334679	0.21343541	0.39675322	-0.17797053	0.48439786	-0.65777695	-5.58768749	-14.70585918	-1.36755824	5.00000000	-0.05218316	0.32098159	0.09774347	9.59219074	0.21167965	0.43351972	-0.16636550	0.51031864	-1.91320693	-0.56280017	-12.04544067	-0.75009513	3.00000000
13.110001	0.03827541	0.13675582	0.93936890	14.27419567	0.05205916	0.32675514	-0.18875697	0.38093078	-9.03312016	10.57308578	0.46382707	3.08046246	2.00000000	-0.01346657	0.30303034	0.54833305	11.98247242	0.34534606	-0.00292112	-0.33726591	0.48272219	-2.54383969	-13.37687492	-8.69012070	-5.95768356	2.00000000	-0.05739117	0.19132900	0.11063610	9.40036297	0.21060720	0.28182665	-0.35710692	0.50130528	-1.60474765	-9.26805782	-9.74613380	-3.17765832	5.00000000	-0.05144156	0.32696411	0.09162211	9.60078239	0.16878228	0.36202917	-0.31083828	0.50613534	-2.94723272	-6.12815857	-6.22932005	-4.85030508	3.00000000
13.120000	0.03841789	0.14167315	0.93749338	14.27946091	-0.04833834	0.42726979	-0.18129894	0.46665338	-8.96595287	6.86390400	1.51493347	3.91801143	2.00000000	-0.00984473	0.30045605	0.54329854	11.98918724	0.31952313	-0.10925307	-0.42160648	0.54016966	-6.39953852	-5.56589174	-3.50272107	-4.17209816	2.00000000	-0.05502317	0.19257978	0.10449298	9.40706444	0.18866286	0.14106929	-0.42006731	0.48161265	-2.99263644	-9.70715523	-2.73307848	-5.44161129	5.00000000	-0.05006455	0.32974443	0.08531621	9.60781002	0.12580438	0.23785630	-0.34508854	0.43759394	-3.56413293	-8.76806068	0.17595831	-8.48907185	3.00000000
13.130000	0.03714230	0.14781225	0.93515992	14.28615093	-0.12686007	0.45160127	-0.16805877	0.49827796	-8.40337276	2.85524583	2.63934302	3.49024940	2.00000000	-0.00646312	0.29680309	0.53682458	11.99735355	0.21968472	-0.07573788	-0.40722984	0.46886432	-10.15166092	2.52085924	2.47965646	-2.53659272	2.00000000	-0.05209704	0.19130461	0.09886019	9.41353893	0.15084761	0.01382021	-0.37212831	0.40177789	-4.59631872	-7.27733946	3.76193237	-7.87433672	5.00000000	-0.04866989	0.32987893	0.08352648	9.61008263	0.09677701	0.10780890	-0.24900374	0.28808230	-3.86300445	-8.11693573	4.69314671	-9.82864094	3.00000000
13.140000	0.03505034	0.15244246	0.93306905	14.29164505	-0.20097622	0.43015328	-0.13832101	0.49452603	-7.79069853	0.21037111	3.65845680	2.59750676	2.00000000	-0.00366028	0.29613897	0.53215486	12.00284004	0.06588710	0.03575707	-0.32028902	0.32894486	-12.44689369	7.78922319	6.79120159	-2.07220387	2.00000000	-0.05028433	0.18955857	0.09575231	9.41753769	0.09676885	-0.04924076	-0.26140609	0.28305832	-5.43776941	-3.79179358	7.46459389	-8.46775246	5.00000000	-0.04735812	0.32908779	0.08285319	9.61175632	0.06994037	0.02361288	-0.11267978	0.13470693	-3.77515483	-5.79121447	6.73357248	-8.81920052	3.00000000
13.150001	0.03265725	0.15594552	0.93186933	14.29605389	-0.27426344	0.40181664	-0.09068549	0.49487463	-7.51722240	-0.50325590	4.08266544	2.80860519	2.00000000	-0.00367904	0.29812720	0.53008908	12.00570679	-0.09860858	0.16975030	-0.19959161	0.27995649	-12.26086521	9.02095413	7.86188936	-0.88421249	2.00000000	-0.05027714	0.18977079	0.09471249	9.41859913	0.02293916	-0.03789030	-0.14282359	0.14953414	-5.09324837	-0.76253772	7.79278088	-7.20704365	5.00000000	-0.04687238	0.32952729	0.08258611	9.61246395	0.02396430	0.00007624	-0.03171650	0.03975210	-3.41218781	-3.18999195	6.07082224	-6.15960646	3.00000000
13.160000	0.03008785	0.15877953	0.93165398	14.29988575	-0.35202554	0.39371312	-0.03022849	0.52900451	-7.35960579	0.21374622	3.55309558	4.04179096	2.00000000	-0.00594606	0.30194676	0.52993578	12.01015091	-0.22973622	0.27554953	-0.09048978	0.36999279	-9.74853039	7.62412119	6.20405674	1.92714846	2.00000000	-0.05110833	0.18991792	0.09471482	9.41944313	-0.04702216	0.00676240	-0.05842758	0.07530335	-4.00344419	1.17522097	5.88670921	-5.25557041	5.00000000	-0.04705539	0.32987446	0.08253198	9.61285973	-0.02367686	0.01169840	-0.01582106	0.03078558	-2.86016130	-1.16270518	3.46330428	-2.96680403	3.00000000
13.170000	0.02652371	0.16252194	0.93165237	14.30505371	-0.42759326	0.41075781	0.01640866	0.59315026	-6.81472874	1.15539157	2.10877919	5.10176039	2.00000000	-0.01095342	0.30550861	0.53021163	12.01630211	-0.31162411	0.33022389	-0.03832132	0.45565987	-6.05531502	5.69247341	3.36519027	4.53674698	2.00000000	-0.05189958	0.19018424	0.09443694	9.42032337	-0.07966750	0.03134534	-0.02425493	0.08898170	-2.49397445	1.60190499	3.32379150	-2.71324468	5.00000000	-0.04769590	0.33010608	0.08241111	9.61355114	-0.05457773	0.01493841	-0.00915627	0.05732122	-1.88332379	-0.21388754	1.15117085	-0.58077085	3.00000000
13.180000	0.02155987	0.16742681	0.93209946	14.31204605	-0.50060040	0.43988189	0.02753337	0.66697443	-5.75462627	1.34931123	-0.05878924	5.06530428	2.00000000	-0.01472237	0.30832711	0.52976924	12.02102947	-0.33902705	0.34505475	-0.04711747	0.48602694	-2.73773599	4.42332983	0.43685678	4.88328028	2.00000000	-0.05284444	0.19043830	0.09413213	9.42134857	-0.07771291	0.03002249	-0.02458989	0.08686373	-0.77206641	0.79679292	1.17107534	-0.63380605	5.00000000	-0.04866110	0.33007073	0.08232524	9.61452103	-0.06030373	0.00324051	-0.00714951	0.06081246	-0.49821880	-0.23645781	0.28573677	0.04482906	3.00000000
13.190001	0.01545980	0.17257285	0.93288767	14.32006550	-0.55752569	0.46752986	0.00664939	0.72764230	-4.31867886	0.73017871	-2.57632780	4.00064087	2.00000000	-0.01759129	0.31140795	0.52931178	12.02526379	-0.33152449	0.36660084	-0.08041561	0.50077075	-0.54820353	4.28149652	-1.87435222	4.15204859	2.00000000	-0.05369730	0.19087131	0.09387895	9.42233753	-0.06788866	0.02869442	-0.03229864	0.08047013	0.45905349	-0.14417125	-0.03917698	-0.30393121	5.00000000	-0.04948077	0.33000559	0.08222876	9.61534882	-0.05252771	-0.00446513	-0.00568473	0.05302276	0.67322904	-0.45935100	0.16343138	-0.61182380	3.00000000
13.200000	0.00955603	0.17708370	0.93315578	14.32750034	-0.59127474	0.46968061	-0.03631264	0.75599229	-2.68367195	-0.10103161	-4.74792290	2.61247158	2.00000000	-0.02006041	0.31529510	0.52818018	12.03000546	-0.31120676	0.41725585	-0.10541032	0.53109646	0.44746670	5.25696850	-2.95603871	4.51509142	2.00000000	-0.05431017	0.19123402	0.09361496	9.42309666	-0.05919014	0.02566328	-0.03414067	0.07299083	0.76798195	-0.48302120	-0.29251596	-0.65039921	5.00000000	-0.04983195	0.32991338	0.08220402	9.61571312	-0.03639835	-0.00790755	-0.00368667	0.03742941	1.13698411	-0.36004472	0.09912665	-1.05937445	3.00000000
13.210000	0.00338390	0.18158942	0.93260670	14.33516216	-0.60437310	0.44888106	-0.09568532	0.75889176	-1.00781119	-0.65956932	-6.25625467	1.50216067	2.00000000	-0.02289894	0.31934631	0.52671784	12.03516388	-0.30790323	0.48771822	-0.13133337	0.59154201	0.61253703	6.59023857	-3.28847671	5.77644348	2.00000000	-0.05468227	0.19140804	0.09319995	9.42368031	-0.04958457	0.01983841	-0.03570833	0.06424390	0.59836394	-0.45175019	-0.08786620	-0.58925265	5.00000000	-0.04989301	0.32984650	0.08218124	9.61580658	-0.01641686	-0.00783329	-0.00320363	0.01846989	1.01562750	-0.15535536	0.09862456	-0.93173933	3.00000000
13.220000	-0.00216170	0.18609893	0.93098909	14.34249020	-0.60378110	0.42501760	-0.17087609	0.75788540	0.49719164	-0.54497069	-7.37356520	1.16724765	2.00000000	-0.02694601	0.32517982	0.52543718	12.04237843	-0.30692703	0.56310219	-0.16694516	0.66269070	0.75881875	7.58678579	-3.97427583	7.12160301	2.00000000	-0.05510754	0.19153084	0.09277771	9.42429161	-0.04461203	0.01174162	-0.03619237	0.05863434	0.51948172	-0.29340303	0.08039482	-0.55456859	5.00000000	-0.04997118	0.32975161	0.08219538	9.61593056	-0.00489696	-0.00771731	-0.00306256	0.00963931	0.73128396	-0.05660613	0.07656062	-0.66550666	3.00000000
13.230000	-0.00854906	0.19047938	0.92884856	14.35052586	-0.59213215	0.41990528	-0.25023371	0.76782668	1.92090213	0.82829517	-8.25249672	1.92842674	2.00000000	-0.03004467	0.33069438	0.52398109	12.04886913	-0.31179580	0.64397925	-0.20295976	0.74371940	1.48280036	8.39103699	-5.13123798	8.34776688	2.00000000	-0.05555132	0.19161558	0.09239016	9.42488670	-0.04356413	0.00727773	-0.03429409	0.05591854	0.63138932	0.07062512	0.16411060	-0.48684078	5.00000000	-0.04997513	0.32968718	0.08215290	9.61600780	-0.00529302	-0.00847702	-0.00226020	0.01024619	0.46405032	-0.01811152	0.02436082	-0.34817451	3.00000000
13.240000	-0.01463175	0.19436127	0.92632473	14.35817051	-0.56901425	0.43296289	-0.33450276	0.78938341	3.26753497	3.50393271	-8.63717842	3.66630340	2.00000000	-0.03311852	0.33792368	0.52183604	12.05701256	-0.29833961	0.72286946	-0.25721142	0.82322812	2.70330811	9.14337826	-6.12627697	9.39707279	2.00000000	-0.05601309	0.19165094	0.09206962	9.42545033	-0.04168569	0.00899173	-0.03099988	0.05272134	0.81904560	0.58331180	0.30594113	-0.23410444	5.00000000	-0.04992924	0.32961163	0.08207502	9.61612606	-0.00913780	-0.00951936	-0.00089699	0.01322581	0.29778233	0.01128637	-0.02394161	-0.04494781	3.00000000
13.250000	-0.02053801	0.19806470	0.92253727	14.36610413	-0.53154260	0.46935812	-0.42770949	0.82811230	4.46306705	6.59165096	-8.45939732	5.77692890	2.00000000	-0.03527257	0.34517375	0.51890588	12.06512356	-0.26051396	0.81658560	-0.33216673	0.91924661	3.83423114	9.63823318	-6.80053091	10.15889740	2.00000000	-0.05651024	0.19168314	0.09183995	9.42599869	-0.03080172	0.01918500	-0.02832164	0.04603179	1.15592515	0.95210135	0.48372981	0.03208571	5.00000000	-0.05004399	0.32952499	0.08205964	9.61627102	-0.00665132	-0.00944088	-0.00121569	0.01161241	0.27800664	0.08560590	-0.06080067	0.05826053	3.00000000
13.260000	-0.02553761	0.20291206	0.91811353	14.37435436	-0.47345009	0.55161512	-0.52162260	0.89472026	5.55159187	9.21680737	-7.79150009	7.59597254	2.00000000	-0.03859622	0.35387811	0.51542258	12.07507038	-0.20328256	0.92590970	-0.41579154	1.03514016	4.41863155	9.64420223	-7.02818966	10.41746998	2.00000000	-0.05681914	0.19178696	0.09156708	9.42642403	-0.01328265	0.03535822	-0.02441642	0.04497548	1.59006119	0.96632284	0.73626649	0.22410356	5.00000000	-0.05026439	0.32938421	0.08210472	9.61653614	0.00176067	-0.00826493	-0.00321822	0.00904245	0.28188151	0.19589724	-0.08877768	-0.07255050	3.00000000
13.270000	-0.02989970	0.20849238	0.91190994	14.38376999	-0.41024897	0.67948896	-0.59956461	0.99472970	6.54922771	11.20606232	-6.44542360	8.84069824	2.00000000	-0.04070744	0.36314940	0.51070195	12.08568668	-0.14259784	1.03486025	-0.48990843	1.15381110	3.91951156	9.11850643	-6.51416016	10.09673786	2.00000000	-0.05701177	0.19218099	0.09130850	9.42693329	0.00318373	0.05235995	-0.01618080	0.05489552	1.77207994	0.77587825	1.18073070	0.57798874	5.00000000	-0.05043092	0.32927793	0.08215885	9.61674118	0.00875480	-0.00555093	-0.00527203	0.01162986	0.11455918	0.29915571	-0.08752558	-0.09044256	3.00000000
13.280001	-0.03366304	0.21573310	0.90516245	14.39435863	-0.34120104	0.81830591	-0.65890944	1.10462856	7.31032658	12.11018372	-4.57120848	9.27559853	2.00000000	-0.04203971	0.37460434	0.50536811	12.09839249	-0.10182444	1.12826872	-0.55238676	1.26035297	2.19182801	7.92126417	-5.38982248	9.00840187	2.00000000	-0.05662741	0.19297493	0.09105045	9.42785263	0.02530394	0.05673592	-0.00455336	0.06228954	1.76029778	0.46716836	1.76000667	1.16798055	5.00000000	-0.05009859	0.32923543	0.08204373	9.61709499	0.00909554	-0.00157232	-0.00593464	0.01097365	-0.27797621	0.35306808	-0.01985726	0.17582825	3.00000000
13.290000	-0.03674861	0.22495376	0.89808726	14.40638351	-0.26653525	0.94534194	-0.69447756	1.20291793	8.14165020	11.74882221	-2.88828015	9.01597977	2.00000000	-0.04140814	0.38659698	0.49899620	12.11198711	-0.08339521	1.19407225	-0.59916699	1.33856809	0.10142773	6.18715286	-3.97810435	7.22567987	2.00000000	-0.05625748	0.19382745	0.09103312	9.42878246	0.04510411	0.05274675	0.01573643	0.07116345	1.88575482	0.19345190	2.39802909	1.88596213	5.00000000	-0.04964966	0.32926089	0.08186112	9.61758041	0.00216293	0.00304629	-0.00558936	0.00672303	-0.67556536	0.33742273	0.08972412	0.38505161	3.00000000
13.300000	-0.03934594	0.23562501	0.89112860	14.41938496	-0.18215862	1.06026351	-0.70467490	1.28604317	9.28138256	10.82945251	-1.79712963	8.63069820	2.00000000	-0.04153430	0.39974019	0.49294734	12.12645626	-0.10161161	1.24675381	-0.63196641	1.40146410	-1.00364733	4.57535458	-2.59204459	5.32742310	2.00000000	-0.05587982	0.19456938	0.09132583	9.42966461	0.05697080	0.05126546	0.04524613	0.08900018	2.07449031	0.47164163	3.32251763	3.03196669	5.00000000	-0.04954786	0.32934070	0.08176573	9.61774158	-0.00960696	0.00714685	-0.00430730	0.01272494	-0.76155907	0.28289151	0.17010762	0.35694289	3.00000000
13.310000	-0.04074796	0.24703440	0.88401580	14.43290234	-0.09087641	1.15256703	-0.70427454	1.35376215	10.13051796	9.93486309	-1.05895841	8.39929962	2.00000000	-0.04290197	0.41173124	0.48639229	12.14019012	-0.14803390	1.28011453	-0.65015429	1.44336677	-0.89345253	3.89711356	-1.23268461	4.10297489	2.00000000	-0.05495105	0.19445083	0.09176068	9.43069744	0.07653754	0.05122150	0.07953296	0.12168454	2.46234941	1.34390843	4.41216040	4.70792484	4.00000000	-0.04996393	0.32942083	0.08182224	9.61816883	-0.02294782	0.00941058	-0.00151638	0.02484876	-0.43507180	0.22724317	0.18981460	0.22254872	3.00000000
13.320001	-0.04119034	0.25869495	0.87694597	14.44654560	0.02477864	1.24399674	-0.71418631	1.43464422	10.39348030	9.28636551	-0.51254976	8.38698101	2.00000000	-0.04529548	0.42445186	0.48005179	12.15460396	-0.17358154	1.30151105	-0.65319735	1.46653616	0.45906520	3.58184767	-0.20337699	3.29350924	2.00000000	-0.05446016	0.19481352	0.09283306	9.43193150	0.10336429	0.06391008	0.12369894	0.17340733	3.37501121	2.00463295	5.17524862	6.29817295	4.00000000	-0.05059162	0.32953730	0.08189891	9.61881161	-0.02940909	0.00988518	0.00160622	0.03106752	0.11374871	0.14472376	0.19958282	0.11640827	3.00000000
13.330000	-0.04044098	0.27124178	0.86982489	14.46099186	0.14763346	1.33632779	-0.72988963	1.52980602	10.37035275	9.01735687	-0.12434075	8.69707203	2.00000000	-0.04799730	0.43768290	0.47306344	12.16980934	-0.15172864	1.33180285	-0.64928478	1.48939288	3.05075765	2.88950992	0.21769503	2.40922451	2.00000000	-0.05338224	0.19551544	0.09415001	9.43377209	0.13608380	0.10047815	0.18986525	0.25429013	4.17703342	2.19251966	5.76475763	7.38957834	4.00000000	-0.05091422	0.32966352	0.08189444	9.61915779	-0.02271620	0.01116768	0.00338312	0.02553798	0.63295299	0.14681613	0.30039063	0.10843435	3.00000000
13.340000	-0.03872322	0.28465131	0.86288083	14.47618961	0.24909621	1.42442584	-0.73275959	1.62110281	9.78091621	8.53940296	0.56245422	8.54073143	2.00000000	-0.04995468	0.45135891	0.46652257	12.18509483	-0.10267071	1.38595152	-0.63088483	1.52624333	5.38420773	2.61107779	0.42245784	2.05082393	2.00000000	-0.05173052	0.19661537	0.09606075	9.43652725	0.18731259	0.14094499	0.25836483	0.34886083	4.19441128	2.24561286	6.41680479	7.95816803	4.00000000	-0.05102022	0.32974899	0.08186337	9.61929703	-0.00602255	0.01286864	0.00401630	0.01476495	0.94489413	0.40555498	0.51693887	0.29653952	3.00000000
13.350000	-0.03479717	0.30032557	0.85485244	14.49423313	0.33576432	1.51457810	-0.71951544	1.71008396	8.37597561	7.22385406	1.72535419	7.18807936	3.00000000	-0.04965477	0.46525228	0.46023977	12.20034599	-0.01881476	1.40972507	-0.62937981	1.54395521	6.47116089	2.73731041	0.49240935	2.23128891	2.00000000	-0.04994892	0.19850299	0.09897163	9.44042778	0.25029856	0.15695368	0.31739882	0.43361947	3.56379819	2.08752847	6.59350300	7.72651196	4.00000000	-0.05092164	0.32984880	0.08190654	9.61944389	0.00961938	0.01330127	0.00738961	0.01800174	0.94524354	0.82951319	0.77316982	0.78759807	3.00000000
13.360001	-0.03081800	0.31591332	0.84748644	14.51192665	0.41908169	1.59651601	-0.69762516	1.79197478	7.27378893	5.54504490	2.59859014	5.52983952	3.00000000	-0.04946449	0.47966501	0.45434451	12.21591854	0.07108083	1.41142845	-0.63514805	1.54938567	7.07351780	2.08634138	0.06493181	2.06409979	2.00000000	-0.04700978	0.20061502	0.10315584	9.44596004	0.28950447	0.16190471	0.38343227	0.50699735	2.30473447	1.85235369	6.21321201	6.74471378	4.00000000	-0.05071317	0.33003566	0.08200917	9.61974239	0.01790076	0.02167374	0.01853419	0.03367053	0.73688489	1.30776250	1.03815484	1.56531537	3.00000000
13.370000	-0.02644456	0.33225638	0.84044498	14.53025150	0.48210269	1.64234185	-0.65863776	1.83398843	7.19105625	3.91347885	2.74201274	4.35924911	3.00000000	-0.04849267	0.49473011	0.44880879	12.23199749	0.12862083	1.43592405	-0.62894619	1.57289362	7.32840776	1.48668778	-0.16178736	1.96285141	2.00000000	-0.04353242	0.20242360	0.10717303	9.45157242	0.29899871	0.17479980	0.45457926	0.57148713	0.34524587	2.36201429	6.20828295	6.09444237	4.00000000	-0.05045237	0.33020914	0.08216047	9.62009048	0.01952915	0.04089624	0.03399855	0.05665502	0.52428579	2.04425120	1.37595320	2.50226068	3.00000000
13.380000	-0.02171726	0.34896839	0.83454287	14.54859447	0.53213590	1.65443408	-0.61713505	1.84422791	7.61819220	2.55714750	2.35699701	3.76217246	3.00000000	-0.04659244	0.50808471	0.44126794	12.24745178	0.18416947	1.46226954	-0.63054460	1.60303998	6.95755816	2.56850314	0.30699322	3.08191180	3.00000000	-0.03961765	0.20343523	0.11163118	9.45759106	0.28631896	0.19843292	0.51108646	0.61851722	-1.79361284	4.04522371	6.73625851	6.50795650	4.00000000	-0.05019691	0.33044124	0.08248330	9.62056351	0.01962871	0.06459976	0.04862317	0.08320233	0.37195042	3.01524711	1.70352972	3.43240881	3.00000000
13.390000	-0.01582545	0.36604086	0.82863808	14.56759548	0.60633826	1.66132867	-0.59650093	1.86640632	8.30845928	2.07537007	1.21108139	4.25177717	3.00000000	-0.04464974	0.52235150	0.43492866	12.26318359	0.26222140	1.46640754	-0.64039499	1.62148607	6.63303041	4.01521015	0.22257118	4.62999249	3.00000000	-0.03700451	0.20498778	0.11697424	9.46373844	0.25715265	0.23965599	0.56307495	0.66378903	-3.42160463	6.13196564	6.88766909	7.32355690	4.00000000	-0.05004673	0.33130050	0.08319584	9.62168980	0.02496475	0.09399951	0.06349043	0.11614724	0.27242297	3.75262475	1.82716262	4.10337114	3.00000000
13.400001	-0.00964155	0.38266709	0.82325625	14.58613300	0.70637816	1.67426610	-0.59112704	1.91090763	9.22412872	2.82911944	-1.00576770	6.18154669	3.00000000	-0.04213756	0.53787893	0.42884693	12.28004742	0.34040341	1.49996877	-0.62797964	1.66136670	6.35983372	4.42357063	-0.85103112	5.48034477	3.00000000	-0.03514522	0.20779534	0.12333465	9.47093487	0.21234906	0.31131133	0.64011264	0.74279946	-4.42145920	7.65199423	6.37233162	7.77733564	4.00000000	-0.04996563	0.33247709	0.08397368	9.62310219	0.03187560	0.13957322	0.08510357	0.16655137	0.23039751	4.03599453	1.69067192	4.31446266	3.00000000
13.410000	-0.00242971	0.39889938	0.81707799	14.60493946	0.81493634	1.70645404	-0.60305840	1.98488939	9.52874374	4.33299208	-3.85392451	8.69565487	3.00000000	-0.03828677	0.55304384	0.42260137	12.29689407	0.40690926	1.58384430	-0.61358660	1.74660432	4.92680216	5.06700039	-2.48067212	6.47393847	3.00000000	-0.03346568	0.21146901	0.12986296	9.47861195	0.15535590	0.41822192	0.72920895	0.85486299	-5.00048780	8.33534813	5.43206739	7.72845984	4.00000000	-0.04964140	0.33397862	0.08481831	9.62485504	0.03368904	0.19351044	0.10803888	0.22417323	0.11833601	3.94910502	1.25094056	4.05550909	3.00000000
13.420000	0.00618342	0.41550073	0.81093639	14.62462521	0.91922450	1.75853193	-0.64840710	2.08754396	8.37743092	5.62032318	-7.02909470	10.58963108	3.00000000	-0.03343483	0.56841505	0.41677767	12.31403255	0.45451957	1.65298033	-0.64290112	1.83091617	2.16823196	6.10797405	-5.00497866	7.92009306	3.00000000	-0.03161506	0.21601599	0.13709874	9.48735619	0.10063992	0.52367932	0.78754640	0.95110345	-5.28265429	8.04262829	3.58959723	6.61133242	4.00000000	-0.04900846	0.33589667	0.08578790	9.62709522	0.03168304	0.23737772	0.12293712	0.26919422	-0.11363386	3.23789310	0.44013521	3.08489561	3.00000000
13.430000	0.01643808	0.43344414	0.80462056	14.64623547	1.00728309	1.83241653	-0.73858994	2.21763039	5.84760427	5.76162434	-10.44725418	11.14738369	3.00000000	-0.02779371	0.58505958	0.41047999	12.33270168	0.47722387	1.68920648	-0.71224445	1.89432132	-0.50144023	5.16648293	-8.49344444	8.12535858	3.00000000	-0.03048269	0.22147407	0.14585264	9.49773407	0.04968053	0.60127240	0.80697733	1.00757587	-5.15356445	6.56957388	0.53725588	3.95553398	4.00000000	-0.04852185	0.33882654	0.08737780	9.63046360	0.02951370	0.26498014	0.12371453	0.29392314	-0.37403202	1.81007910	-0.61033922	1.40388310	3.00000000
13.440001	0.02744260	0.45253611	0.79770827	14.66933060	1.06189001	1.91312480	-0.86617762	2.35327864	2.51343942	4.39151907	-13.33101654	10.11414051	3.00000000	-0.02307349	0.60360909	0.40372661	12.35299873	0.44316432	1.74779737	-0.82092279	1.98118758	-2.39122510	2.11837578	-11.72956562	6.82250643	3.00000000	-0.03059193	0.22876549	0.15523015	9.50961304	-0.00080311	0.65417421	0.79590440	1.03024673	-4.53023148	4.28876257	-2.69588971	0.59575534	4.00000000	-0.04841089	0.34212312	0.08897816	9.63412952	0.02521016	0.27859882	0.10779183	0.29978648	-0.67500037	0.37989703	-1.53552306	-0.18659979	3.00000000
13.450000	0.03873235	0.47234723	0.78863907	14.69387054	1.06689966	1.96672750	-1.02692437	2.46188259	-1.10373640	1.58851635	-14.59705353	7.37225199	3.00000000	-0.01871601	0.62151450	0.39509985	12.37334633	0.37640435	1.80099595	-0.96121478	2.07586145	-3.87852073	-0.89765686	-13.42825794	5.29339409	3.00000000	-0.03144338	0.23598550	0.16322553	9.52041912	-0.05115916	0.68272674	0.74894726	1.01471925	-3.51641226	2.04509044	-5.06741381	-2.27610898	4.00000000	-0.04844648	0.34513977	0.09026047	9.63740730	0.01963293	0.26848713	0.08134972	0.28122690	-0.95010102	-0.63968670	-2.05056906	-1.22691476	3.00000000
13.460000	0.04937388	0.49253193	0.77721584	14.71938801	1.02584004	1.96607757	-1.20246506	2.52264357	-4.42248440	-2.63399959	-13.91490269	2.97967792	3.00000000	-0.01481261	0.63853347	0.38448530	12.39378071	0.33152315	1.76904392	-1.12523925	2.12263703	-4.54791212	-4.32024002	-13.17117691	2.88274169	3.00000000	-0.03218347	0.24299775	0.17014085	9.53029537	-0.08866144	0.69134259	0.67120749	0.96764398	-2.25755119	0.26355731	-6.50038576	-4.30234718	4.00000000	-0.04824139	0.34756362	0.09064511	9.63986969	0.00800360	0.24498700	0.05269926	0.25071877	-1.09311974	-1.45782292	-2.00343823	-1.91806793	3.00000000
13.470000	0.05978801	0.51274580	0.76366305	14.74585915	0.95508975	1.91435707	-1.35680234	2.53335190	-6.77086830	-7.70150900	-11.48138714	-2.33652592	3.00000000	-0.01307534	0.65751243	0.37228370	12.41641045	0.29874480	1.67529178	-1.28052127	2.12969160	-4.32289600	-8.97217846	-11.03256130	-1.22767091	4.00000000	-0.03294763	0.24950689	0.17583783	9.53897953	-0.10194436	0.67916846	0.58819377	0.90423137	-0.66899770	-1.11967862	-7.32158041	-5.69566870	4.00000000	-0.04791857	0.34981817	0.09057209	9.64214802	-0.00963981	0.22946422	0.03118503	0.23177415	-1.18439209	-1.81537402	-1.49116671	-2.05977368	3.00000000
13.480000	0.06878749	0.53203356	0.74899405	14.77170849	0.86608040	1.81318367	-1.45879734	2.48310685	-7.94725227	-12.27625656	-7.57768011	-7.51599026	3.00000000	-0.01027835	0.67485249	0.35851115	12.43873024	0.25783339	1.56973195	-1.38618016	2.10998392	-4.74390316	-12.49552536	-7.14489079	-5.55613518	3.00000000	-0.03405539	0.25591630	0.18153797	9.54762840	-0.09488364	0.65686822	0.51419818	0.83957040	1.14739537	-2.11780667	-7.52649784	-6.40768957	4.00000000	-0.04773783	0.35155126	0.09069294	9.64389515	-0.02230139	0.21306922	0.01914060	0.21508650	-1.09526455	-1.49508166	-0.85878968	-1.55648255	2.00000000
13.490001	0.07717713	0.54970711	0.73342758	14.79671001	0.77586108	1.65653419	-1.50876343	2.37116694	-8.38224983	-15.40705776	-2.97130346	-11.88378525	3.00000000	-0.00726632	0.68975353	0.34333283	12.46021271	0.21950661	1.42104816	-1.43320560	2.03018212	-6.08865356	-13.56872559	-2.18487263	-8.95464897	3.00000000	-0.03551542	0.26313314	0.18655504	9.55653858	-0.07697781	0.63159502	0.44943240	0.77899122	2.54520869	-2.47294354	-6.95367050	-6.12693882	4.00000000	-0.04847339	0.35397077	0.09103689	9.64644718	-0.03100931	0.19216263	0.01919071	0.19559228	-0.56109178	-1.35545516	-0.41057023	-1.35136497	2.00000000
13.500000	0.08421121	0.56577867	0.71804285	14.82004356	0.69390291	1.46053326	-1.50914085	2.21182394	-8.46892738	-17.02907753	1.21256208	-15.04669857	3.00000000	-0.00473165	0.70255280	0.32819995	12.48019409	0.15958804	1.24726343	-1.42441738	1.90002608	-7.38276005	-13.51740551	2.46318460	-11.56532097	3.00000000	-0.03638716	0.26935887	0.19083349	9.56414318	-0.03921635	0.60021847	0.37377328	0.70817131	3.11885262	-2.31716371	-6.08068275	-5.27935028	4.00000000	-0.04928793	0.35623193	0.09147391	9.64888954	-0.03941425	0.18266489	0.02293934	0.18827149	0.00848284	-1.19508719	-0.10702533	-1.19506645	2.00000000
13.510000	0.09046420	0.57954627	0.70278490	14.84152508	0.61638469	1.26672530	-1.46704066	2.03389549	-8.52409267	-17.06226730	4.41904926	-16.70921516	3.00000000	-0.00303410	0.71384370	0.31371051	12.49864197	0.06133347	1.10845411	-1.36016428	1.75569904	-8.41501617	-12.74465370	5.93399572	-13.03120136	3.00000000	-0.03651519	0.27524227	0.19406894	9.57085896	0.00767832	0.57194179	0.30541357	0.64842409	3.05040359	-2.14166594	-5.33113766	-4.53800154	4.00000000	-0.04956910	0.35773966	0.09152393	9.65042400	-0.03641263	0.18031423	0.02289278	0.18537308	0.32312799	-0.49625483	0.07256622	-0.51132202	2.00000000
13.520000	0.09638948	0.59078395	0.68803078	14.86099529	0.53230679	1.09787822	-1.39515197	1.85341203	-8.81179047	-15.50226879	6.59166336	-16.86630440	3.00000000	-0.00324238	0.72397178	0.30066204	12.51516151	-0.04029688	0.99910343	-1.26819384	1.61497593	-8.79587650	-11.10185432	8.01783943	-13.02022839	3.00000000	-0.03602250	0.28034392	0.19674681	9.57664204	0.04377129	0.55906922	0.26378855	0.61972469	2.37577438	-1.85727322	-4.25571251	-3.61301732	4.00000000	-0.04965939	0.35900694	0.09167491	9.65170383	-0.02050549	0.15948415	0.01754196	0.16175100	0.77996248	-0.43472958	-0.06111188	-0.53657103	2.00000000
13.530001	0.10163420	0.60004628	0.67440504	14.87828541	0.44275960	0.95279312	-1.31427443	1.68260753	-9.14264202	-13.24093151	7.61460447	-15.90406799	3.00000000	-0.00468635	0.73357266	0.28855866	12.53067780	-0.13677767	0.90725517	-1.17023385	1.48703301	-7.85669613	-9.59530258	8.62662697	-12.12797642	3.00000000	-0.03477099	0.28515545	0.19813062	9.58180237	0.06043631	0.54664189	0.23018071	0.59619886	1.07166755	-1.62670553	-2.93032169	-2.71120000	3.00000000	-0.04977044	0.36071509	0.09183682	9.65342331	-0.01357235	0.16959459	0.01974627	0.17127886	0.83346909	0.26766583	0.04679188	0.17969906	2.00000000
13.540000	0.10588222	0.60872829	0.66179401	14.89417458	0.34394717	0.83524781	-1.22851324	1.52485526	-9.07184315	-11.49425888	7.58575392	-14.43361950	3.00000000	-0.00682295	0.74233973	0.27773905	12.54476643	-0.21621662	0.82142699	-1.07827485	1.37265027	-6.07308483	-8.66172695	8.14098644	-10.92673397	3.00000000	-0.03418728	0.29129043	0.20087412	9.58854771	0.06262005	0.52901357	0.20467786	0.57067472	-0.42147475	-1.93040085	-2.30047464	-2.69053769	3.00000000	-0.04991107	0.36266381	0.09212092	9.65539742	-0.00663921	0.17970502	0.02195059	0.18116237	0.88697571	0.97006124	0.15469564	0.89596915	2.00000000
13.550000	0.10864164	0.61694294	0.65034294	14.90853500	0.24449757	0.74263710	-1.14880943	1.38962305	-8.47897625	-10.43778610	7.03273582	-12.85959530	3.00000000	-0.00911716	0.75016725	0.26709712	12.55817509	-0.26470044	0.73555857	-1.00100195	1.27008569	-4.15163326	-7.98062801	7.27990961	-9.76323128	3.00000000	-0.03363157	0.29713187	0.20305829	9.59480858	0.04925045	0.51566410	0.19545691	0.55365914	-1.65117466	-2.43353844	-2.17513084	-3.08115959	3.00000000													1.00000000
13.560000	0.11018211	0.62410223	0.63912952	14.92192745	0.15754463	0.65420318	-1.08248830	1.27459133	-7.48384666	-9.70500851	6.41537142	-11.35707378	3.00000000	-0.01204303	0.75706899	0.25770247	12.57019424	-0.28661150	0.65275776	-0.93839204	1.17848146	-2.18333864	-7.49943924	6.42330170	-8.90741539	3.00000000	-0.03347619	0.30207387	0.20501092	9.60012436	0.02334642	0.48658052	0.18136227	0.51980567	-2.25328970	-2.73780465	-2.04246473	-3.27006459	3.00000000													1.00000000
13.570001	0.11106701	0.63012916	0.62874222	14.93396950	0.09208799	0.55079556	-1.02998161	1.17163050	-6.11010647	-9.36562824	5.82925940	-10.06727886	3.00000000	-0.01538023	0.76291144	0.24861963	12.58149815	-0.29619065	0.58409572	-0.88278961	1.09918797	-0.45214406	-7.04029369	5.79891253	-8.36995602	3.00000000	-0.03305026	0.30643350	0.20648722	9.60474682	-0.00988285	0.44826293	0.15016210	0.47284880	-2.02908039	-3.03668642	-2.14085793	-3.55650496	3.00000000													1.00000000
13.580000	0.11160339	0.63504273	0.61860859	14.94524384	0.04185786	0.45001158	-0.97799945	1.07737899	-4.57912779	-9.31444359	5.48912525	-9.16238976	3.00000000	-0.01859828	0.76825488	0.24027486	12.59191608	-0.29550955	0.52106625	-0.82800770	1.02197492	0.76288676	-6.48117447	5.55710983	-8.07650471	3.00000000	-0.03301995	0.31042138	0.20787506	9.60896969	-0.04104776	0.41626418	0.12503763	0.43657210	-1.12733173	-3.20288420	-2.33200216	-3.75690031	3.00000000													1.00000000
13.590000	0.11199278	0.63897890	0.60914022	14.95550537	0.00232874	0.36139190	-0.92258501	0.99084443	-3.29907346	-8.84966755	5.61645651	-8.59190369	3.00000000	-0.02134223	0.77313018	0.23206443	12.60185146	-0.27967206	0.45712391	-0.77457857	0.94188678	1.61734176	-6.05177450	5.64738083	-8.08807278	3.00000000	-0.03371348	0.31454903	0.20905121	9.61331749	-0.04831068	0.38621128	0.10242052	0.40247115	0.07771153	-3.15246773	-2.11362314	-3.60751033	3.00000000													1.00000000
13.600000	0.11199517	0.64180362	0.59997195	14.96509933	-0.02261661	0.27626204	-0.86778152	0.91097587	-2.30367017	-7.85440588	6.07282925	-8.25879955	3.00000000	-0.02403092	0.77788192	0.22446546	12.61120796	-0.25411430	0.39678463	-0.71893036	0.85957724	2.36734128	-5.82873201	5.86492872	-8.31271267	3.00000000	-0.03503768	0.31876615	0.20995203	9.61782837	-0.03202530	0.35689521	0.08275844	0.36776182	1.20611906	-3.17440152	-1.64405274	-3.46977687	3.00000000													1.00000000
13.610001	0.11120856	0.64440805	0.59174120	14.97376823	-0.03661780	0.19474328	-0.80762851	0.83158261	-1.31711841	-6.99506378	6.51183081	-8.08101845	3.00000000	-0.02644794	0.78146809	0.21751712	12.61939240	-0.22667728	0.34158179	-0.65959269	0.77661008	2.93173695	-5.48842716	6.04046679	-8.40828800	3.00000000	-0.03582370	0.32210031	0.21066530	9.62132740	-0.00316659	0.32797280	0.06632966	0.33462787	1.74817801	-3.15280032	-1.28950369	-3.36506152	3.00000000													1.00000000
13.620000	0.11050185	0.64603782	0.58388025	14.98182774	-0.04775301	0.13247231	-0.73817021	0.75148153	-0.46367833	-6.37930536	6.89215851	-7.96646833	3.00000000	-0.02878588	0.78428000	0.21138030	12.62653637	-0.19682507	0.28745332	-0.59465402	0.68919003	3.16328835	-5.01550770	6.17108965	-8.31912899	3.00000000	-0.03517073	0.32504109	0.21112482	9.62437439	0.02292568	0.29115874	0.05750320	0.29766694	1.44366765	-3.03959632	-1.05547547	-3.20306516	3.00000000													1.00000000
13.630000	0.11008172	0.64684904	0.57677782	14.98898888	-0.04960789	0.08170555	-0.66220063	0.66906381	-0.02163333	-5.66205549	7.29392385	-7.87561226	3.00000000	-0.03055527	0.78663957	0.20568119	12.63295364	-0.16140215	0.23617743	-0.52996337	0.60223883	3.13739800	-4.65499115	6.34984732	-8.26419735	3.00000000	-0.03390343	0.32749799	0.21157369	9.62717533	0.03766967	0.25653020	0.05206900	0.26445779	0.70086581	-3.10396075	-0.96069682	-3.22252059	3.00000000													1.00000000
13.640000	0.10992844	0.64692062	0.57034731	14.99542141	-0.04045386	0.02708981	-0.58787262	0.58988523	0.12528194	-4.99986219	7.67482853	-7.80487394	3.00000000	-0.03200722	0.78893363	0.20077656	12.63855934	-0.12569931	0.19482274	-0.46907699	0.52324891	2.96442842	-4.40315676	6.64223433	-8.33260441	3.00000000	-0.03317865	0.33017421	0.21209468	9.62999630	0.03521265	0.23159285	0.04449189	0.23844224	0.08529093	-3.29741621	-1.03037453	-3.40096784	3.00000000													1.00000000
13.650001	0.10942899	0.64728421	0.56504595	15.00075817	-0.03224301	-0.02663334	-0.51311451	0.51481593	0.21301669	-4.70104027	8.06032658	-7.69628191	3.00000000	-0.03297285	0.79088032	0.19628923	12.64354515	-0.09596010	0.15615423	-0.40652415	0.44593090	2.57428479	-4.08921719	7.19861317	-8.59752369	3.00000000	-0.03345792	0.33228740	0.21271135	9.63221550	0.02194472	0.20521183	0.03283881	0.20897812	-0.15173371	-3.44698644	-1.21050429	-3.53373933	3.00000000													1.00000000
13.660000	0.10896854	0.64707506	0.56044078	15.00539112	-0.03380788	-0.06974936	-0.43306300	0.43994489	0.13122462	-4.40468454	8.74514294	-7.57584620	3.00000000	-0.03364442	0.79222441	0.19265391	12.64747906	-0.07386977	0.11525451	-0.33493972	0.36183554	2.02950335	-3.76651168	8.22263336	-9.48234940	3.00000000	-0.03389351	0.33435410	0.21308504	9.63436031	0.01436888	0.16735271	0.01764583	0.16889277	-0.08056095	-3.76828241	-1.29600132	-3.72458768	3.00000000													1.00000000
13.670000	0.10868763	0.64610618	0.55640852	15.00954723	-0.03970563	-0.10770857	-0.34460822	0.36322513	-0.22038560	-3.70857787	9.98108959	-7.09675741	3.00000000	-0.03424834	0.79305422	0.18936923	12.65091991	-0.05650492	0.07404486	-0.25065181	0.26739815	1.65925920	-3.60936785	9.54961395	-8.59422684	3.00000000	-0.03373772	0.33592373	0.21309324	9.63593769	0.01942127	0.12203007	0.00162584	0.12357657	0.10338999	-4.31972790	-1.16421497	-3.70973492	3.00000000													1.00000000
13.680000	0.10854059	0.64426333	0.55302411	15.01340389	-0.03914969	-0.14819601	-0.24487326	0.28889042	-0.57781559	-2.94831538	11.61066341	-4.95204878	3.00000000	-0.03480633	0.79346007	0.18718372	12.65321159	-0.04631924	0.04055202	-0.14712252	0.15948346	1.63255477	-3.58200049	10.85071945	-4.70569849	3.00000000	-0.03306832	0.33697596	0.21283597	9.63721085	0.03074240	0.07842183	-0.01171492	0.08504304	0.08446258	-4.81046200	-0.87921363	-2.65230966	3.00000000													1.00000000
13.690001	0.10802671	0.64261383	0.55093586	15.01611423	-0.04153481	-0.17837037	-0.12240807	0.22028360	-0.70822054	-2.53502083	13.37175655	-0.89103401	3.00000000	-0.03522924	0.79364514	0.18599477	12.65448666	-0.03525574	0.01144359	-0.02499695	0.04470761	1.87581682	-3.62653422	12.01856327	0.04495705	3.00000000	-0.03239866	0.33731797	0.21258569	9.63800335	0.03569560	0.02974595	-0.01815085	0.04988438	-0.36996591	-5.17776012	-0.61890489	-0.61939436	3.00000000													1.00000000
13.700000	0.10742752	0.64081860	0.55020005	15.01814461	-0.05338459	-0.19117394	0.02578149	0.20015512	-0.83266485	-2.30511689	15.11654949	3.98921227	3.00000000	-0.03549995	0.79367787	0.18630913	12.65490246	-0.01529666	-0.02356221	0.10433929	0.10805487	2.36808252	-4.05031347	12.92031288	5.14132738	3.00000000	-0.03220658	0.33734468	0.21242788	9.63825321	0.02867545	-0.02437706	-0.01866966	0.04201284	-1.10404921	-5.69227123	-0.51859397	1.71236038	3.00000000													1.00000000
13.710000	0.10701057	0.63887954	0.55115938	15.02034760	-0.06759241	-0.20470668	0.19147941	0.28833649	-1.06312990	-2.32191849	16.61217880	9.15433598	3.00000000	-0.03573434	0.79354000	0.18820892	12.65682125	0.01324086	-0.06516824	0.23705573	0.24620651	3.02479434	-5.11451483	13.41205883	10.95426083	3.00000000	-0.03216210	0.33706456	0.21229976	9.63856411	0.00975784	-0.08275260	-0.01909969	0.08548688	-1.65679419	-6.43275976	-0.62630522	4.20173883	3.00000000													1.00000000
13.720000	0.10636355	0.63670176	0.55385220	15.02387047	-0.07641806	-0.22974510	0.36759773	0.44017112	-1.06297243	-3.08395696	17.59584427	14.06757545	3.00000000	-0.03555386	0.79280227	0.19144908	12.66014957	0.04793707	-0.11435001	0.37484899	0.39482358	3.57213473	-6.49479151	13.70850754	15.09466267	3.00000000	-0.03208391	0.33610067	0.21215017	9.63954258	-0.01690139	-0.14770478	-0.02598117	0.15092176	-1.67280936	-7.18890190	-0.96244323	6.52284861	3.00000000													1.00000000
13.730000	0.10548842	0.63455063	0.55845064	15.02902222	-0.08655457	-0.26159981	0.55041510	0.61553466	-0.67622340	-4.55481482	18.07193184	17.39402390	3.00000000	-0.03489383	0.79124439	0.19560620	12.66463757	0.08839548	-0.18553436	0.51335007	0.55296028	3.82817602	-7.95817041	14.10689163	16.56282043	3.00000000	-0.03204057	0.33428293	0.21191238	9.64137650	-0.04054463	-0.22421403	-0.03933124	0.23122013	-1.12126875	-7.90133810	-1.48568022	8.01808643	3.00000000													1.00000000
13.740001	0.10438129	0.63169491	0.56483799	15.03610611	-0.09697229	-0.30842423	0.73558038	0.80349714	-0.15046006	-6.18378258	18.16868591	18.85793495	3.00000000	-0.03371245	0.78919333	0.20135249	12.67085266	0.13088095	-0.27931431	0.65263247	0.72185552	3.79526353	-9.66165257	14.45526886	17.54525566	3.00000000	-0.03256444	0.33162135	0.21150602	9.64411926	-0.05053167	-0.31138110	-0.05681229	0.32052967	-0.17492111	-8.47367477	-2.09879804	8.74149036	3.00000000													1.00000000
13.750000	0.10342403	0.62862629	0.57316893	15.04503536	-0.09869038	-0.38018972	0.91920590	0.99961168	0.27918071	-7.77740097	17.83430481	19.35087776	3.00000000	-0.03213383	0.78635699	0.20845746	12.67866421	0.17134464	-0.38436800	0.79831702	0.90244550	3.49153852	-11.26548958	14.53411007	18.35837746	3.00000000	-0.03368126	0.32809159	0.21080756	9.64788723	-0.04352551	-0.40132651	-0.07922376	0.41138041	0.72811580	-8.65622616	-2.65950298	8.98771381	3.00000000													1.00000000
13.760000	0.10237086	0.62465930	0.58327246	15.05594063	-0.08760709	-0.47441670	1.09857321	1.19983721	0.66807324	-9.16620350	16.96477890	19.15862846	3.00000000	-0.03022877	0.78195602	0.21742010	12.68882942	0.20469111	-0.50315261	0.95273089	1.09670281	2.93463922	-12.07569981	14.37380600	18.61219597	3.00000000	-0.03453216	0.32373333	0.20991200	9.65241718	-0.02426716	-0.49331138	-0.10852602	0.50569052	0.93832630	-8.34093571	-3.12448072	8.76562500	3.00000000													1.00000000
13.770000	0.10143939	0.61969239	0.59527373	15.06896210	-0.07249011	-0.57788241	1.27007759	1.39724731	0.91032147	-9.85656261	15.63272190	18.25202560	3.00000000	-0.02800600	0.77624130	0.22759791	12.70071125	0.23153524	-0.64022142	1.10065472	1.29419196	2.23963714	-12.22472382	13.81230068	18.18834305	3.00000000	-0.03450456	0.31823626	0.20877172	9.65803146	-0.00149468	-0.57833290	-0.14577457	0.59642386	0.19415265	-7.62721872	-3.51389194	8.23497391	3.00000000													1.00000000
13.780001	0.10072830	0.61319077	0.60887545	15.08405495	-0.06357959	-0.68724650	1.42279458	1.58135843	0.59706789	-9.78661633	13.88263416	16.70086670	3.00000000	-0.02541447	0.76913857	0.23939878	12.71472645	0.24993530	-0.77472723	1.23657620	1.48046970	1.51479864	-12.20877266	12.46357536	17.03009796	3.00000000	-0.03378183	0.31199545	0.20725709	9.66449356	0.00628103	-0.65136874	-0.18403654	0.67689747	-1.06140482	-6.53911352	-3.77977371	7.40804815	3.00000000													1.00000000
13.790000	0.10044484	0.60544378	0.62412536	15.10116196	-0.05614528	-0.78876311	1.55191958	1.74176741	-0.27768990	-9.53868771	11.59967709	14.66085815	3.00000000	-0.02283433	0.76073110	0.25274181	12.73070717	0.26047421	-0.88748628	1.35971391	1.64447582	0.71806210	-11.85376740	10.42469311	15.15943909	3.00000000	-0.03321230	0.30468604	0.20519181	9.67211056	-0.01774955	-0.71156496	-0.22317505	0.74595368	-2.11274385	-5.02339935	-3.87593627	6.13613129	3.00000000													1.00000000
13.800000	0.10003614	0.59700876	0.64058852	15.11966515	-0.05684830	-0.87422872	1.65889013	1.87601280	-1.24125993	-9.37073994	8.88398838	12.33284569	3.00000000	-0.01999405	0.75083369	0.26694334	12.74824905	0.26489431	-0.99463010	1.46038043	1.78666425	-0.21455002	-11.00448227	8.07032967	12.78294373	3.00000000	-0.03342431	0.29738390	0.20251517	9.67989063	-0.06467365	-0.75750524	-0.26221833	0.80421102	-2.37241936	-3.24283385	-3.89953232	4.53641796	3.00000000													1.00000000
13.810000	0.09935474	0.58766782	0.65775222	15.13921833	-0.07809121	-0.95547682	1.73872399	1.98549628	-2.22672415	-9.18947697	5.99096680	9.92150784	3.00000000	-0.01750398	0.74029517	0.28236103	12.76708984	0.26136917	-1.10816300	1.52614188	1.90406096	-1.22179806	-10.20745468	5.39681768	10.20366764	3.00000000	-0.03463063	0.28951916	0.19978614	9.68830204	-0.10614649	-0.78436553	-0.30098706	0.84681141	-1.60157514	-1.38248503	-3.96765757	2.87865782	3.00000000	-0.05093516	0.36057711	0.08960567	9.65882206	-0.06361216	-0.22477037	0.05155901	0.23922072	4.27968073	-0.51428938	-1.54656017	-0.28560126	2.00000000
13.820001	0.09869592	0.57802951	0.67560440	15.15951729	-0.11205207	-1.05126798	1.78299785	2.07287288	-3.47225571	-9.17246628	2.90058255	7.54580355	3.00000000	-0.01479337	0.72925317	0.29825079	12.78662872	0.24465603	-1.21369410	1.56375706	1.99455404	-2.29090834	-9.48425770	2.48277187	7.52740097	3.00000000	-0.03651584	0.28153893	0.19657983	9.69710636	-0.11862609	-0.78531080	-0.33973789	0.86383277	-0.07592104	0.38064319	-4.03488588	1.36793745	3.00000000	-0.05160916	0.35834792	0.09012707	9.66120815	-0.02228450	-0.22882968	0.03537647	0.23261796	3.21979308	-0.25058463	-1.44516861	-0.21435171	2.00000000
13.830000	0.09748614	0.56748819	0.69397557	15.18073273	-0.14913051	-1.15111363	1.79480004	2.13743067	-4.74541140	-9.25836468	-0.36542016	5.25136185	3.00000000	-0.01227694	0.71661198	0.31424108	12.80716705	0.21414064	-1.30158365	1.57529008	2.05463266	-3.01917648	-8.58014393	-0.54020780	4.81115866	3.00000000	-0.03815726	0.27326149	0.19323024	9.70618534	-0.09799971	-0.76737154	-0.38045108	0.86209399	1.39890218	1.77170622	-4.12356806	0.25898615	3.00000000	-0.05198282	0.35599789	0.09049219	9.66361523	0.01904316	-0.23288900	0.01919394	0.23445326	2.15990543	0.01312010	-1.34377706	-0.14310218	2.00000000
13.840000	0.09567042	0.55541599	0.71232814	15.20277500	-0.19669525	-1.24602711	1.77586019	2.17829108	-5.80357647	-8.94723034	-3.35605621	3.16864228	3.00000000	-0.01004450	0.70256680	0.33003816	12.82842255	0.17381048	-1.38209105	1.55681610	2.08903384	-3.21804762	-7.97155094	-3.51202774	2.55517650	3.00000000	-0.03901665	0.26538628	0.18911694	9.71511173	-0.06230374	-0.73567700	-0.42363939	0.85121840	2.04781389	2.32097292	-4.34762430	0.03795872	3.00000000	-0.05164905	0.35383871	0.09084020	9.66582775	0.02710136	-0.23491208	0.01026578	0.23669297	1.61934948	0.13611527	-1.53939402	-0.22320634	2.00000000
13.850000	0.09351813	0.54184467	0.73014343	15.22527409	-0.26395786	-1.33507693	1.72301328	2.19565010	-6.84898376	-8.21928692	-5.56439543	1.66639674	3.00000000	-0.00853664	0.68788362	0.34557569	12.84985352	0.12764391	-1.44691110	1.50990379	2.09515023	-3.29184055	-8.17825890	-5.93545723	1.45886540	3.00000000	-0.03898348	0.25846604	0.18458702	9.72338295	-0.02844184	-0.70184153	-0.46581352	0.84283608	1.80589890	1.98100257	-4.87328529	0.88001633	3.00000000	-0.05072805	0.35124096	0.09050088	9.66860485	0.04367068	-0.22750919	-0.00311701	0.23168357	0.30742708	0.11034682	-1.62480092	-0.00520224	2.00000000
13.860001	0.09078110	0.52778620	0.74715739	15.24751377	-0.34280369	-1.41491210	1.64281523	2.19507003	-7.86601162	-7.68956900	-6.71955299	1.22558069	3.00000000	-0.00770447	0.67323631	0.36076561	12.87097168	0.10430966	-1.51894438	1.42414391	2.08476830	-3.24315095	-9.19025326	-7.44638395	1.77986419	3.00000000	-0.03862413	0.25191566	0.17963454	9.73160267	-0.01456970	-0.67588598	-0.51205766	0.84807849	1.23848248	1.25434792	-5.58183479	2.24874902	3.00000000	-0.05008474	0.34886456	0.09041760	9.67106819	0.04253356	-0.22076218	-0.02284907	0.22598036	-0.36612657	-0.08524072	-1.90875149	0.32683387	2.00000000
13.870000	0.08730724	0.51340872	0.76324344	15.26936626	-0.42700896	-1.48096776	1.55581677	2.19001555	-8.33558464	-7.57251263	-6.66728592	1.90588629	3.00000000	-0.00726908	0.65830433	0.37503901	12.89163303	0.08265626	-1.61243868	1.32345152	2.08765769	-3.10333967	-10.66464424	-7.88416910	3.27475643	3.00000000	-0.03878048	0.24561122	0.17436694	9.73981953	-0.01875302	-0.67522287	-0.56779432	0.88242167	0.83276087	0.64345002	-6.12064886	3.42201424	3.00000000	-0.04972553	0.34669128	0.09028524	9.67327499	0.02554118	-0.22168109	-0.04353039	0.22735380	-0.53801721	-0.43744516	-2.21746230	0.80957556	2.00000000
13.880000	0.08228491	0.49875349	0.77821434	15.29090977	-0.51756060	-1.54587245	1.48267984	2.20361757	-8.01204872	-7.70285702	-5.53886271	3.30887628	3.00000000	-0.00675397	0.64276308	0.38786715	12.91179180	0.04880474	-1.73305321	1.23685944	2.12971282	-3.84631228	-11.59227085	-6.71405649	5.26728392	3.00000000	-0.03902291	0.23886678	0.16879095	9.74857426	-0.02277112	-0.68564808	-0.64217061	0.93968874	0.77092397	0.63032556	-6.04570150	3.68389177	3.00000000	-0.04974619	0.34489653	0.08993234	9.67510414	0.00989210	-0.23169865	-0.06677011	0.24133040	-0.62740958	-0.72949463	-2.13632941	1.15961778	2.00000000
13.890000	0.07648928	0.48285252	0.79225928	15.31290245	-0.60630262	-1.62622976	1.43529868	2.25217867	-7.09227610	-8.04058361	-4.11752033	4.79756784	3.00000000	-0.00509954	0.62418723	0.39859107	12.93330479	0.01462492	-1.87585199	1.16893673	2.21030474	-5.49865437	-10.99877453	-4.34362555	6.64962721	4.00000000	-0.03987002	0.23183757	0.16219142	9.75825310	-0.01170809	-0.69007874	-0.71702921	0.99522692	1.04614735	1.70394421	-4.96569252	2.41526365	3.00000000	-0.04986004	0.34274998	0.08908685	9.67741394	0.00722188	-0.24675602	-0.09454191	0.26434609	-0.39630294	-0.57724947	-1.63524282	0.98485982	2.00000000
13.900001	0.06991238	0.46632349	0.80600250	15.33538246	-0.67565596	-1.71636736	1.41316104	2.32367206	-5.60290003	-8.45872498	-3.73007631	5.44884586	3.00000000	-0.00537125	0.60459995	0.40955520	12.95575333	-0.03611567	-2.01063156	1.13386559	2.30859137	-6.77837753	-8.79611397	-2.62680745	6.25442457	4.00000000	-0.04001027	0.22432153	0.15448014	9.76902199	0.00936532	-0.67328584	-0.77442288	1.02622235	1.16682184	3.85227990	-2.63982892	-0.53237379	3.00000000	-0.04995231	0.34002462	0.08785985	9.68040466	0.01230740	-0.25808835	-0.11436132	0.28255898	0.00084171	0.08398803	-0.89057440	0.20996468	2.00000000
13.910000	0.06267945	0.44850954	0.81996173	15.35914230	-0.72216004	-1.80709982	1.40240192	2.39871979	-3.63202620	-8.44779301	-5.49545860	4.40538311	3.00000000	-0.00604874	0.58290523	0.42079544	12.98019600	-0.12896673	-2.09105992	1.14564872	2.38781810	-7.45067024	-5.06293154	-2.73100019	3.47234797	4.00000000	-0.03966789	0.21759161	0.14552361	9.78023052	0.02936482	-0.62460005	-0.79194254	1.00903940	1.14078176	6.23560858	-0.09338160	-3.71021008	3.00000000	-0.04969297	0.33683881	0.08633520	9.68394566	0.01579566	-0.25644749	-0.11877169	0.28305748	0.31039146	1.01625872	-0.04898564	-0.90672654	2.00000000
13.920000	0.05507293	0.42991167	0.83435136	15.38385677	-0.74755412	-1.89339733	1.36783516	2.45250154	-1.54488087	-7.68253279	-9.57339859	1.73681176	3.00000000	-0.00774904	0.56121367	0.43243495	13.00487137	-0.22962257	-2.11416817	1.15803528	2.42146230	-7.45914555	-0.48911372	-4.83481884	-1.14353299	4.00000000	-0.03875816	0.21126850	0.13707072	9.79082584	0.04028874	-0.54012746	-0.76644295	0.93850714	1.03342175	7.90733480	1.58204579	-5.67158604	3.00000000	-0.04927725	0.33410451	0.08503681	9.68700123	0.01515814	-0.23599242	-0.10709352	0.25959817	0.39446157	1.87546647	0.67612302	-1.94521904	2.00000000
13.930000	0.04732056	0.41059646	0.84856075	15.40905762	-0.74980742	-1.97255301	1.26428246	2.45999718	0.56506789	-6.19351435	-14.72839832	-1.65936935	3.00000000	-0.01046401	0.53960598	0.44450712	13.02977085	-0.30712965	-2.08698750	1.11169684	2.38447380	-6.18727207	3.52116919	-8.58214569	-6.08638906	4.00000000	-0.03812133	0.20639160	0.12926497	9.80005169	0.03256723	-0.43190318	-0.70388246	0.82646930	0.42110631	8.48092079	2.97731757	-6.87224865	3.00000000	-0.04897468	0.33187973	0.08398284	9.68948174	0.01919062	-0.20474592	-0.09077998	0.22478919	0.41824439	2.50855422	1.12923145	-2.67405295	2.00000000
13.940001	0.03959386	0.39037007	0.86173636	15.43440342	-0.73475218	-2.03258228	1.06910408	2.41127253	2.86876988	-4.09522915	-18.86807251	-4.89607239	3.00000000	-0.01441596	0.51916081	0.45649445	13.05379868	-0.36256459	-2.01571512	0.98946118	2.27455354	-3.86876512	6.17906046	-12.39682865	-9.93712902	4.00000000	-0.03797823	0.20240830	0.12320073	9.80730820	0.04492498	-0.33084923	-0.67577058	0.75375414	-0.11399984	8.03885841	4.13925123	-7.46144199	3.00000000	-0.04909771	0.33040440	0.08340054	9.69107246	0.02586311	-0.17297317	-0.07728568	0.19121112	0.51385397	2.54174447	1.01738119	-2.61897540	2.00000000
13.950000	0.03242423	0.36960298	0.87221861	15.45874596	-0.70076901	-2.06648612	0.80627298	2.32626700	5.21432924	-1.49377882	-19.95322037	-7.40402508	3.00000000	-0.01869647	0.49903980	0.46657172	13.07670593	-0.38530177	-1.92772710	0.80541515	2.12444878	-1.22895777	7.59707165	-14.02033520	-11.99109650	4.00000000	-0.03809788	0.20009223	0.11732576	9.81362438	0.04965452	-0.25892529	-0.66291636	0.71341848	0.08048201	6.61154461	4.70728540	-7.14484024	3.00000000	-0.04914116	0.32894316	0.08292075	9.69261074	0.03203374	-0.14838327	-0.06868268	0.16661653	0.47565123	2.01829100	0.48442170	-1.91242778	2.00000000
13.960000	0.02549126	0.34828505	0.87876743	15.48209953	-0.63792145	-2.06619334	0.55325478	2.23208189	7.44258833	1.55244267	-16.77773476	-9.00614262	3.00000000	-0.02305665	0.48045811	0.47377324	13.09710598	-0.38217452	-1.84236479	0.61622286	1.97992325	1.63231635	7.67856693	-12.34827709	-11.79135036	4.00000000	-0.03811336	0.19853295	0.11189972	9.81927013	0.03242921	-0.20761576	-0.61010206	0.64527547	-0.14370212	4.72960997	6.22470093	-7.65745449	3.00000000	-0.04854509	0.32746208	0.08216289	9.69437790	0.03839318	-0.12426475	-0.05989155	0.14318787	0.15620172	1.77752256	0.32349184	-1.66908073	2.00000000
13.970000	0.01911837	0.32731137	0.88145381	15.50418377	-0.54426748	-2.03542447	0.37882179	2.14072084	9.58712673	4.69848490	-9.65739441	-9.60811901	3.00000000	-0.02648681	0.46238336	0.47747424	13.11587143	-0.35682759	-1.76580393	0.48166287	1.86477578	4.34019661	6.25321817	-7.45673084	-9.03920937	4.00000000	-0.03592185	0.19682354	0.10294291	9.82864857	0.03446697	-0.16849451	-0.54066163	0.56735647	-0.99449867	3.30480886	9.21320057	-9.75750256	3.00000000	-0.04784067	0.32608986	0.08141084	9.69609356	0.04183730	-0.12169331	-0.06997703	0.14648005	-0.26657858	1.86029756	0.51740056	-1.89733052	2.00000000
13.980000	0.01366072	0.30709413	0.88223803	15.52513981	-0.43328097	-1.97314262	0.32489198	2.04611325	11.44911003	7.38758993	-0.99205965	-9.28947163	3.00000000	-0.02981977	0.44565085	0.47993490	13.13310909	-0.29957375	-1.69791543	0.43765354	1.77882040	6.43393421	3.79677105	-1.01935220	-4.63136339	4.00000000	-0.03625276	0.19460505	0.09762000	9.83442497	0.04137639	-0.14925686	-0.44558468	0.47173649	-1.02610493	2.37212849	11.08684063	-10.82971954	3.00000000	-0.04721249	0.32500499	0.08070528	9.69753170	0.03608862	-0.11412501	-0.07491093	0.14120394	-0.62207830	1.68933713	0.54971415	-1.82496011	2.00000000
13.990001	0.00994261	0.28776827	0.88462329	15.54496384	-0.30889758	-1.87553358	0.39135614	1.94067097	12.65507507	9.31335640	5.96068144	-8.59573269	3.00000000	-0.03288161	0.42874441	0.48353872	13.15066433	-0.20952618	-1.66059852	0.47817948	1.74073100	8.02209282	1.16154051	3.73270988	-0.58623254	4.00000000	-0.03639123	0.19320244	0.09416538	9.83815575	0.01448306	-0.13480508	-0.29342881	0.32323775	-0.89916176	1.42298925	11.11433029	-9.83724213	3.00000000	-0.04707453	0.32458559	0.08045784	9.69803810	0.02291504	-0.08169040	-0.05592002	0.10161432	-0.80888015	1.77085245	0.85521013	-2.09267974	2.00000000
14.000000	0.00795410	0.26918861	0.88911265	15.56418133	-0.17294011	-1.76070595	0.54196066	1.85032833	13.23451042	10.63376904	9.19258595	-8.20054913	3.00000000	-0.03540387	0.41268787	0.48910287	13.16784382	-0.11332783	-1.67390871	0.59347820	1.77961504	9.43372440	-1.59771729	5.22688103	2.62160778	4.00000000	-0.03620267	0.19215931	0.09275310	9.83992195	-0.00973176	-0.11749081	-0.13904285	0.18229568	-1.38625860	0.64331979	10.01060581	-7.96945286	3.00000000	-0.04711613	0.32266068	0.07893980	9.70049000	0.00928302	-0.05587041	-0.03925121	0.06890816	-0.79777759	2.22723675	1.49507916	-2.71900010	3.00000000
14.010000	0.00686195	0.25192857	0.89626700	15.58289719	-0.03093940	-1.64489341	0.69266260	1.78505266	13.34231281	11.45878601	8.24947262	-8.29698467	3.00000000	-0.03581565	0.39651766	0.49637672	13.18557930	-0.01876140	-1.72082055	0.70177466	1.85851097	10.25459957	-3.60326266	3.95761609	4.55429316	4.00000000	-0.03628661	0.19144467	0.09268557	9.84064484	-0.00847808	-0.11079795	-0.05281437	0.12303422	-1.56019628	0.25865912	7.38925505	-5.27719450	3.00000000	-0.04707215	0.32264313	0.07896091	9.70054150	0.00155078	-0.04449487	-0.03062108	0.05403562	-0.64587921	1.86742556	1.41929960	-2.31543446	3.00000000
14.020000	0.00704208	0.23640272	0.90438497	15.60041809	0.10408892	-1.53546584	0.77747500	1.72422647	12.76264668	11.78776646	3.85733271	-8.89778614	3.00000000	-0.03454166	0.37950224	0.50378090	13.20417976	0.07748287	-1.77144527	0.71986043	1.91369307	9.80798626	-2.81312466	0.02537717	3.10740066	4.00000000	-0.03628102	0.19043520	0.09282118	9.84166336	-0.02148307	-0.12004983	-0.00697939	0.12215644	-1.41387534	0.03888166	3.90093541	-2.04173350	3.00000000	-0.04703107	0.32267430	0.07901965	9.70061970	0.00088050	-0.02059937	-0.01025752	0.02302881	-0.41801640	1.00392401	0.83477950	-1.30402899	3.00000000
14.030001	0.00853018	0.22197270	0.91354316	15.61757374	0.23321469	-1.41813302	0.77922094	1.63483202	11.28053284	11.91932011	-2.18020272	-10.22327137	3.00000000	-0.03309361	0.36061049	0.51286662	13.22519302	0.19926111	-1.83733690	0.67620844	1.96793544	8.76211166	1.14220572	-5.21315193	-1.88527894	3.00000000	-0.03656464	0.18908468	0.09289884	9.84304523	-0.03774157	-0.12764694	-0.00126685	0.13311563	-1.56595278	0.06208854	1.27255297	0.01901562	3.00000000	-0.04700879	0.32265982	0.07908645	9.70069122	-0.00042704	-0.00310267	0.00546134	0.00629564	-0.17824446	0.58560210	0.51448256	-0.76535243	3.00000000
14.040000	0.01188823	0.20833890	0.92160207	15.63376331	0.34737855	-1.29232168	0.70727021	1.51360440	8.98831272	12.22671986	-7.60234594	-12.07711315	3.00000000	-0.03142669	0.34157982	0.51951581	13.24542046	0.29884398	-1.83895195	0.59376657	1.95540547	8.22782516	5.57383585	-9.74190903	-6.84024668	3.00000000	-0.03707604	0.18742479	0.09290494	9.84478188	-0.05833047	-0.12723294	-0.01108013	0.14040454	-1.53939664	0.56294757	-0.05389916	0.21408367	3.00000000	-0.04702405	0.32260221	0.07914070	9.70077229	-0.00388324	-0.01298835	-0.00159567	0.01365001	0.03619134	0.22043620	0.19371843	-0.27816916	3.00000000
14.050000	0.01629964	0.19517744	0.92857200	15.64929581	0.43271801	-1.16838443	0.58532554	1.37658024	6.17741585	12.42716885	-11.29968166	-13.55721855	3.00000000	-0.02882457	0.32262665	0.52409279	13.26509094	0.35003665	-1.73073506	0.45970628	1.82463682	7.85838556	8.93194103	-14.23444366	-9.71134567	3.00000000	-0.03773345	0.18594046	0.09269235	9.84641933	-0.08118438	-0.11685627	-0.01961241	0.14363474	-1.04121864	1.28354883	-0.40924019	-0.48169455	3.00000000	-0.04707697	0.32247487	0.07915179	9.70091057	-0.00543023	-0.01934891	-0.00767410	0.02151184	0.31754953	-0.29404011	-0.24178016	0.39358813	3.00000000
14.060000	0.02157719	0.18424475	0.93354189	15.66241360	0.47851634	-1.04382873	0.43888637	1.22929966	3.31709456	11.78823090	-13.38685989	-13.62050343	3.00000000	-0.02279185	0.30384377	0.52829951	13.28526211	0.39975360	-1.53978133	0.32069981	1.62283015	7.65366173	11.88194561	-18.86163902	-10.68119717	2.00000000	-0.03859409	0.18501960	0.09234616	9.84772682	-0.09089795	-0.09828967	-0.02523952	0.13623630	-0.29112062	1.85642242	0.00024896	-1.33026016	3.00000000	-0.04717675	0.32216355	0.07899795	9.70127201	-0.00170441	-0.02130667	-0.01055083	0.02383693	0.75585324	-0.35965109	-0.31747207	0.73092490	3.00000000
14.070001	0.02659308	0.17484654	0.93701267	15.67361736	0.48528966	-0.91656601	0.29680181	1.07874501	1.00685179	10.32753658	-14.14236736	-12.07841015	3.00000000	-0.01833148	0.28992268	0.53046793	13.30004025	0.48500073	-1.40892804	0.12823740	1.49557638	8.11544132	11.31813908	-21.49933815	-7.48210335	2.00000000	-0.03981907	0.18429340	0.09204052	9.84918308	-0.08620530	-0.07287537	-0.02382280	0.11536767	0.75648749	2.24612021	0.63064313	-2.08595204	3.00000000	-0.04728333	0.32186198	0.07880326	9.70164680	0.00884638	-0.02269472	-0.01173994	0.02703951	1.25530922	-0.03794865	-0.06458883	0.86211509	3.00000000
14.080000	0.03162119	0.16669692	0.93903983	15.68340588	0.46916440	-0.80673504	0.15611649	0.94620770	-0.51230389	8.48736668	-13.53790474	-9.57109356	3.00000000	-0.01434151	0.27827013	0.53188545	13.31243801	0.58143222	-1.31991851	-0.15375912	1.45047927	9.84498119	7.46590281	-23.33797264	-0.17385781	2.00000000	-0.04095435	0.18367556	0.09176711	9.85050392	-0.07264561	-0.04827094	-0.01323769	0.08821964	1.67657375	2.39562702	1.23723888	-2.05582452	3.00000000	-0.04721619	0.32159510	0.07857655	9.70200348	0.02554624	-0.02423599	-0.01223199	0.03727755	1.57976437	0.18576810	0.18777184	1.03620386	3.00000000
14.090000	0.03603614	0.15922976	0.94000047	15.69213390	0.45152575	-0.73760003	0.01441141	0.86494911	-1.15734732	6.28843212	-11.66657829	-6.66343069	3.00000000	-0.00973647	0.26925638	0.53171134	13.32256126	0.69312131	-1.21960700	-0.43562749	1.46888721	12.19311523	4.47250700	-25.44967842	7.71755171	2.00000000	-0.04155234	0.18310760	0.09162492	9.85134125	-0.04856316	-0.02401757	0.00518939	0.05442568	1.87813401	2.10822535	1.71406078	-1.32584381	3.00000000	-0.04687908	0.32155144	0.07862382	9.70234680	0.04641637	-0.02235323	-0.01082805	0.05264403	1.54260063	0.09497702	0.48003817	1.13460135	3.00000000
14.100000	0.04031124	0.15233627	0.93987471	15.70024681	0.44193816	-0.69738424	-0.11362682	0.83340579	-1.04292822	3.88269067	-8.80961895	-3.79704571	3.00000000	-0.00179067	0.25342840	0.52348840	13.34208775	0.78546011	-1.26507354	-0.64721900	1.62365353	12.58143616	1.77105057	-25.07337570	12.80628109	2.00000000	-0.04171865	0.18297204	0.09173420	9.85158157	-0.01774694	0.00025518	0.02717233	0.03245542	1.33623922	1.22443652	2.00482178	-0.43580613	3.00000000	-0.04623911	0.32126272	0.07851135	9.70305824	0.06700226	-0.01495033	-0.00418847	0.06877761	1.14732945	-0.46226409	0.94786710	1.25563824	3.00000000
14.110001	0.04442896	0.14580816	0.93787336	15.70822048	0.43202662	-0.67169738	-0.19526631	0.82216382	-0.75240850	2.16291785	-5.19303608	-1.91347349	3.00000000	0.00852432	0.24089028	0.51347750	13.36116219	0.95622313	-1.25304163	-0.90396404	1.81703794	14.91707230	0.93600750	-25.02266693	17.95868874	2.00000000	-0.04171164	0.18315460	0.09210424	9.85199451	0.00254711	0.01695007	0.04972523	0.05259650	0.18566985	-0.34341323	2.19075871	1.15566182	3.00000000	-0.04539726	0.32100379	0.07845071	9.70394135	0.07826149	-0.01216829	0.00566853	0.07940441	0.52962887	-1.63056600	1.64947891	1.92487657	3.00000000
14.120000	0.04899002	0.13905224	0.93438667	15.71708584	0.42763776	-0.66178685	-0.21933217	0.81788903	-0.93228465	1.75849640	-1.43158317	-1.80282092	3.00000000	0.01956951	0.22913530	0.50254166	13.38064957	1.12698615	-1.24100971	-1.16070914	2.03898239	17.25270844	0.10096443	-24.97195816	23.11109543	2.00000000	-0.04147481	0.18373874	0.09286275	9.85298061	-0.00373926	0.01299133	0.06981082	0.07110772	-1.49194956	-2.52994180	2.31015563	3.58100247	3.00000000	-0.04443459	0.32085064	0.07834568	9.70492172	0.07747691	-0.03003205	0.02276425	0.08615571	-0.29923353	-3.52667451	2.40678811	3.34770489	3.00000000
14.130000	0.05343517	0.13248134	0.93102878	15.72570038	0.42536086	-0.66242027	-0.19699036	0.81150335	-1.61157417	2.37812996	1.40745401	-3.06136060	3.00000000													1.00000000	-0.04124428	0.18411644	0.09367361	9.85390472	-0.03158599	-0.02257253	0.09172975	0.09960692	-3.31234980	-4.67458487	2.11315179	5.51450872	3.00000000	-0.04350629	0.32102153	0.07868031	9.70592308	0.06772835	-0.07301345	0.05132432	0.11203695	-1.32171357	-5.49636459	2.66900396	4.81453228	3.00000000
14.140000	0.05749796	0.12602815	0.92938817	15.73350048	0.41358411	-0.64568841	-0.15035072	0.78139019	-2.64162350	3.86005116	2.47437358	-5.09856510	3.00000000													1.00000000	-0.04140610	0.18402316	0.09466460	9.85491276	-0.07907211	-0.09296350	0.11753899	0.16944033	-4.40937805	-5.76188707	1.20984578	6.08851767	3.00000000	-0.04294949	0.32058722	0.07920759	9.70680428	0.05374110	-0.14693663	0.09065580	0.18082298	-2.24430323	-6.20915842	1.92635334	5.30233192	3.00000000
14.150001	0.06162878	0.11922934	0.92929620	15.74145603	0.37882075	-0.59632993	-0.10675390	0.71450049	-4.11486912	6.23597670	1.95453572	-7.72171450	3.00000000													1.00000000	-0.04259712	0.18285185	0.09570038	9.85687828	-0.13776018	-0.18229620	0.14030281	0.26813176	-4.05531120	-5.17029190	-0.40827602	5.21294546	3.00000000	-0.04256833	0.31881043	0.08038060	9.70896721	0.02714200	-0.24279927	0.12690108	0.27530357	-2.65170312	-4.95407104	0.22297172	4.18682051	3.00000000
14.160000	0.06548790	0.11293614	0.92914498	15.74883938	0.32778832	-0.52034897	-0.08843342	0.62131208	-5.80307817	8.82767868	0.88023019	-10.33654690	3.00000000													1.00000000	-0.04430387	0.18048629	0.09735218	9.86023045	-0.19699806	-0.25126436	0.13702486	0.34744471	-2.26525283	-2.93636346	-2.34902692	2.61030388	3.00000000	-0.04239054	0.31568068	0.08185930	9.71243286	-0.01212945	-0.31441250	0.12605302	0.33895680	-2.39867806	-1.99817002	-1.92659390	1.44603288	3.00000000
14.170000	0.06894731	0.10785310	0.92804313	15.75508595	0.26103413	-0.41375735	-0.10310163	0.49996391	-7.16633844	10.67106247	0.23350292	-12.11964321	3.00000000													1.00000000	-0.04696422	0.17684756	0.09928418	9.86513424	-0.22272921	-0.26867276	0.09258066	0.36106029	0.36865026	0.38225251	-4.09562111	-1.06461966	3.00000000	-0.04225865	0.31119594	0.08391224	9.71736717	-0.04857809	-0.31828234	0.08019637	0.33180556	-1.57157695	1.99557436	-3.92416668	-1.92209244	3.00000000
14.180000	0.07108088	0.10450296	0.92631686	15.75941658	0.17755832	-0.28385973	-0.12704332	0.35811076	-7.92715454	11.47030449	0.34370184	-11.67071152	3.00000000													1.00000000	-0.04949407	0.17309842	0.10086958	9.86992645	-0.19569157	-0.23203851	0.02317807	0.30442452	3.07234097	3.64782667	-4.99405003	-4.02355623	3.00000000	-0.04314312	0.30679268	0.08524366	9.72205162	-0.06095115	-0.25313124	0.00913932	0.26052639	-0.23144162	5.77147293	-4.92113304	-4.09241676	3.00000000
14.190001	0.07236750	0.10245565	0.92478025	15.76228142	0.08590060	-0.15249215	-0.12666185	0.21604627	-8.27523422	11.38037300	1.10339606	-8.27483845	3.00000000													1.00000000	-0.05233221	0.17070486	0.10055642	9.87365246	-0.12800895	-0.16048463	-0.04526737	0.21021594	5.04200315	5.55393887	-4.40405464	-5.23118925	3.00000000	-0.04446756	0.30440474	0.08456776	9.72486496	-0.04798764	-0.15082681	-0.05678187	0.16815387	1.26921344	7.67395163	-4.20028210	-4.58594799	3.00000000
14.200000	0.07260484	0.10178183	0.92346102	15.76378155	-0.00113094	-0.03866926	-0.09567142	0.10319695	-8.31691647	10.58336544	2.14750123	-3.35124755	3.00000000													1.00000000	-0.05314014	0.17014775	0.09867842	9.87577152	-0.05091537	-0.07772433	-0.09255689	0.13114962	5.42401886	5.57490587	-2.50819468	-5.09984493	3.00000000	-0.04555086	0.30423218	0.08264700	9.72707653	-0.02045374	-0.04370262	-0.10193332	0.11277711	2.20994949	7.01536703	-2.12689972	-4.13060856	3.00000000
14.210000	0.07214053	0.10202873	0.92261893	15.76477432	-0.07805296	0.05445095	-0.05508313	0.10996055	-8.15408039	9.43113041	2.82918620	1.81426394	3.00000000													1.00000000	-0.05270031	0.17055108	0.09669673	9.87784100	0.01127307	-0.01179452	-0.10671324	0.10795327	4.12140369	4.26568127	-0.35910779	-4.16667843	3.00000000	-0.04511118	0.30555376	0.08056404	9.72958183	0.01422490	0.03480663	-0.11116632	0.11735331	2.12910724	4.68216276	0.09939677	-3.06858826	3.00000000
14.220000	0.07094351	0.10325693	0.92234892	15.76651001	-0.15554056	0.13808694	-0.02198219	0.20915087	-7.95526314	8.30249977	2.72049570	6.68414640	3.00000000													1.00000000	-0.05119931	0.17091309	0.09574350	9.87965584	0.04861457	0.01844491	-0.08436758	0.09910338	1.98241329	2.52445555	1.08634984	-2.79187369	3.00000000	-0.04409212	0.30632055	0.07986651	9.73103523	0.04332587	0.06093382	-0.08206200	0.11101457	1.35835135	1.97691000	1.56593561	-2.02968860	3.00000000
14.230000	0.06910623	0.10492045	0.92260838	15.76900196	-0.23426130	0.21676569	0.00112454	0.31916606	-7.80238724	7.40793133	2.07317448	9.73068333	3.00000000													1.00000000	-0.05056652	0.17100528	0.09567907	9.88029861	0.04956598	0.01713944	-0.04633367	0.06998111	0.08611622	0.97202569	1.54190993	-1.66512620	3.00000000	-0.04324679	0.30685064	0.07965954	9.73205471	0.05292476	0.04244769	-0.03820105	0.07785986	0.40958974	-0.54779100	1.96878862	-1.53240812	3.00000000
14.240001	0.06654414	0.10731380	0.92288834	15.77251911	-0.31686819	0.28997645	0.01649807	0.42984179	-7.58470964	6.74732447	1.45728457	10.19103909	3.00000000													1.00000000	-0.05053938	0.17108075	0.09562765	9.88039398	0.02551780	0.00917104	-0.02183225	0.03481255	-1.15469849	0.00453324	1.15668094	-1.10983384	3.00000000	-0.04303460	0.30703154	0.07961360	9.73233700	0.04014755	0.01429940	-0.01061428	0.04391994	-0.20347865	-1.74928689	1.71697652	-1.55532742	3.00000000
14.250000	0.06285441	0.11063668	0.92300218	15.77748585	-0.39422706	0.35246629	0.02499173	0.52940726	-7.20778275	6.13556576	1.03492689	9.50016785	3.00000000													1.00000000	-0.05062636	0.17113790	0.09541244	9.88063335	-0.00361154	0.00758457	-0.02268050	0.02418623	-1.76065135	-0.23416284	0.25492162	-0.46840796	3.00000000	-0.04294727	0.30701676	0.07962426	9.73242664	0.02425561	-0.00728046	-0.00752254	0.02641834	-0.28460726	-1.09699857	1.31364703	-1.12403750	3.00000000
14.260000	0.05842322	0.11474990	0.92306089	15.78353214	-0.46412957	0.40755451	0.03121297	0.61845869	-6.68664551	5.37454319	0.53902721	8.58398628	3.00000000													1.00000000	-0.05065051	0.17114033	0.09514484	9.88090229	-0.01761848	0.00910610	-0.03583077	0.04095334	-1.80947804	-0.06485688	-0.59477276	0.57199025	3.00000000	-0.04274715	0.30681521	0.07954721	9.73272133	0.01525000	-0.03607968	-0.01933873	0.04368401	-0.19972657	-0.30090654	0.61772013	-0.39139268	3.00000000
14.270000	0.05304928	0.11937185	0.92344952	15.79063129	-0.52554882	0.46053353	0.03966788	0.69990444	-6.16658592	4.58176470	-0.26939651	7.65176058	3.00000000													1.00000000	-0.05078669	0.17130962	0.09474728	9.88135529	-0.02769598	0.00904041	-0.04763653	0.05583937	-1.56183326	0.03939449	-0.89401895	1.37029326	3.00000000	-0.04250647	0.30654573	0.07946409	9.73309231	0.02957796	-0.01676679	-0.00583411	0.03449664	-0.12766477	0.33422184	0.32374841	0.09375338	3.00000000
14.280001	0.04769663	0.12393235	0.92396641	15.79768181	-0.58293313	0.50608629	0.04171381	0.77309406	-5.83792114	4.01878214	-1.46799779	7.05776119	3.00000000													1.00000000	-0.05115404	0.17141300	0.09420746	9.88201618	-0.04133349	0.00958343	-0.05692399	0.07099746	-1.33068562	0.01589495	-0.62847286	1.37499297	3.00000000	-0.04229113	0.30589238	0.07911630	9.73386288	0.04124288	0.01548926	0.01359067	0.04610421	-0.10667023	1.74881458	1.02352238	0.76053935	3.00000000
14.290000	0.04167082	0.12900047	0.92465961	15.80558586	-0.63688195	0.53790468	0.02492120	0.83401507	-5.42851782	3.67442322	-3.23691130	6.65300894	3.00000000													1.00000000	-0.05164671	0.17157026	0.09351286	9.88288212	-0.05966996	0.01004462	-0.06268254	0.08712347	-1.14535868	0.05471352	-0.11390115	0.90526706	3.00000000	-0.04216290	0.30500650	0.07852454	9.73493576	0.03187833	0.01077155	0.00550703	0.03409665	-0.61995661	2.14041901	1.14673018	0.94410634	3.00000000
14.300000	0.03524585	0.13487910	0.92508101	15.81430435	-0.69303048	0.56603563	-0.01698782	0.89497274	-4.42828751	3.60679984	-5.58631754	6.21322918	3.00000000													1.00000000	-0.05233189	0.17155810	0.09280224	9.88386917	-0.07422485	0.00912622	-0.06263219	0.09754695	-0.76348567	0.19773099	0.43098393	0.34523389	3.00000000	-0.04089148	0.30755582	0.08020396	9.73824310	0.01818190	0.03756011	0.02100871	0.04671948	-1.56000757	0.89849681	0.22971150	0.49710381	2.00000000
14.310000	0.02778904	0.14092138	0.92485327	15.82390499	-0.74722630	0.59965688	-0.08263339	0.96164638	-2.60778713	4.16745234	-8.04655647	5.96432829	3.00000000													1.00000000	-0.05313538	0.17167638	0.09212356	9.88492775	-0.08022658	0.00993200	-0.05444301	0.09746276	-0.08583621	0.38446474	0.90153843	-0.32099038	3.00000000	-0.04095720	0.30743217	0.08002566	9.73847008	0.00313033	0.07953469	0.04718850	0.09253281	-1.86653113	0.62091649	0.03840021	0.61753410	2.00000000
14.320001	0.01998333	0.14693017	0.92374694	15.83381748	-0.77608585	0.64103860	-0.17873794	1.02234387	-0.11072258	5.43495846	-9.96177769	6.09670782	3.00000000													1.00000000	-0.05421203	0.17176405	0.09159633	9.88612938	-0.07664660	0.01520266	-0.03965013	0.08762395	0.74175507	0.66440362	1.18861473	-0.80923873	3.00000000	-0.04120379	0.30736813	0.07980587	9.73880672	-0.02550439	0.06065691	0.02934051	0.07204583	-1.45829785	0.60422915	-0.05993440	0.66601616	2.00000000
14.330000	0.01153357	0.15305561	0.92156333	15.84447956	-0.76245564	0.69611353	-0.29992509	1.07511282	2.84179831	7.06281567	-11.03034115	6.45655870	3.00000000													1.00000000	-0.05501788	0.17189944	0.09122168	9.88702869	-0.06441598	0.02413069	-0.02301254	0.07253472	1.29359376	1.16783357	1.21107745	-0.62709224	3.00000000	-0.04182555	0.30896670	0.08097432	9.74088192	-0.05112368	0.03766393	0.00893430	0.06412506	-0.99049187	-0.75270295	-1.10160780	-0.43148297	3.00000000
14.340000	0.00352024	0.15997909	0.91831946	15.85555553	-0.70722830	0.77544844	-0.42975494	1.13409936	5.70708942	8.79061031	-11.12533379	7.08646059	3.00000000													1.00000000	-0.05565106	0.17214395	0.09115647	9.88771057	-0.04320210	0.03554672	-0.00937581	0.05672650	1.65462959	1.44992983	1.08415973	-0.19432287	3.00000000	-0.04248414	0.30913118	0.08083935	9.74157429	-0.05213984	0.05324756	0.01478077	0.07597590	-0.49697316	-1.43943059	-1.47266209	-0.81717551	3.00000000
14.350000	-0.00354785	0.16823998	0.91315776	15.86759090	-0.62690371	0.87805599	-0.54485351	1.20865870	7.83208036	10.37271214	-10.11210060	7.99886847	3.00000000													1.00000000	-0.05584808	0.17256492	0.09122398	9.88817978	-0.02007463	0.05263065	-0.00101446	0.05633831	2.06991720	1.14084506	1.09833241	0.11790121	3.00000000	-0.04306188	0.30940476	0.08075844	9.74221897	-0.04151010	0.04014099	-0.00488441	0.05795037	0.13901961	-0.84013003	-0.94398063	-0.40197387	3.00000000
14.360001	-0.00900632	0.17755082	0.90665311	15.88019276	-0.53080833	0.99560058	-0.64172000	1.29799175	9.03326225	11.45780277	-8.17618752	8.82032204	3.00000000													1.00000000	-0.05592724	0.17313245	0.09135712	9.88876820	-0.00787039	0.07978827	0.00294782	0.08022967	2.18110704	0.89467728	1.40732038	0.85256886	3.00000000	-0.04356151	0.30977881	0.08064845	9.74285316	-0.03549568	0.01022071	-0.02853020	0.04667310	0.38761768	-0.70858407	-0.77630574	-0.51250368	3.00000000
14.370000	-0.01351620	0.18821502	0.89917749	15.89397526	-0.43300509	1.12155390	-0.71452206	1.39854145	9.71164227	11.83967781	-5.94458389	9.21966267	3.00000000													1.00000000	-0.05571418	0.17395191	0.09134733	9.88961506	0.01627405	0.08252536	0.01345656	0.08518426	2.11777234	0.84534442	2.06306267	1.93464541	3.00000000	-0.04363130	0.31001425	0.08037136	9.74322319	-0.03541736	0.00267103	-0.03025128	0.04665473	0.03288292	-0.78297615	-0.55022973	-0.35799423	3.00000000
14.380000	-0.01740000	0.19982573	0.89195037	15.90819263	-0.33634338	1.24493754	-0.76095659	1.49734807	10.31566429	11.56826210	-3.90385270	9.15408325	3.00000000													1.00000000	-0.05563854	0.17507204	0.09131736	9.89073849	0.04559383	0.07092120	0.03835646	0.09262738	2.56231427	0.28711483	3.06292224	2.81797433	3.00000000	-0.04359389	0.31011748	0.07986912	9.74373722	-0.03302066	0.00764231	-0.02874875	0.04444389	-0.21425128	-0.04413880	0.18206879	0.06822558	3.00000000
14.390000	-0.02057384	0.21290149	0.88415259	15.92374420	-0.23854256	1.36124647	-0.78111684	1.58746278	10.96995926	10.56914902	-2.06019616	8.47284603	3.00000000													1.00000000	-0.05567415	0.17663342	0.09145828	9.89230633	0.06300475	0.07997590	0.07556366	0.12678963	3.14327073	-0.07152135	4.20753193	3.93842936	3.00000000	-0.04434460	0.30927873	0.07936945	9.74496841	-0.03959524	0.01058703	-0.02403601	0.04751419	0.02425785	0.72382838	0.65352082	0.12955405	2.00000000
14.400001	-0.02275683	0.22744274	0.87630183	15.94041252	-0.12635697	1.46521604	-0.79010820	1.66945946	11.70361710	8.98595524	-0.52375692	7.33938503	3.00000000													1.00000000	-0.05413006	0.17613822	0.09248645	9.89422607	0.09185699	0.08703955	0.12564597	0.17832693	3.39353418	0.66134953	5.27587461	5.62020826	2.00000000	-0.04473849	0.30971578	0.07928556	9.74556255	-0.04963437	0.01450231	-0.01500795	0.05384353	0.32640895	0.79617447	0.78006262	0.04692453	2.00000000
14.410000	-0.02339113	0.24272417	0.86782211	15.95790005	0.00072015	1.55367982	-0.79025424	1.74310732	12.42558479	7.34047079	0.45787790	6.37214375	3.00000000	-0.03489148	0.39930856	0.46991834	13.56227875	-0.41978940	1.77933288	-0.78940171	1.99133217	23.20693207	-8.88462067	7.08457184	-13.68245888	2.00000000	-0.05320661	0.17688373	0.09413724	9.89625931	0.13842566	0.07765777	0.18494061	0.24371175	3.68061900	1.39361274	6.22207880	7.06723499	2.00000000	-0.04530210	0.31023479	0.07930510	9.74632931	-0.04238595	0.03193343	-0.00329148	0.05317092	0.60342842	0.70158798	0.93266666	0.06867327	2.00000000
14.420000	-0.02277261	0.25896284	0.86010796	15.97588825	0.13343808	1.61147428	-0.77737021	1.79414594	12.84219646	6.00735044	0.85284358	5.90982723	3.00000000	-0.04076509	0.41858342	0.46119046	13.58423805	-0.19314605	1.69531703	-0.72342604	1.85330796	18.86797714	-5.47215366	4.99121237	-8.44485188	3.00000000	-0.05197685	0.17818134	0.09632996	9.89908886	0.18027242	0.09177588	0.25133628	0.32263118	3.41682076	1.82180595	7.08741951	7.89153290	2.00000000	-0.04587892	0.31064996	0.07937703	9.74704361	-0.02451300	0.04433319	0.00513047	0.05091798	0.95981508	0.78640312	1.08963645	0.20236322	2.00000000
14.430000	-0.02055398	0.27532369	0.85217005	15.99420834	0.26693612	1.65228713	-0.75925934	1.83787441	12.70862579	5.04304361	0.83131784	5.84792757	3.00000000	-0.04087399	0.43401095	0.45503873	13.60084724	0.03349731	1.61130118	-0.65745038	1.74059021	14.52902222	-2.05968714	2.89785314	-3.20724440	3.00000000	-0.04995368	0.17937809	0.09905601	9.90268803	0.21976045	0.12926508	0.32628432	0.41408402	1.98417079	2.89174533	8.00748920	8.53099632	2.00000000	-0.04607769	0.31109703	0.07939997	9.74753380	-0.01135245	0.04260813	0.01360550	0.04614586	0.99298978	0.76784980	1.20179808	0.50295991	2.00000000
14.440001	-0.01724755	0.29231960	0.84509999	16.01291084	0.39581725	1.69248271	-0.74638623	1.89162934	12.24395752	4.66041470	0.28875321	6.36461735	3.00000000	-0.03988558	0.44927323	0.44887552	13.61733627	0.11063683	1.63733137	-0.64730668	1.76411462	13.04751778	-0.54117239	1.89833438	-1.21070147	3.00000000	-0.04755381	0.18040672	0.10233945	9.90688324	0.24774294	0.15845770	0.40869942	0.50350833	-0.02627335	4.47356558	9.05349636	9.42011547	2.00000000	-0.04594328	0.31142837	0.07947349	9.74789906	-0.00054228	0.04756550	0.02683972	0.05461814	0.55239248	0.91679448	1.37482476	1.16531336	2.00000000
14.450000	-0.01272631	0.30889976	0.83769667	16.03162384	0.51532429	1.74111247	-0.74699318	1.96342313	11.65995407	5.18491459	-0.77347803	7.71432781	3.00000000	-0.03735586	0.46489835	0.44222611	13.63450527	0.25665212	1.62616718	-0.63030243	1.76283038	8.47976303	3.60834384	-0.06808192	3.98412824	3.00000000	-0.04428625	0.18186893	0.10687822	9.91266346	0.23182096	0.19940099	0.50196362	0.58776629	-2.26157427	6.08682680	9.98855686	10.51469326	2.00000000	-0.04563673	0.31182358	0.07969895	9.74844742	0.00245230	0.05549764	0.04262017	0.07001772	-0.01475587	1.75689602	1.64845109	2.27656889	2.00000000
14.460000	-0.00680237	0.32646775	0.83042032	16.05154037	0.62440968	1.79184663	-0.75873679	2.04359579	10.86155415	6.21026039	-2.25205564	9.40672779	3.00000000	-0.03379447	0.48222134	0.43646315	13.65310574	0.31119999	1.68039298	-0.65646791	1.83071470	5.54658222	6.46174622	-1.73784244	7.26206493	3.00000000	-0.04130572	0.18403998	0.11250732	9.91939259	0.18708122	0.26213264	0.61073381	0.69044095	-4.38964128	7.76328325	10.35042286	11.43086433	2.00000000	-0.04558903	0.31245720	0.08031780	9.74933434	-0.00196587	0.07094244	0.06009942	0.09299804	-0.41651824	2.92274475	1.77404833	3.43684506	2.00000000
14.470000	0.00007435	0.34457713	0.82266706	16.07240486	0.73149776	1.85285008	-0.78846657	2.14238691	9.71802521	6.97643137	-4.17843485	10.73262215	3.00000000	-0.03030504	0.49921629	0.42984337	13.67167568	0.34821707	1.76867938	-0.67677891	1.92549002	3.34736347	8.23277187	-3.50549459	9.29086494	3.00000000	-0.03974067	0.18705730	0.11901110	9.92673111	0.12536865	0.35610098	0.72848314	0.82049549	-5.25994587	9.37503815	9.69099140	11.86539173	2.00000000	-0.04576490	0.31324747	0.08109225	9.75045490	-0.01181255	0.10667517	0.08030912	0.13404731	-0.47058105	3.92828822	1.64210105	4.25502968	2.00000000
14.480000	0.00797522	0.36388269	0.81471133	16.09473038	0.83112615	1.93694079	-0.83268034	2.26624513	8.06450748	7.23964262	-6.53048182	11.48826790	3.00000000	-0.02680226	0.51686186	0.42280445	13.69099331	0.35787287	1.88409853	-0.70862669	2.04451752	0.73039180	9.84030342	-5.41167831	11.14616585	3.00000000	-0.03948390	0.19079785	0.12680307	9.93537807	0.05182413	0.47436443	0.83844882	0.96472991	-4.39460468	10.47154045	7.70397377	11.33233929	2.00000000	-0.04606445	0.31418943	0.08197817	9.75178242	-0.02303089	0.16099289	0.10106948	0.19147891	-0.05381467	4.68543243	1.32211757	4.76289129	2.00000000
14.490001	0.01660216	0.38312134	0.80640107	16.11739349	0.91190505	2.02557373	-0.90543771	2.39881992	5.59079218	7.00314903	-8.88816071	11.51138687	3.00000000	-0.02325140	0.53504640	0.41544181	13.71093082	0.35195914	1.99437582	-0.77109486	2.16702509	-1.28242397	9.63515854	-7.30348682	11.42908573	3.00000000	-0.03960567	0.19568019	0.13578846	9.94560528	-0.00384813	0.58785796	0.91495156	1.08753312	-2.41671109	10.46352482	4.37165642	9.24747944	2.00000000	-0.04623693	0.31573644	0.08294275	9.75361347	-0.02495482	0.21950601	0.11287647	0.24808614	0.69651645	4.83420324	0.79437089	4.71210670	2.00000000
14.500000	0.02643321	0.40370187	0.79727513	16.14196014	0.96227658	2.09779119	-1.01197064	2.52007699	2.13681936	5.67613935	-10.66214943	10.09635925	3.00000000	-0.01959446	0.55639929	0.40777746	13.73391056	0.34722444	2.08464503	-0.85899478	2.28126764	-2.93197441	6.39910984	-9.52120972	9.33531857	3.00000000	-0.03984579	0.20256619	0.14612886	9.95803070	-0.01618244	0.69860256	0.94347888	1.17407823	0.05998586	8.92183018	0.10908295	5.58507776	2.00000000	-0.04653417	0.31846324	0.08425624	9.75665474	-0.01297407	0.27178574	0.11751751	0.29638857	1.48498249	4.01767588	-0.00354120	3.76279163	2.00000000
14.510000	0.03683433	0.42542642	0.78711605	16.16810036	0.97068399	2.14971566	-1.14645505	2.62256813	-1.89834177	2.95567107	-11.35448074	6.99134254	3.00000000	-0.01602742	0.57908207	0.39958799	13.75828838	0.30166975	2.17658758	-0.96935773	2.40170622	-4.05387783	0.95392960	-11.08266830	5.37446928	3.00000000	-0.04027647	0.21075526	0.15656778	9.97130585	0.01382374	0.79222256	0.91834474	1.21291578	2.29478908	6.33020782	-4.16921234	1.22304857	2.00000000	-0.04685248	0.32199273	0.08573969	9.76049614	0.01318892	0.31318489	0.11391341	0.33351910	1.87818909	2.50975013	-0.88446152	2.17407894	2.00000000
14.520000	0.04712244	0.44793671	0.77489585	16.19570351	0.92929202	2.17780256	-1.27999485	2.69161558	-5.78593063	-0.67130125	-10.48447323	2.66782427	3.00000000	-0.01296374	0.60151583	0.38918748	13.78320503	0.23595400	2.19015813	-1.09705818	2.46089482	-5.46023798	-4.66637373	-11.30138779	0.96539056	3.00000000	-0.04049530	0.21905334	0.16567095	9.98362541	0.06489664	0.84881657	0.84372967	1.19857454	3.25101209	3.25157332	-7.51094389	-2.87141395	2.00000000	-0.04677896	0.32557040	0.08683542	9.76423836	0.04298777	0.33318847	0.10198093	0.35108778	1.39846098	0.87637424	-1.51944709	0.47882470	2.00000000
14.530001	0.05646622	0.46996403	0.76087040	16.22343826	0.83817995	2.15812707	-1.38953519	2.70016026	-8.80514526	-4.73849344	-8.00485802	-2.36098361	3.00000000	-0.00998073	0.62285751	0.37719381	13.80786705	0.18420079	2.06823254	-1.23002720	2.41339636	-6.08243227	-11.02347279	-10.23293877	-4.31735086	3.00000000	-0.03969309	0.22836445	0.17362393	9.99589729	0.11374779	0.85668623	0.73393953	1.13380647	2.35314560	-0.06830245	-9.42857552	-6.28397512	2.00000000	-0.04613656	0.32885468	0.08785049	9.76773548	0.06417135	0.32547387	0.07795033	0.34077480	0.48202974	-0.44751862	-1.87445021	-0.87510693	2.00000000
14.540000	0.06437322	0.49157640	0.74560404	16.25105476	0.71747774	2.08498859	-1.45911074	2.64404154	-10.51791859	-8.96267414	-4.49983168	-7.58420992	3.00000000	-0.01021336	0.64546323	0.36384779	13.83411980	0.11912730	1.89800251	-1.33723986	2.32482576	-5.20601273	-17.21172523	-8.00939655	-9.68179512	3.00000000	-0.03767211	0.23674138	0.18000564	10.00662041	0.14357939	0.82992923	0.61704910	1.04410112	-0.04922775	-2.93231297	-9.85474586	-8.52454948	2.00000000	-0.04479220	0.33204606	0.08831879	9.77122974	0.06291882	0.30361885	0.05105603	0.31424496	-0.99214393	-1.43354797	-1.93066645	-1.78306043	2.00000000
14.550000	0.07080913	0.51226825	0.73045367	16.27749634	0.59187078	1.96364141	-1.48145008	2.52999854	-10.85935307	-12.67191315	-0.79807436	-12.15150738	3.00000000	-0.00892071	0.66303509	0.34961581	13.85676956	0.04628715	1.70513439	-1.40193200	2.20794916	-4.27039433	-19.85313797	-4.79338169	-12.66544056	3.00000000	-0.03531476	0.24563104	0.18572849	10.01745224	0.13287437	0.77851075	0.51287735	0.94168878	-2.96427417	-4.74381065	-9.12860584	-9.25548840	2.00000000	-0.04382515	0.33505368	0.08890359	9.77444267	0.03084329	0.27957904	0.03194542	0.28308350	-3.04030061	-2.03224969	-1.65684998	-1.93657148	2.00000000
14.560000	0.07579691	0.53181225	0.71562570	16.30253029	0.48135537	1.80816770	-1.46098781	2.37395430	-10.15752697	-15.17599010	2.60256529	-15.44694614	3.00000000	-0.00843892	0.67836040	0.33514473	13.87785339	0.01510151	1.46108460	-1.43070138	2.04497004	-3.16798067	-19.47141647	-1.20526254	-13.72251511	3.00000000	-0.03375299	0.25278071	0.19022663	10.02604198	0.07668336	0.71281153	0.42989239	0.83593547	-5.26220989	-5.45219994	-7.76835871	-8.72883701	2.00000000	-0.04349661	0.33771524	0.08884246	9.77712536	0.00874698	0.26622266	0.01695286	0.26690525	-3.94418335	-2.00843835	-1.37040198	-1.78809011	2.00000000
14.570001	0.07981282	0.54926896	0.70123225	16.32551003	0.38866803	1.63160253	-1.41149104	2.19214439	-8.97799492	-16.49497223	5.37309217	-17.50263023	3.00000000	-0.00868658	0.69155765	0.32056421	13.89752102	0.00570641	1.23551977	-1.42111742	1.88311350	-1.34789896	-18.37561226	2.04528069	-14.38531494	3.00000000	-0.03329604	0.25961217	0.19389959	10.03381157	-0.01100342	0.65120679	0.36539856	0.74679816	-6.01662874	-5.55151463	-6.32201147	-7.80049515	2.00000000	-0.04427218	0.34016761	0.08893980	9.77969933	-0.05847588	0.24340451	0.01074299	0.25056055	-5.46828127	-2.10479498	-0.92564887	-0.99084824	2.00000000
14.580000	0.08317434	0.56442952	0.68708026	16.34651947	0.30966991	1.45563722	-1.34235811	2.00417066	-7.75006247	-16.92723465	7.40001869	-18.57685661	3.00000000	-0.00907129	0.70266348	0.30623293	13.91565609	-0.00896510	1.08379567	-1.37927032	1.75416076	-0.03196943	-16.32126999	4.80554771	-14.38774490	3.00000000	-0.03431270	0.26543191	0.19700730	10.04048729	-0.09705582	0.59701949	0.30990478	0.67962718	-4.87554073	-5.40655518	-5.17539930	-7.02117443	2.00000000	-0.04555842	0.34233066	0.08901976	9.78221703	-0.12569875	0.22058636	0.00453312	0.25392729	-6.99237919	-2.20115161	-0.48089576	-0.19360638	2.00000000
14.590000	0.08607788	0.57759088	0.67378765	16.36544991	0.23847997	1.28884661	-1.25596273	1.81533492	-6.68339348	-16.73896217	8.76570415	-18.91197205	3.00000000	-0.00926784	0.71203965	0.29236057	13.93240070	0.00403786	0.95185834	-1.31298125	1.62171829	0.25928259	-13.76522350	6.96677160	-13.92843723	3.00000000	-0.03586274	0.27099279	0.19990453	10.04694653	-0.14764145	0.55468976	0.26610419	0.63268489	-2.31636858	-5.19911861	-4.41636181	-6.50587893	2.00000000													1.00000000
14.600000	0.08819479	0.58939445	0.66146296	16.38264656	0.17445590	1.12501824	-1.15921688	1.62477219	-5.70145321	-16.27428055	9.48205185	-18.68780899	3.00000000	-0.00927399	0.72101724	0.27952352	13.94806576	0.01953579	0.82855421	-1.22960627	1.48284030	0.23300701	-12.34840012	8.33834457	-13.85862637	3.00000000	-0.03819590	0.27661657	0.20254093	10.05358124	-0.14807069	0.50309819	0.22736414	0.57160056	0.64985836	-5.06823158	-3.92916179	-6.28779602	2.00000000													1.00000000
14.610001	0.08951999	0.60036927	0.65066147	16.39810181	0.12177321	0.96428889	-1.05435348	1.43399549	-4.62892485	-15.75194073	9.43910789	-17.89896393	3.00000000	-0.00862649	0.72915208	0.26771840	13.96241665	0.02412112	0.71181852	-1.13253522	1.33787274	-0.27546525	-11.67646313	8.95525837	-13.77677059	3.00000000	-0.04003369	0.28164694	0.20458385	10.05931282	-0.10769687	0.44882420	0.19192882	0.49987844	2.90747070	-4.91882324	-3.60824275	-6.18125105	2.00000000													1.00000000
14.620000	0.09006746	0.60965514	0.64077955	16.41167259	0.07872420	0.80657053	-0.95258051	1.25066507	-3.53584170	-14.88719368	8.77355480	-16.43273163	3.00000000	-0.00803893	0.73612183	0.25698328	13.97522926	0.01585528	0.59350330	-1.03526306	1.19342661	-1.31613731	-10.51395702	8.99182320	-13.02223110	3.00000000	-0.04100456	0.28611225	0.20624539	10.06417561	-0.05173540	0.39458150	0.15724574	0.42789873	3.76744032	-4.41799974	-3.31940961	-5.67017937	2.00000000													1.00000000
14.630000	0.09054473	0.61659873	0.63172847	16.42308998	0.05043912	0.65526611	-0.86520559	1.08650744	-2.69555449	-13.54311562	7.68712091	-14.36439419	3.00000000	-0.00792018	0.74105912	0.24706320	13.98631096	-0.00360391	0.48053810	-0.94351953	1.05884790	-2.16236091	-8.84182167	8.58424377	-11.70702553	3.00000000	-0.04077132	0.28919673	0.20745307	10.06749630	-0.00207539	0.34761626	0.12242011	0.36854857	3.20548916	-3.51298022	-2.97335887	-4.57652998	2.00000000													1.00000000
14.640000	0.09105639	0.62191004	0.62365144	16.43276978	0.03471163	0.51947385	-0.79938763	0.95398039	-2.21564913	-11.87818432	6.33630991	-11.91783619	3.00000000	-0.00821049	0.74483413	0.23829462	13.99586201	-0.03621552	0.39324906	-0.86292088	0.94899356	-2.61674643	-6.91716862	7.82852411	-10.00397396	3.00000000	-0.03990965	0.29212067	0.20866923	10.07077789	0.02656303	0.31741634	0.09210333	0.33157465	1.87936902	-2.63071179	-2.64253712	-3.39774466	2.00000000													1.00000000
14.650001	0.09131844	0.62585300	0.61611414	16.44128036	0.02076092	0.41300604	-0.74549663	0.85250819	-2.06606460	-10.01848507	4.97092152	-9.34952641	3.00000000	-0.00893506	0.74769169	0.22997572	14.00468826	-0.06957918	0.34338087	-0.78793961	0.86232275	-2.75067902	-4.93359518	6.96901369	-8.20292091	3.00000000	-0.03940801	0.29507115	0.20951039	10.07388687	0.03247323	0.30428070	0.07006426	0.31392714	0.66638941	-1.94957542	-2.22848988	-2.44303918	2.00000000													1.00000000
14.660000	0.09163028	0.62970197	0.60916531	16.44923019	0.00026605	0.32728413	-0.70357072	0.77596825	-2.14094114	-8.23131847	3.87475920	-7.06493187	3.00000000	-0.00951677	0.75093806	0.22275056	14.01263046	-0.09713608	0.31697252	-0.72129107	0.79383105	-2.52796507	-3.34730387	6.20080233	-6.71576786	3.00000000	-0.03934730	0.29821104	0.20992914	10.07705498	0.02009707	0.29639053	0.05195426	0.30157998	-0.06949132	-1.54262877	-1.62821817	-1.85095739	2.00000000													1.00000000
14.670000	0.09146319	0.63271326	0.60212296	16.45689201	-0.02658988	0.25869608	-0.66990852	0.71861541	-2.16003466	-6.83199835	3.25148344	-5.47777653	3.00000000	-0.01079337	0.75422710	0.21555112	14.02064800	-0.11907987	0.29707152	-0.66549611	0.73845553	-1.89087081	-2.63522696	5.56619978	-5.82157278	3.00000000	-0.03939266	0.30154613	0.21023150	10.08040428	0.00913162	0.28088564	0.03434109	0.28312442	-0.48968506	-1.44544494	-0.96964943	-1.63634193	2.00000000													1.00000000
14.680000	0.09113622	0.63519096	0.59564072	16.46383858	-0.05422514	0.20003417	-0.64652711	0.67893398	-1.93636382	-5.81661844	3.05274606	-4.58212566	3.00000000	-0.01204285	0.75767213	0.20956303	14.02766800	-0.13778770	0.27706772	-0.61522359	0.68865961	-1.00784028	-2.61390376	4.98798609	-5.36396742	3.00000000	-0.03940891	0.30427733	0.21054152	10.08315277	0.01038598	0.26195520	0.02508809	0.26335871	-0.77092260	-1.49995768	-0.40276420	-1.56910527	2.00000000													1.00000000
14.690001	0.09040009	0.63632530	0.58923602	16.47038460	-0.07399072	0.14582524	-0.62327033	0.64436442	-1.46607208	-4.96361208	3.22421384	-4.23558378	3.00000000	-0.01371250	0.76004726	0.20350045	14.03438950	-0.14838371	0.24893680	-0.56913370	0.63867080	0.01232047	-2.62367535	4.67349386	-5.24140978	3.00000000	-0.03925969	0.30658817	0.21080728	10.08548355	0.01223413	0.24409740	0.02751524	0.24594776	-1.04765880	-1.45152020	0.08072067	-1.35452092	2.00000000													1.00000000
14.700000	0.08930935	0.63747752	0.58339179	16.47644043	-0.08292657	0.09750922	-0.58945364	0.60319191	-0.80149424	-4.42128229	3.79379582	-4.45091343	3.00000000	-0.01527175	0.76218647	0.19812225	14.04038429	-0.14232853	0.21371642	-0.52360713	0.58317798	1.08622050	-2.48968911	4.80823660	-5.50762177	3.00000000	-0.03899148	0.30863994	0.21093671	10.08755684	0.00022833	0.23069480	0.03645917	0.23355816	-1.46708393	-1.35707116	0.40400466	-1.08094323	2.00000000													1.00000000
14.710000	0.08833486	0.63817084	0.57723355	16.48271370	-0.08577772	0.05769729	-0.54801500	0.55768025	-0.10548320	-4.34572887	4.77761793	-5.13094664	3.00000000	-0.01681710	0.76403713	0.19301467	14.04603195	-0.12285236	0.18374175	-0.48247102	0.53069013	2.02456331	-2.40883660	5.34365559	-6.12840605	3.00000000	-0.03872323	0.31085274	0.21118656	10.08979988	-0.02456981	0.22098322	0.04372373	0.22660324	-1.74989927	-1.59349489	0.35951990	-1.21678686	2.00000000													1.00000000
14.720000	0.08752296	0.63892871	0.57187635	16.48818398	-0.08418784	0.02673020	-0.49648234	0.50427848	0.39267054	-4.55021906	5.92045069	-5.80658197	3.00000000	-0.01807781	0.76592904	0.18835364	14.05121803	-0.09146764	0.16945899	-0.43000889	0.47115847	2.56287694	-2.42803669	6.10572481	-6.91681290	3.00000000	-0.03898998	0.31337824	0.21182701	10.09241867	-0.05236836	0.21122569	0.04773835	0.22279517	-1.30719256	-2.26249385	-0.06093802	-2.00508571	2.00000000													1.00000000
14.730000	0.08689033	0.63885880	0.56707644	16.49302673	-0.07638652	-0.01717061	-0.43422529	0.44122708	0.58924246	-4.77740574	7.04074907	-6.10924149	3.00000000	-0.01876931	0.76742142	0.18436299	14.05553436	-0.05915897	0.15503415	-0.36350164	0.39958581	2.65969253	-2.57529902	7.07613420	-7.90458059	3.00000000	-0.03997870	0.31556690	0.21257681	10.09493446	-0.07194181	0.19098297	0.04642779	0.20929801	-0.11713290	-3.11723065	-0.58478934	-3.16127419	2.00000000													1.00000000
14.740001	0.08614876	0.63853234	0.56316513	16.49702072	-0.06536593	-0.07601330	-0.35500824	0.36889237	0.61740863	-4.97124338	8.19483662	-5.86365938	3.00000000	-0.01909135	0.76887840	0.18061836	14.05956554	-0.03071243	0.12845793	-0.28243101	0.31178832	2.47423959	-3.01395822	8.21877480	-9.05612564	3.00000000	-0.04119058	0.31738141	0.21309055	10.09717655	-0.06964296	0.14932279	0.03650163	0.16875961	1.14257431	-3.89152551	-0.96302319	-3.92274714	2.00000000													1.00000000
14.750000	0.08523551	0.63776833	0.56000155	16.50040054	-0.05679478	-0.13639082	-0.26550540	0.30384406	0.53321809	-4.81607008	9.52673721	-4.71630335	3.00000000	-0.01901308	0.77030337	0.17822763	14.06235027	-0.01057886	0.08904387	-0.19631496	0.21582466	2.17284203	-3.68431997	9.28258705	-7.47014523	3.00000000	-0.04215698	0.31879723	0.21333747	10.09890842	-0.03776640	0.09622400	0.01963265	0.10521787	1.87740040	-4.46438694	-1.13254678	-3.71540546	2.00000000													1.00000000
14.760000	0.08481728	0.63595128	0.55745918	16.50355339	-0.05592256	-0.18513650	-0.16711403	0.25559726	0.24528854	-4.10478449	11.04658031	-2.11602855	3.00000000	-0.01905132	0.77124822	0.17678322	14.06407642	0.00673916	0.04653732	-0.09966368	0.11019976	1.93234754	-4.23828888	10.28338814	-3.00942898	3.00000000	-0.04240725	0.31948185	0.21329693	10.09963894	0.00297079	0.04473378	0.00406603	0.04501633	1.93127799	-4.85643673	-1.15323639	-2.38230467	2.00000000													1.00000000
14.770000	0.08446644	0.63352209	0.55633128	16.50625420	-0.05444952	-0.22212465	-0.05524854	0.23527965	-0.15212470	-3.40593219	12.52998447	1.78309500	3.00000000	-0.01903244	0.77137274	0.17645428	14.06442833	0.02443379	0.00197838	0.00830417	0.02588210	1.82589030	-4.66270876	11.40998459	1.87745142	3.00000000	-0.04184067	0.31950065	0.21326527	10.10020638	0.02660969	0.00129739	-0.00576389	0.02725768	1.34723055	-5.22391796	-1.16768646	0.04656818	2.00000000													1.00000000
14.780001	0.08416506	0.63079298	0.55623400	16.50900078	-0.05580919	-0.24234502	0.07986724	0.26119828	-0.41769814	-3.35036063	13.96482372	6.22525024	3.00000000	-0.01892246	0.77081448	0.17679965	14.06509399	0.04299821	-0.04471342	0.12578294	0.14024793	1.86179352	-5.33892059	12.70406437	7.40573120	3.00000000	-0.04077030	0.31907666	0.21311545	10.10136700	0.02613887	-0.04287486	-0.01105145	0.05141623	0.57989967	-5.82636261	-1.29015708	3.13724685	2.00000000													1.00000000
14.790000	0.08327059	0.62828159	0.55752981	16.51196480	-0.06294250	-0.26174235	0.23533304	0.35756463	-0.53201616	-4.13399124	15.34980011	10.75243759	3.00000000	-0.01826428	0.77010018	0.17839938	14.06696510	0.06240119	-0.09434272	0.25839245	0.28206581	1.93085396	-6.52159595	13.96020317	13.52070999	3.00000000	-0.04034276	0.31844372	0.21303920	10.10213470	0.01578722	-0.10229821	-0.02118299	0.10565452	0.40455905	-6.91204739	-1.56290865	6.12259531	2.00000000													1.00000000
14.800000	0.08262154	0.62604123	0.56047142	16.51571846	-0.07270115	-0.30098903	0.39635000	0.50296438	-0.63640964	-5.64298820	16.45324135	14.87261105	3.00000000	-0.01738449	0.76923883	0.18144910	14.07025433	0.08100675	-0.15833974	0.40609488	0.44333577	1.94927418	-8.01389503	15.00511837	17.25792313	3.00000000	-0.04069528	0.31783941	0.21287039	10.10285473	0.00906475	-0.17833759	-0.04107033	0.18323001	0.89889175	-8.29552746	-1.96193373	8.39608192	2.00000000													1.00000000
14.810000	0.08176743	0.62344557	0.56529123	16.52125931	-0.07960579	-0.36869296	0.56617904	0.68031633	-0.64952719	-7.47883034	16.92802429	17.69153976	3.00000000	-0.01636873	0.76777011	0.18638134	14.07549953	0.10194231	-0.24737963	0.56769425	0.62758720	1.96459877	-9.46221352	15.65086746	18.31019020	3.00000000	-0.04141473	0.31592476	0.21258776	10.10491943	0.02238114	-0.27033561	-0.06655616	0.27930626	1.32373810	-9.28639507	-2.35004306	9.66218472	2.00000000													1.00000000
14.820001	0.08118337	0.61955011	0.57215816	16.52917671	-0.08338118	-0.46326268	0.74155480	0.87833261	-0.49169806	-8.89697266	16.84703827	18.86990547	3.00000000	-0.01548008	0.76517957	0.19294082	14.08260822	0.12176546	-0.36097267	0.73341686	0.82645530	2.07667255	-10.52891350	15.70180225	18.85944557	3.00000000	-0.04119226	0.31255901	0.21171401	10.10840416	0.05693020	-0.37868071	-0.09326127	0.39412916	1.04785931	-9.43125916	-2.50895357	9.81528854	2.00000000													1.00000000
14.830000	0.08021413	0.61422032	0.58017904	16.53885651	-0.08899719	-0.57021278	0.91880608	1.08501971	-0.25814882	-9.41359234	16.44418907	18.88454056	3.00000000	-0.01434710	0.76078415	0.20113562	14.09197617	0.14064403	-0.48244792	0.89454550	1.02603531	2.22052598	-11.04161167	15.06994915	18.60705948	3.00000000	-0.04021793	0.30792218	0.21046859	10.11330318	0.08468833	-0.48641759	-0.11944025	0.50797653	-0.05405537	-8.83483028	-2.50511003	9.17725849	2.00000000													1.00000000
14.840000	0.07930291	0.60756809	0.59029001	16.55099297	-0.09225085	-0.67543286	1.08029044	1.27739859	-0.14929262	-9.16526604	15.58778572	18.04145813	3.00000000	-0.01265691	0.75502014	0.21090214	14.10344219	0.16247560	-0.59688735	1.04508972	1.21444857	2.26514530	-11.03253651	13.86128807	17.63332176	3.00000000	-0.03836871	0.30232942	0.20900446	10.11937332	0.07913162	-0.57455921	-0.14460385	0.59773773	-1.77006042	-7.65349293	-2.55539560	8.04290295	2.00000000													1.00000000
14.850000	0.07823770	0.60022521	0.60187352	16.56474876	-0.09152746	-0.76346248	1.23000681	1.45057535	-0.20074080	-8.66929626	14.10034370	16.52750206	3.00000000	-0.01082310	0.74808788	0.22221734	14.11683846	0.18895708	-0.70001429	1.17867982	1.38383925	2.13797045	-10.79960918	12.32004642	16.26865578	3.00000000	-0.03708744	0.29610068	0.20758457	10.12588882	0.03775839	-0.63714755	-0.16621487	0.65955293	-3.29862142	-6.15605354	-2.87112546	6.70033312	2.00000000													1.00000000
14.860001	0.07728657	0.59226704	0.61554879	16.58059883	-0.08834159	-0.83579022	1.36931682	1.60666668	-0.38797811	-8.32914162	12.25900650	14.80610657	3.00000000	-0.00882214	0.74076694	0.23489243	14.13161182	0.21446653	-0.80183047	1.29282558	1.53633523	1.66424620	-10.77747822	10.63164520	14.86507511	3.00000000	-0.03705205	0.28931686	0.20594764	10.13286781	-0.02061746	-0.68553460	-0.19275285	0.71241587	-3.91140985	-4.59342766	-3.23062873	5.36549997	2.00000000													1.00000000
14.870000	0.07649644	0.58343202	0.62972975	16.59732628	-0.09211835	-0.90841049	1.48764443	1.74550319	-0.86617333	-8.44175529	10.46273327	13.40380192	3.00000000	-0.00671800	0.73265040	0.24866554	14.14773655	0.23269735	-0.90633976	1.38876653	1.67459607	0.68832970	-11.17413235	8.90132141	13.64033127	3.00000000	-0.03818568	0.28209829	0.20393154	10.14044762	-0.07411548	-0.72358346	-0.22616236	0.76171881	-3.47564769	-3.33731747	-3.60419726	4.41741085	2.00000000													1.00000000
14.880000	0.07577395	0.57421976	0.64541006	16.61552620	-0.10290623	-0.99429584	1.57707024	1.86718082	-1.61349440	-9.18742466	8.48014641	12.25127411	3.00000000	-0.00423307	0.72334188	0.26296401	14.16497803	0.23779908	-1.01997745	1.46855128	1.80375862	-0.79517883	-11.70664597	7.19037247	12.53663158	3.00000000	-0.03971982	0.27491599	0.20155784	10.14816570	-0.10027888	-0.75622201	-0.27474314	0.81080908	-2.29489160	-2.59587407	-4.30452394	4.09424353	2.00000000													1.00000000
14.890000	0.07481047	0.56399089	0.66164827	16.63474083	-0.12159415	-1.09137595	1.64742362	1.97987151	-2.36101341	-10.22301579	6.21643925	11.10831547	3.00000000	-0.00144495	0.71223199	0.27805546	14.18392372	0.22377850	-1.14294684	1.53341353	1.92555475	-2.52298689	-11.94630909	5.49767590	11.36003780	3.00000000	-0.04085341	0.26695767	0.19852081	10.15675926	-0.11078718	-0.76868057	-0.31315944	0.83738428	-1.15770316	-1.76346791	-4.83921957	3.62698269	2.00000000													1.00000000
14.900001	0.07340126	0.55277199	0.67883509	16.65531349	-0.15276974	-1.20101464	1.70629609	2.09218097	-3.02181005	-10.89163971	4.06852770	9.95564270	3.00000000	0.00101682	0.70010382	0.29366893	14.20384693	0.18868323	-1.27328432	1.58064926	2.03845692	-4.09737825	-11.82800198	3.76908064	10.06930351	3.00000000	-0.04162964	0.25923726	0.19525814	10.16517639	-0.10855220	-0.78366929	-0.36194584	0.87001491	-0.60866517	-0.57943410	-4.77368402	2.65034914	2.00000000													1.00000000
14.910000	0.07169592	0.54010206	0.69597048	16.67669296	-0.18882757	-1.32112098	1.73737204	2.19077110	-3.49405456	-11.15834904	2.11439514	8.81543064	3.00000000	0.00280857	0.68660730	0.31003919	14.22513866	0.13151686	-1.39512861	1.61007833	2.13448644	-5.09511709	-11.47840691	1.96003604	8.72597218	3.00000000	-0.04226935	0.25082693	0.19088511	10.17467690	-0.10386720	-0.79784006	-0.42493826	0.90989542	-0.15141658	0.23386179	-4.89408302	2.13478446	2.00000000	-0.04897876	0.33453512	0.08859810	9.79074001	0.03643340	-0.32736784	-0.04684323	0.33270314	-2.35849071	2.08085823	0.04020411	-2.19728088	2.00000000
14.920000	0.06974326	0.52625990	0.71381313	16.69935989	-0.22677623	-1.44019222	1.74283373	2.27223468	-7.94708824	-7.82113647	2.50968719	7.06379795	3.00000000	0.00368501	0.67241973	0.32657063	14.24694061	0.06593783	-1.50226891	1.62077665	2.21089959	-5.28906536	-11.20897770	0.34330288	7.71969509	3.00000000	-0.04385009	0.24372946	0.18753797	10.18268204	-0.11418375	-0.78372604	-0.47030720	0.92111522	0.68426126	0.68911314	-5.34007359	2.11701727	3.00000000	-0.04859722	0.33117399	0.08816314	9.79415035	0.01440626	-0.30731708	-0.04705936	0.31123289	-1.28283548	1.82662308	-0.16168915	-1.84772468	2.00000000
14.930000	0.06716008	0.51113731	0.73152858	16.72279549	-0.27106261	-1.54272282	1.73363376	2.33644056	1.23267841	-15.29726887	-3.50328064	9.18067455	3.00000000	0.00389589	0.65636444	0.34282652	14.26978970	0.00390084	-1.60351193	1.61281490	2.27429938	-4.85591412	-11.57089043	-0.65455532	7.69679737	3.00000000	-0.04487735	0.23497689	0.18158759	10.19331551	-0.12257229	-0.75875479	-0.50979280	0.92229146	1.59854877	1.50560033	-5.25439882	1.62187910	3.00000000	-0.04830558	0.32821983	0.08762648	9.79716682	-0.00762089	-0.28726631	-0.04727548	0.29123014	-0.20718026	1.57238781	-0.36358240	-1.49816835	2.00000000
14.940001	0.06449367	0.49498361	0.74886268	16.74663925	-0.32772177	-1.63252401	1.72052729	2.39431620	33.16928864	-42.05657578	-21.12945557	32.06638336	3.00000000	0.00343813	0.63990635	0.35889184	14.29279327	-0.03944959	-1.70908964	1.58862984	2.33372855	-4.31980419	-12.96323109	-1.06064677	8.90052700	3.00000000	-0.04625858	0.22749431	0.17620455	10.20263577	-0.09886994	-0.74744099	-0.57112634	0.94584805	2.63139510	1.87412250	-5.52305365	1.79793477	3.00000000	-0.04864760	0.32532829	0.08719075	9.80011082	0.00155149	-0.27391538	-0.05083730	0.27859733	0.06759454	1.17486441	-0.45963258	-1.05933368	2.00000000
14.950000	0.06093609	0.47798991	0.76565933	16.77079582	-0.54166770	-1.60125017	1.79014003	2.46211433	34.39764023	-43.47813034	-22.12969780	33.91381073	3.00000000	0.00278800	0.62229139	0.37460914	14.31641006	-0.06737134	-1.83805418	1.56898224	2.41757894	-4.14187241	-14.93794346	-1.49547350	10.63244724	3.00000000	-0.04758383	0.22049321	0.17060955	10.21169567	-0.05026714	-0.73289543	-0.63246572	0.96936858	3.69660759	1.36554241	-6.80363178	3.35203552	3.00000000	-0.04892403	0.32268670	0.08670609	9.80281067	0.00911321	-0.25831038	-0.05836971	0.26497987	0.94594538	1.72041523	-1.51084602	-1.20967841	2.00000000
14.960000	0.05690173	0.46077430	0.78242266	16.79516029	0.58240199	-2.66969872	1.17363572	2.97387028	3.76109624	-16.73882294	-5.98875284	9.96215916	3.00000000	0.00169671	0.60397917	0.39014640	14.34045029	-0.09612421	-2.00260186	1.56467974	2.54320216	-4.26216316	-16.47516632	-2.91288090	11.61282825	3.00000000	-0.04811708	0.21355045	0.16428603	10.22110176	-0.00071436	-0.70468110	-0.68524975	0.98292583	3.94471478	1.16166413	-8.01875782	4.77399826	3.00000000	-0.04902836	0.32032874	0.08618286	9.80522823	0.02449788	-0.25379682	-0.06764133	0.26379597	1.10977554	-1.87448180	0.28952977	2.24536157	2.00000000
14.970000	0.05188211	0.44213182	0.79935288	16.82083893	1.91606510	-3.96237564	0.41245916	4.42061615	3.27850699	-14.19524288	-8.07990646	5.11616850	3.00000000	0.00107665	0.58376694	0.40537724	14.36576653	-0.14315492	-2.19929409	1.55883050	2.69950747	-4.26420689	-16.31627083	-6.06744480	10.46708202	3.00000000	-0.04751502	0.20630157	0.15699597	10.23139954	0.04483508	-0.70079684	-0.77552170	1.04621232	2.99148297	1.71615028	-8.40722752	5.17404795	3.00000000	-0.04835049	0.31798673	0.08543468	9.80777836	0.03826680	-0.25914782	-0.07903414	0.27362078	0.48290449	-10.65418911	5.81771088	11.16965580	2.00000000
14.980000	0.04767069	0.42124134	0.81633091	16.84808540	0.61475724	-3.00386977	1.06869042	3.24703860	-10.83953381	-0.22523899	-5.51276875	-1.84509146	3.00000000	-0.00024704	0.56066310	0.42110550	14.39374733	-0.20529878	-2.39229631	1.50945485	2.83613873	-3.84031057	-13.04227638	-10.78468418	6.06428766	3.00000000	-0.04618982	0.19925451	0.14892431	10.24219608	0.07550710	-0.70138669	-0.88412410	1.13107026	1.42806482	2.60062408	-7.52093506	4.32156420	3.00000000	-0.04753936	0.31541738	0.08448464	9.81063557	0.05344540	-0.22241274	-0.12581813	0.26106328	-0.03781114	-13.10107040	7.80378389	14.06711388	2.00000000
14.990001	0.14283471	0.31689280	0.78072280	16.99373055	-0.53690654	-2.08038330	1.59485686	2.67578626	-74.18090820	57.43213272	24.34159088	-15.71568203	4.00000000	-0.00228621	0.53488791	0.43699491	14.42409515	-0.25473174	-2.53951263	1.37417316	2.89868331	-3.16466594	-6.41019106	-15.52031612	-1.22617674	3.00000000	-0.04509221	0.19245583	0.13984552	10.25359154	0.07970007	-0.67784560	-0.98545533	1.19872808	-0.10710216	4.14800835	-4.26105690	1.03532672	3.00000000	-0.04697533	0.31259269	0.08353560	9.81366825	0.04040754	-0.58857596	0.10284620	0.59885871	-0.33717877	-11.38124561	6.66322613	11.99238014	2.00000000
15.000000	0.14131759	0.28803089	0.79257673	17.02496910	-0.20472056	-2.39881015	1.17946863	2.68092275	-74.89974213	64.67516327	22.78437614	-22.28948784	4.00000000	-0.00599997	0.50746661	0.45166877	14.45541668	-0.27235287	-2.59037971	1.15393913	2.84882760	-2.05946159	1.83535016	-18.32451057	-9.27038193	3.00000000	-0.04451292	0.18540390	0.12914513	10.26641941	0.06043088	-0.62407821	-1.03661633	1.21148622	-1.30122530	6.54777479	1.52585149	-4.94620323	3.00000000	-0.04679998	0.30938795	0.08244053	9.81705952	0.01884367	-0.93044013	0.32587335	0.98603618	-0.70809233	-14.00872993	7.80407476	14.18126965	2.00000000
15.010000	0.03780983	0.35174635	0.86158782	17.16473961	-1.37618434	-1.40934551	1.53213334	2.49551010	-11.36955929	16.24046326	-11.61305046	-16.83069038	3.00000000	-0.00985352	0.48035294	0.46270752	14.48494434	-0.27024615	-2.50329781	0.90200973	2.67453814	0.44391003	9.17386150	-17.89608765	-15.53104305	3.00000000	-0.04404461	0.17885661	0.11749855	10.27978802	0.03119257	-0.54284978	-0.99593943	1.13470447	-1.88915312	8.76121044	8.43138695	-11.86201859	3.00000000	-0.04618033	0.30637977	0.08130019	9.82033539	0.01379447	-0.83366954	0.28576085	0.88139349	-0.79050827	-7.06911898	4.13978529	6.87036419	2.00000000
15.020000	0.03371414	0.32963547	0.86885870	17.18837357	-2.72250295	-0.13983026	2.08057213	3.42933750	5.27236319	6.88861370	-15.82470894	-13.92568684	3.00000000	-0.01238712	0.45500827	0.46894786	14.51116848	-0.27741024	-2.31464887	0.70010871	2.43407226	1.72784793	14.35508251	-13.87013626	-18.60882378	3.00000000	-0.04398189	0.17368972	0.10606666	10.29233360	0.00766075	-0.43622676	-0.85251361	0.95767003	-1.76363111	9.84598255	14.70429230	-17.72951508	3.00000000	-0.04728551	0.27343619	0.10054307	9.85850334	0.01528676	-0.84786016	0.24852845	0.88366675	-0.24012768	11.07632542	-6.16462946	-10.75475693	3.00000000
15.030001	0.02861401	0.30875984	0.87319630	17.21029663	-1.39372873	-1.08529770	1.26067448	2.17017293	9.87282181	8.58612537	-8.98436069	-13.96029282	3.00000000	-0.01371798	0.43250170	0.47246453	14.53398705	-0.26015818	-2.10621214	0.58694482	2.20188928	2.82913089	15.29390526	-7.54422522	-17.14765167	3.00000000	-0.04384166	0.16991180	0.09764466	10.30156517	-0.00780122	-0.31419843	-0.63710922	0.71041518	-1.15971601	9.60669041	18.42228127	-20.67042160	3.00000000	-0.04651700	0.27236584	0.09862266	9.86083221	0.01023806	-0.90163076	0.25875667	0.93808198	0.04616967	16.52054024	-9.34237289	-16.34885597	3.00000000
15.040000	0.02418627	0.29036066	0.87847179	17.22994232	-0.16785540	-1.95801306	0.58641380	2.05082226	45.65315247	-18.08757591	-20.01403046	-25.72280693	3.00000000	-0.01586720	0.41429958	0.47657698	14.55277157	-0.16873610	-1.94493222	0.56292534	2.03177714	6.15292645	12.00252533	-1.24102724	-11.97255611	3.00000000	-0.04425421	0.16791470	0.09314028	10.30650997	-0.01485022	-0.20603350	-0.40011454	0.45029098	-0.51710671	8.19747734	18.46732330	-19.53012276	3.00000000	-0.04651833	0.27159071	0.09761903	9.86210060	0.01265469	-0.47897470	0.05196041	0.48195103	-0.18950558	14.41483212	-6.32249165	-15.07917595	3.00000000
15.050000	0.02126042	0.27303886	0.88609052	17.24909019	-0.22045745	-1.67903769	0.76397258	1.85780060	48.90024185	-19.84313202	-17.10327148	-23.67558861	3.00000000	-0.01975208	0.39695626	0.48347861	14.57183743	-0.18648911	-1.81468821	0.61400652	1.92480528	6.61187029	9.75819588	3.11268163	-8.53162670	3.00000000	-0.04445855	0.16653857	0.09174440	10.30848122	-0.01391315	-0.13237433	-0.19196725	0.23359786	-0.18372537	5.82917643	15.33344173	-15.14277458	3.00000000	-0.04578618	0.26576531	0.09342554	9.86931610	0.01940727	-0.08757189	-0.14973705	0.17454702	-0.46984690	17.65079498	-5.21174622	-18.12722588	4.00000000
15.060000	0.01942918	0.25745782	0.89521563	17.26723862	-0.05791254	-1.56608725	0.86740249	1.79119241	19.11427879	5.80451775	0.37995428	-8.18741989	3.00000000	-0.02126814	0.37961423	0.49102578	14.59081078	-0.04907921	-1.81053138	0.68833977	1.93758726	10.17785168	4.50869799	5.98476839	-2.44987607	3.00000000	-0.04474274	0.16609003	0.09154467	10.30904865	-0.00958058	-0.09301603	-0.05560275	0.10879079	-0.23481674	3.13461423	10.60544300	-9.49728298	3.00000000	-0.04607915	0.26577422	0.09352426	9.86962509	0.01075367	-0.13296381	-0.08550882	0.15845117	-0.68393916	14.34053230	-2.93174672	-14.14033413	4.00000000
15.070001	0.01953504	0.24238388	0.90469551	17.28504562	0.10249863	-1.47265935	0.91804761	1.73840237	9.60178280	13.36286354	2.75368381	-9.21455002	3.00000000	-0.01887833	0.36057982	0.49809489	14.61125565	0.08833069	-1.80637455	0.76267302	1.96276891	13.74383354	-0.74079990	8.85685539	3.63187456	3.00000000	-0.04464539	0.16532618	0.09155497	10.30981922	-0.00777959	-0.08128869	0.00367891	0.08174293	-0.59124696	1.09046996	5.80110884	-4.25529861	3.00000000	-0.04608037	0.26581901	0.09366925	9.86977673	-0.00200250	-0.06476740	-0.02332274	0.06886782	-1.01184702	4.29652739	1.75711215	-4.88725853	4.00000000
15.080000	0.02146609	0.22777897	0.91408795	17.30251694	0.23302957	-1.37952375	0.89380240	1.66020226	11.52464962	9.79228973	-4.51507807	-9.54352379	3.00000000													1.00000000	-0.04451717	0.16448624	0.09185523	10.31072044	-0.01668756	-0.09098636	0.01355279	0.09349155	-1.01425719	0.05187038	2.01866889	-0.65647751	3.00000000	-0.04597918	0.26581559	0.09391271	9.87003994	-0.01893258	-0.00680784	0.02601631	0.03288826	-1.19044185	0.98745275	3.05452132	-1.84335721	4.00000000
15.090000	0.02555215	0.21444340	0.92355728	17.31937599	0.33604506	-1.28478360	0.80733246	1.55414963	8.19571877	10.58130741	-9.33810520	-12.03107452	3.00000000													1.00000000	-0.04458134	0.16358227	0.09216695	10.31167889	-0.03412856	-0.10632239	0.00746449	0.11191482	-1.21466017	-0.18244460	-0.10402599	0.65232402	3.00000000	-0.04606310	0.26556841	0.09415039	9.87039280	-0.02761564	-0.02474884	0.01813707	0.04128053	-0.96423578	1.46783066	1.23965359	-1.19308937	4.00000000
15.100000	0.02971276	0.20165555	0.93165147	17.33507156	0.40058464	-1.17589974	0.67685145	1.41468585	5.45241976	11.38489342	-12.80971622	-13.99997044	3.00000000													1.00000000	-0.04506522	0.16240606	0.09227851	10.31295586	-0.05473553	-0.10761879	-0.00373808	0.12079634	-0.96867776	0.25740999	-0.71452481	0.21907215	3.00000000	-0.04649219	0.26515287	0.09435465	9.87102413	-0.03902670	-0.03164286	0.01521638	0.05249659	-0.44342750	0.01444623	-0.02690485	0.01264199	4.00000000
15.110001	0.03380550	0.19093031	0.93802077	17.34819984	0.42885643	-1.05501127	0.51864684	1.25138366	3.47426605	11.80236340	-14.67721367	-14.55643749	3.00000000													1.00000000	-0.04593593	0.16103439	0.09205224	10.31459618	-0.06665106	-0.09924334	-0.01627281	0.12064995	-0.22096090	1.10670197	-0.49868110	-0.92936873	3.00000000	-0.04717083	0.26474059	0.09445146	9.87182426	-0.04389755	-0.03461887	0.01087481	0.05695369	0.20733853	-0.11526434	-0.42565867	-0.27484429	4.00000000
15.120000	0.03815210	0.18063958	0.94189018	17.36002159	0.43848488	-0.92176718	0.35503805	1.08072925	2.26417065	11.55576420	-15.23597240	-13.46136761	3.00000000													1.00000000	-0.04690473	0.15993404	0.09168853	10.31610680	-0.06519701	-0.08242428	-0.02218770	0.10740907	0.79767555	1.82968497	0.01147553	-1.94143748	3.00000000	-0.04775991	0.26440316	0.09452200	9.87250710	-0.03906345	-0.03154700	0.00714722	0.05071735	0.88746172	0.55859011	-0.19253150	-0.66704285	4.00000000
15.130000	0.04234049	0.17212932	0.94412696	17.36976624	0.45384383	-0.79767251	0.20142941	0.93959004	1.93011475	10.24580288	-14.47304249	-10.63310432	3.00000000													1.00000000	-0.04760106	0.15927811	0.09133057	10.31712818	-0.04848443	-0.05781538	-0.01801755	0.07757571	1.67158628	2.17470431	0.60559690	-1.93902695	3.00000000	-0.04810249	0.26413128	0.09456071	9.87294579	-0.02394238	-0.02247790	0.00524577	0.03325675	1.49559307	0.91321355	-0.05712245	-0.43254915	4.00000000
15.140000	0.04726524	0.16475315	0.94527543	17.37870979	0.47542655	-0.69759673	0.05423774	0.84593934	2.22420382	7.53235388	-12.58198833	-6.44450808	3.00000000													1.00000000	-0.04794924	0.15900686	0.09116435	10.31760025	-0.02035145	-0.03029319	-0.00520926	0.03686455	2.10359812	2.27949715	1.09230554	-1.24167287	3.00000000	-0.04817545	0.26388633	0.09459854	9.87320423	-0.00140325	-0.00890916	0.00579221	0.01071876	1.77879882	1.09796929	0.12549752	-0.06340248	4.00000000
15.150001	0.05189412	0.15902747	0.94556594	17.38607788	0.50140709	-0.62494302	-0.07208586	0.80446208	2.67461228	3.66659951	-10.11775780	-1.73306561	3.00000000													1.00000000	-0.04797767	0.15885966	0.09121786	10.31775951	0.00912004	-0.00610314	0.01162856	0.01598896	2.09202170	2.18750238	1.31983030	-0.41132861	3.00000000	-0.04812397	0.26377580	0.09464996	9.87333679	0.02204916	0.00548263	0.00833378	0.02420075	1.72168159	1.06817389	0.27523333	0.37476370	4.00000000
15.160000	0.05710128	0.15341172	0.94438910	17.39382553	0.53096700	-0.60331422	-0.16161998	0.81977743	2.90320277	-0.44830191	-7.18402576	2.42672753	3.00000000													1.00000000	-0.04769633	0.15884505	0.09144680	10.31812286	0.02996925	0.01258825	0.02726242	0.04242475	1.70970774	1.81376731	1.23637128	0.55400658	3.00000000	-0.04781842	0.26393962	0.09471908	9.87369061	0.03965286	0.01665329	0.01257198	0.04480777	1.34978700	0.80974478	0.32959536	0.87443638	4.00000000
15.170000	0.06247262	0.14790693	0.94129646	17.40211487	0.56156635	-0.63785934	-0.21247019	0.87599367	2.66492558	-3.86642098	-3.77576661	5.08638620	3.00000000													1.00000000	-0.04715614	0.15904835	0.09183870	10.31882095	0.04140530	0.03015436	0.03944095	0.06464729	1.05614066	1.15765131	0.86644346	1.13784921	3.00000000	-0.04723760	0.26432633	0.09486660	9.87440395	0.04975212	0.02346883	0.01746764	0.05771636	0.70946974	0.34198952	0.26298380	0.77527082	4.00000000
15.180000	0.06821732	0.14155683	0.93809301	17.41125679	0.59484309	-0.71880853	-0.23486514	0.96212560	1.72655571	-5.67975569	-0.62172520	5.61683798	3.00000000													1.00000000	-0.04656051	0.15947491	0.09232966	10.31970310	0.04805950	0.04384244	0.04737967	0.08047800	0.35967258	0.35956731	0.35541892	0.64760739	3.00000000	-0.04650575	0.26470900	0.09507592	9.87525558	0.05426431	0.02563099	0.02095302	0.06356566	-0.02320918	-0.17164771	0.09790126	-0.00400537	4.00000000
15.190001	0.07450680	0.13410167	0.93576616	17.42128372	0.61711276	-0.80985123	-0.22145955	1.04198444	0.12527902	-5.35148573	1.57741392	4.05394983	3.00000000													1.00000000	-0.04613696	0.16003536	0.09283742	10.32056999	0.04983898	0.04502907	0.04853848	0.08287054	-0.13546483	-0.48674068	-0.14615123	-0.28317302	3.00000000	-0.04592396	0.26490358	0.09534921	9.87592697	0.05119312	0.02078737	0.02114872	0.05916180	-0.61293018	-0.54979938	-0.12170792	-0.67451864	4.00000000
15.200000	0.08082228	0.12518099	0.93433189	17.43230820	0.61520237	-0.87360340	-0.17810513	1.08322585	-1.86878383	-3.04912329	2.95585036	0.88823932	3.00000000													1.00000000	-0.04573801	0.16076969	0.09341558	10.32158661	0.04383354	0.03191841	0.04219183	0.06870455	-0.40967155	-1.29047954	-0.59537780	-0.71019018	3.00000000	-0.04550028	0.26502481	0.09562309	9.87644577	0.03898286	0.00925784	0.01770258	0.04380357	-0.96383667	-0.75816274	-0.32476357	-0.97138697	4.00000000
15.210000	0.08747268	0.11521410	0.93270373	17.44440079	0.57938153	-0.88872886	-0.13188124	1.06907189	-3.90726519	0.48147538	3.80165267	-3.11043906	3.00000000													1.00000000	-0.04521647	0.16112573	0.09387872	10.32236958	0.03406825	0.00974635	0.03217632	0.04786390	-0.59011978	-1.80009663	-0.94211900	-0.73199934	3.00000000	-0.04514022	0.26514393	0.09579021	9.87686062	0.02247489	-0.00234718	0.01215159	0.02565718	-1.08030188	-0.81109917	-0.42866698	-0.94398689	4.00000000
15.220000	0.09342199	0.10553457	0.93129045	17.45585060	0.51941347	-0.85627580	-0.09770145	1.00625253	-5.48574114	3.95938730	3.94498324	-6.67401218	3.00000000													1.00000000	-0.04476738	0.16104943	0.09414530	10.32289696	0.02709894	-0.01465070	0.02078215	0.03716037	-0.68727946	-1.82339060	-1.08176446	-0.49631810	3.00000000	-0.04493446	0.26510283	0.09585416	9.87707996	0.00937149	-0.00981589	0.00600908	0.01484202	-0.93608469	-0.67772090	-0.40439638	-0.68754286	4.00000000
15.230000	0.09826691	0.09732422	0.93036354	17.46542931	0.44971317	-0.78607315	-0.06374220	0.90786344	-6.15042162	6.33452129	3.53886509	-8.81326008	3.00000000													1.00000000	-0.04462324	0.16051982	0.09417859	10.32344723	0.02317345	-0.03566332	0.00829293	0.04333190	-0.65939975	-1.44502985	-1.01035428	-0.11337073	3.00000000	-0.04497588	0.26485214	0.09582421	9.87733555	0.00217877	-0.01426091	0.00145634	0.01449971	-0.57114857	-0.42437139	-0.29475778	-0.32070655	4.00000000
15.240001	0.10200685	0.09022670	0.93016475	17.47345352	0.37898842	-0.69472867	-0.02346684	0.79172647	-5.86389065	7.44350147	3.08750463	-9.47108936	3.00000000													1.00000000	-0.04463473	0.15992574	0.09417903	10.32404137	0.01719597	-0.04801700	-0.00336748	0.05111432	-0.62394947	-0.91259879	-0.84435463	0.20469718	3.00000000	-0.04516084	0.26458257	0.09580736	9.87766266	-0.00059015	-0.01755084	-0.00025934	0.01756267	-0.19540547	-0.22994262	-0.16636132	0.00267721	4.00000000
15.250000	0.10509163	0.08403760	0.93015075	17.48036957	0.31893426	-0.60906821	0.00994404	0.68759149	-5.12533236	7.68418312	2.66442513	-9.22061825	3.00000000													1.00000000	-0.04449117	0.15946826	0.09413714	10.32452297	0.00950834	-0.05108143	-0.01082694	0.05307488	-0.73078924	-0.38826618	-0.64045662	0.22965527	3.00000000	-0.04523743	0.26441219	0.09578990	9.87785053	0.00046287	-0.01840864	0.00002813	0.01841448	-0.01385549	-0.16446485	-0.06324560	0.15135394	4.00000000
15.260000	0.10816070	0.07808350	0.93057591	17.48708153	0.27521053	-0.53949243	0.03229926	0.60649496	-4.40536499	7.33123827	1.99870229	-8.49126339	3.00000000													1.00000000	-0.04416971	0.15899377	0.09400275	10.32511139	0.00254456	-0.04903500	-0.01415132	0.05109957	-0.86779922	0.05591058	-0.37384596	0.03769311	3.00000000	-0.04511110	0.26435545	0.09581139	9.87799072	0.00408841	-0.01785556	0.00070849	0.01833135	-0.00169614	-0.13492174	-0.01074073	0.14080854	4.00000000
15.270000	0.11079559	0.07313538	0.93097293	17.49270058	0.24471667	-0.47570926	0.04659444	0.53698844	-3.86655474	6.65448093	1.16852343	-7.60561895	3.00000000													1.00000000	-0.04411843	0.15852284	0.09374687	10.32565022	-0.00556031	-0.04705513	-0.01652415	0.05018117	-0.76434332	0.32988605	-0.07718737	-0.18626596	3.00000000	-0.04496106	0.26417226	0.09583830	9.87822914	0.00549859	-0.01907895	0.00044896	0.01986057	-0.01827973	-0.05123019	-0.00427322	0.05187777	4.00000000
15.280001	0.11303559	0.06859637	0.93150818	17.49779129	0.21224126	-0.40808967	0.05504042	0.46326339	-3.59373307	6.14637613	0.41009185	-7.04013109	3.00000000													1.00000000	-0.04431766	0.15802160	0.09355670	10.32622242	-0.01741213	-0.04340460	-0.01751315	0.04993848	-0.39431795	0.43630353	0.16263424	-0.40513608	3.00000000	-0.04486706	0.26396134	0.09585029	9.87845993	0.00212636	-0.02202888	-0.00007494	0.02213139	-0.01986898	0.07871746	-0.01417504	-0.08313315	4.00000000
15.290000	0.11495431	0.06490882	0.93211555	17.50199318	0.17317906	-0.34462389	0.05524705	0.38962656	-3.61458826	5.93308020	-0.23823078	-6.88998985	3.00000000													1.00000000	-0.04470480	0.15753342	0.09340891	10.32686234	-0.02552056	-0.03729587	-0.01455247	0.04747689	0.05310114	0.49080852	0.33828899	-0.53216058	3.00000000	-0.04489202	0.26366556	0.09584074	9.87875652	-0.00136752	-0.02258072	-0.00050869	0.02262781	-0.00937655	0.23941398	-0.01425389	-0.21648318	4.00000000
15.300000	0.11660486	0.06181215	0.93275344	17.50555992	0.13388196	-0.29175848	0.04890213	0.32471341	-3.69750714	5.68150949	-0.76330441	-6.72038984	3.00000000													1.00000000	-0.04501812	0.15718189	0.09328242	10.32734966	-0.02026769	-0.03136434	-0.00815056	0.03822215	0.46854714	0.52243769	0.46039736	-0.54018450	3.00000000	-0.04502030	0.26340145	0.09579685	9.87905312	-0.00045498	-0.01777758	-0.00043170	0.01778864	0.03786040	0.40646181	-0.01158203	-0.30609787	4.00000000
15.310000	0.11778659	0.05943377	0.93334728	17.50828171	0.09658324	-0.23826431	0.03610650	0.25961873	-3.52362275	5.26539850	-1.06621349	-6.25427437	3.00000000													1.00000000	-0.04531822	0.15697382	0.09316538	10.32773304	-0.00571183	-0.02615775	-0.00159318	0.02682146	0.77300119	0.47736746	0.47147718	-0.51273233	3.00000000	-0.04511762	0.26320052	0.09579839	9.87927628	0.00324209	-0.01014123	-0.00016050	0.01064808	0.07116853	0.50269729	-0.02890659	-0.38110408	4.00000000
15.320001	0.11847747	0.05718074	0.93361568	17.51065445	0.06100933	-0.18387619	0.02118299	0.19488794	-3.12408352	4.90941143	-1.05921257	-5.70515776	3.00000000													1.00000000	-0.04532937	0.15681405	0.09318013	10.32789421	0.00752009	-0.02139807	0.00372188	0.02298437	0.74655086	0.41877097	0.32615587	-0.50774527	3.00000000	-0.04503142	0.26314646	0.09580737	9.87937832	0.00584815	-0.00286177	-0.00009835	0.00651154	-0.03224311	0.43939584	-0.06880155	-0.30780271	4.00000000
15.330000	0.11876985	0.05536545	0.93365669	17.51249313	0.02970472	-0.13381948	0.00779132	0.13729794	-2.74312305	4.49068308	-0.75531906	-4.90430975	3.00000000													1.00000000	-0.04499451	0.15658391	0.09331422	10.32832241	0.01427125	-0.01786649	0.00646617	0.02376324	0.31514913	0.43662509	0.07435565	-0.47577456	3.00000000	-0.04480178	0.26325390	0.09584085	9.87963390	0.00519278	0.00121221	-0.00097683	0.00542112	-0.27717111	0.23236869	-0.12043469	-0.00044662	4.00000000
15.340000	0.11891253	0.05431458	0.93354231	17.51355934	0.00660388	-0.09203463	0.00079870	0.09227471	-2.49392486	3.69514632	-0.24522093	-3.43419528	3.00000000													1.00000000	-0.04461020	0.15634622	0.09347215	10.32880116	0.01495390	-0.01526947	0.00622837	0.02226137	-0.24338388	0.50235325	-0.18238482	-0.23800237	3.00000000	-0.04464799	0.26335397	0.09583009	9.87981796	0.00067434	0.00203575	-0.00283488	0.00355465	-0.52291971	-0.00030837	-0.15322521	0.30668950	4.00000000
15.350000	0.11882017	0.05394923	0.93347210	17.51394272	-0.01201866	-0.05481466	0.00215967	0.05615834	-2.37908292	2.67374063	0.29433596	-1.62513816	3.00000000													1.00000000	-0.04445592	0.15621148	0.09355050	10.32902050	0.00795610	-0.01049042	0.00203829	0.01332303	-0.61784911	0.55580920	-0.36768746	0.02089233	3.00000000	-0.04472987	0.26337954	0.09578353	9.87991524	-0.00774773	-0.00061020	-0.00513705	0.00931606	-0.65411747	-0.16167015	-0.14232211	0.46164888	4.00000000
15.360001	0.11866160	0.05379019	0.93350738	17.51416969	-0.03376063	-0.03144993	0.01054754	0.04733000	-2.42260170	1.72120059	0.68675399	0.00976815	3.00000000													1.00000000	-0.04455591	0.15614752	0.09349398	10.32915211	-0.00443791	-0.00265626	-0.00447811	0.00684136	-0.74213105	0.59248090	-0.44828835	0.11125700	3.00000000	-0.04495066	0.26329049	0.09569921	9.88016796	-0.01723468	-0.00453293	-0.00719850	0.01921979	-0.65274405	-0.22177728	-0.08824043	0.54192239	4.00000000
15.370000	0.11832891	0.05352114	0.93366629	17.51462555	-0.06025315	-0.02456754	0.02271285	0.06891938	-2.52293968	0.90676981	0.84118283	1.33900750	3.00000000													1.00000000	-0.04471515	0.15614474	0.09341419	10.32933044	-0.01555988	0.00522832	-0.01054487	0.01950999	-0.66261899	0.57356244	-0.41036233	0.23945396	3.00000000	-0.04518951	0.26320750	0.09561631	9.88043404	-0.02427772	-0.00746970	-0.00771483	0.02654661	-0.53149265	-0.19070297	-0.00881900	0.51443684	4.00000000
15.380000	0.11767720	0.05332685	0.93393368	17.51535606	-0.08928409	-0.02498984	0.03346254	0.09856918	-2.45822358	0.45237851	0.79741323	2.11246872	3.00000000													1.00000000	-0.04489332	0.15624657	0.09324807	10.32959461	-0.02056456	0.01074274	-0.01435348	0.02728242	-0.39371398	0.42589027	-0.26345438	0.37109017	3.00000000	-0.04543474	0.26311108	0.09552319	9.88071346	-0.02798109	-0.00876759	-0.00691774	0.03012752	-0.31541041	-0.08691474	0.07788068	0.30335927	4.00000000
15.390000	0.11656012	0.05295952	0.93437916	17.51661301	-0.11736154	-0.02612562	0.04016360	0.12676512	-2.13297749	0.80470139	0.67809176	2.12846994	3.00000000													1.00000000	-0.04513835	0.15641962	0.09309584	10.32993126	-0.02102097	0.01439291	-0.01587899	0.03001965	-0.03026636	0.18358992	-0.07858093	0.15839995	3.00000000	-0.04570363	0.26305640	0.09545047	9.88099766	-0.02947648	-0.00868464	-0.00530531	0.03118385	-0.06635328	0.02893185	0.13860065	0.03216901	4.00000000
15.400001	0.11510960	0.05272329	0.93488890	17.51816940	-0.13787478	-0.02367285	0.04383028	0.14659792	-1.59050786	1.90669119	0.62310368	1.93027318	3.00000000													1.00000000	-0.04539611	0.15662727	0.09290589	10.33031273	-0.01936012	0.01529592	-0.01521104	0.02898543	0.25759917	-0.04493238	0.07742201	-0.23756149	3.00000000	-0.04605117	0.26295501	0.09541258	9.88136196	-0.02924825	-0.00783727	-0.00345564	0.03047662	0.15450652	0.11190318	0.15410088	-0.19584404	4.00000000
15.410000	0.11346529	0.05250221	0.93537873	17.51989937	-0.14975859	-0.00498552	0.04741500	0.15716448	-1.03641450	3.48557401	0.75920498	2.28662276	3.00000000													1.00000000	-0.04559927	0.15677293	0.09274036	10.33061218	-0.01506836	0.01273801	-0.01293793	0.02359455	0.40501830	-0.21665949	0.18007457	-0.44972482	3.00000000	-0.04638966	0.26286051	0.09539179	9.88171387	-0.02672455	-0.00576352	-0.00148931	0.02737951	0.32121861	0.15611532	0.14029607	-0.35907435	4.00000000
15.420000	0.11190338	0.05227267	0.93576616	17.52152443	-0.15433170	0.04133986	0.05466640	0.16886584	-0.73247999	5.31014252	1.08741987	3.35740900	3.00000000													1.00000000	-0.04573313	0.15691365	0.09261514	10.33084297	-0.00898335	0.00829597	-0.01032899	0.01600662	0.45924464	-0.32804674	0.22298844	-0.49673811	3.00000000	-0.04666727	0.26278365	0.09539797	9.88200188	-0.02181331	-0.00380402	-0.00023860	0.02214381	0.42819163	0.16841871	0.11486363	-0.45558542	4.00000000
15.430000	0.11045192	0.05247308	0.93621677	17.52305794	-0.15417734	0.10765012	0.06668419	0.19951436	-0.76108003	6.85398531	1.44018924	4.76268768	3.00000000													1.00000000	-0.04577001	0.15695456	0.09255143	10.33092690	-0.00346601	0.00403586	-0.00766317	0.00932875	0.42728192	-0.34312636	0.20697889	-0.41819945	3.00000000	-0.04684467	0.26276851	0.09539677	9.88218021	-0.01584689	-0.00185395	0.00053837	0.01596405	0.45810097	0.13948976	0.08410111	-0.47102973	4.00000000
15.440001	0.10892595	0.05373567	0.93689334	17.52515030	-0.15986095	0.19322671	0.08566032	0.26500902	-1.01320350	7.42320919	1.61487174	5.87559843	3.00000000													1.00000000	-0.04574167	0.15695521	0.09250616	10.33098030	0.00077557	0.00048342	-0.00552908	0.00560410	0.30563387	-0.26783365	0.15685232	-0.28547898	3.00000000	-0.04692959	0.26282310	0.09541813	9.88228321	-0.01050032	-0.00054066	0.00105128	0.01056666	0.39827445	0.08622514	0.05229149	-0.40022579	4.00000000
15.450001	0.10737415	0.05641992	0.93792039	17.52841568	-0.17369562	0.28302106	0.10738223	0.34900147	-1.33682382	6.81613207	1.48206592	6.13192034	3.00000000													1.00000000	-0.04569739	0.15692115	0.09246329	10.33105087	0.00331805	-0.00209063	-0.00419014	0.00573912	0.15222177	-0.16088991	0.09911931	-0.15387750	3.00000000	-0.04698988	0.26280668	0.09541336	9.88234615	-0.00667119	0.00023122	0.00157934	0.00685948	0.27353492	0.04995118	0.03021480	-0.27180979	4.00000000
15.460000	0.10570259	0.05986131	0.93911737	17.53242493	-0.19361936	0.35861248	0.12508233	0.42630616	-1.56980336	5.30984306	0.98806304	5.27926826	3.00000000													1.00000000	-0.04566483	0.15689366	0.09240846	10.33112049	0.00360934	-0.00279931	-0.00382562	0.00595809	0.00825607	-0.06058544	0.03600046	-0.04190982	3.00000000	-0.04704431	0.26281413	0.09544047	9.88240719	-0.00490121	-0.00024115	0.00187736	0.00525400	0.12691404	0.02890080	0.01496201	-0.12460785	4.00000000
15.470000	0.10355669	0.06429631	0.94063288	17.53758049	-0.21295577	0.40163928	0.13359138	0.47382584	-1.57583523	3.24675393	0.23779681	3.52351379	3.00000000													1.00000000	-0.04561812	0.15685833	0.09238133	10.33118534	0.00234209	-0.00238580	-0.00393378	0.00516256	-0.12867877	0.02753714	-0.03240267	0.04321664	3.00000000	-0.04708671	0.26276585	0.09545358	9.88247299	-0.00484735	-0.00050589	0.00175567	0.00518026	-0.01767185	0.01930735	-0.00796199	0.01744189	4.00000000
15.480000	0.10133795	0.06851951	0.94202483	17.54254913	-0.22782868	0.41431352	0.13035536	0.49046317	-1.39493692	1.15477419	-0.48821902	1.54211462	3.00000000													1.00000000	-0.04558804	0.15682855	0.09235140	10.33123684	0.00049751	-0.00141102	-0.00424286	0.00449892	-0.23986614	0.08674297	-0.08929508	0.11754595	3.00000000	-0.04712456	0.26279283	0.09549538	9.88253593	-0.00586348	0.00008593	0.00165508	0.00609320	-0.15391779	0.03612662	-0.03937456	0.15093216	4.00000000
15.490001	0.09868173	0.07305436	0.94344819	17.54799461	-0.23983343	0.40868998	0.11692642	0.48807722	-1.22609794	-0.43100688	-0.97198844	0.04848937	3.00000000													1.00000000	-0.04558807	0.15682007	0.09231518	10.33127403	-0.00221245	-0.00034583	-0.00540434	0.00584991	-0.30379507	0.09661768	-0.12132360	0.20141913	3.00000000	-0.04716768	0.26277661	0.09550144	9.88258266	-0.00779902	0.00063231	0.00133266	0.00793729	-0.27038071	0.07497974	-0.06325626	0.26985064	4.00000000
15.500000	0.09638516	0.07678469	0.94454032	17.55250931	-0.24855570	0.39170146	0.10018001	0.47460091	-1.20388710	-1.36966622	-1.12720072	-0.71358603	3.00000000													1.00000000	-0.04562898	0.15682743	0.09225567	10.33134651	-0.00613254	0.00100955	-0.00737030	0.00964099	-0.33752164	0.06836838	-0.13055822	0.28009111	3.00000000	-0.04725544	0.26281354	0.09550466	9.88267803	-0.01099262	0.00138258	0.00039457	0.01108625	-0.34638855	0.08950090	-0.08264535	0.35090318	4.00000000
15.510000	0.09395796	0.08061574	0.94537556	17.55712128	-0.25829461	0.37290192	0.08718023	0.46192244	-1.20733821	-1.92331469	-0.94254917	-1.02940369	3.00000000													1.00000000	-0.04569802	0.15684897	0.09217904	10.33145142	-0.01021726	0.00202184	-0.00919228	0.01389166	-0.34817702	0.02453952	-0.11120355	0.31968760	3.00000000	-0.04738151	0.26281708	0.09551071	9.88280392	-0.01562241	0.00250489	-0.00078585	0.01584145	-0.36436135	0.07630636	-0.10357228	0.37286288	4.00000000
15.520000	0.09136332	0.08422387	0.94601268	17.56161118	-0.27276823	0.35410076	0.07952700	0.45399824	-1.08974957	-2.20153713	-0.55366534	-1.14404631	3.00000000													1.00000000	-0.04582351	0.15687171	0.09205889	10.33162689	-0.01369057	0.00184700	-0.01030912	0.01723720	-0.31775734	-0.03139592	-0.06307614	0.29208601	3.00000000	-0.04754980	0.26282963	0.09550792	9.88297272	-0.02049639	0.00392695	-0.00183682	0.02094987	-0.31360725	0.05805368	-0.10816401	0.32546583	4.00000000
15.530001	0.08866090	0.08771443	0.94671363	17.56608009	-0.28872335	0.33149451	0.07698536	0.44629198	-0.76475686	-2.34569168	-0.25055289	-1.31789887	3.00000000													1.00000000	-0.04599910	0.15691014	0.09193855	10.33184338	-0.01678963	0.00089581	-0.01046248	0.01980297	-0.25485405	-0.10289044	-0.00521133	0.22245906	3.00000000	-0.04778158	0.26287267	0.09547648	9.88321018	-0.02390531	0.00419890	-0.00299625	0.02445551	-0.19457000	0.02413574	-0.08979606	0.20544817	4.00000000
15.540000	0.08546661	0.09113640	0.94756091	17.57083702	-0.29777598	0.30369818	0.07910828	0.43262136	-0.13975129	-2.65396070	-0.21633077	-1.87002409	3.00000000													1.00000000	-0.04619061	0.15692346	0.09181970	10.33206940	-0.01911148	-0.00041065	-0.00986749	0.02151243	-0.18211718	-0.15816298	0.04485504	0.15023033	3.00000000	-0.04807574	0.26294976	0.09544275	9.88351631	-0.02508079	0.00400643	-0.00412365	0.02573135	-0.03052922	-0.02699633	-0.06043072	0.03501835	4.00000000
15.550000	0.08231030	0.09405475	0.94846296	17.57522964	-0.29620123	0.27855310	0.08145670	0.41468322	0.64134669	-2.99084830	-0.37342060	-2.58921194	3.00000000													1.00000000	-0.04638826	0.15689601	0.09173517	10.33228588	-0.02049695	-0.00225293	-0.00905221	0.02251984	-0.09357690	-0.16759707	0.07707818	0.07078537	3.00000000	-0.04837465	0.26301798	0.09537862	9.88382912	-0.02399199	0.00357553	-0.00462309	0.02469358	0.13231663	-0.05154683	-0.02448590	-0.13299212	4.00000000
15.560000	0.07926631	0.09642512	0.94921947	17.57916069	-0.28266719	0.24966194	0.07695903	0.38490844	1.30056846	-3.07234335	-0.61033350	-3.08250570	3.00000000													1.00000000	-0.04660522	0.15686287	0.09166507	10.33251667	-0.02111976	-0.00473857	-0.00814230	0.02312564	0.01120546	-0.13313629	0.09223675	-0.02636302	3.00000000	-0.04861763	0.26302406	0.09533854	9.88407516	-0.02138416	0.00252922	-0.00455386	0.02200947	0.25070226	-0.02994389	0.01416539	-0.25037453	4.00000000
15.570001	0.07644686	0.09880131	0.95007837	17.58294678	-0.26009783	0.21178964	0.06506542	0.34167126	1.62712801	-3.02228785	-0.85556167	-3.27057385	3.00000000													1.00000000	-0.04681253	0.15680820	0.09159060	10.33274364	-0.02074741	-0.00651417	-0.00714268	0.02288903	0.10766871	-0.06411143	0.10334089	-0.12597364	3.00000000	-0.04878587	0.26301831	0.09527692	9.88425446	-0.01780046	0.00159244	-0.00400251	0.01831427	0.30519694	0.00304314	0.04034311	-0.29753524	4.00000000
15.580000	0.07414474	0.10093343	0.95069468	17.58614540	-0.23914233	0.17816193	0.05272776	0.30283815	1.55704808	-2.97749543	-0.95053571	-3.13411975	3.00000000													1.00000000	-0.04704627	0.15674070	0.09150357	10.33300209	-0.01887033	-0.00679493	-0.00617877	0.02098661	0.18490110	0.03575100	0.11484396	-0.21508144	3.00000000	-0.04891926	0.26303378	0.09525438	9.88439083	-0.01404916	0.00203252	-0.00325609	0.01456407	0.31339210	0.03526112	0.04318366	-0.29047865	4.00000000
15.590000	0.07185090	0.10277050	0.95116925	17.58912277	-0.22245185	0.15194111	0.04234761	0.27269807	1.24715567	-2.73756146	-0.79851508	-2.64081144	3.00000000													1.00000000	-0.04723845	0.15662993	0.09144180	10.33323193	-0.01602570	-0.00545532	-0.00501337	0.01765552	0.23589948	0.14142279	0.11753727	-0.27184814	3.00000000	-0.04906069	0.26304436	0.09521704	9.88453770	-0.01084441	0.00340392	-0.00264285	0.01166930	0.29882383	0.06769556	0.03461364	-0.25324187	4.00000000
15.600000	0.06990401	0.10365171	0.95134580	17.59126663	-0.21487585	0.12864228	0.03499041	0.25287309	0.98334956	-2.27937174	-0.53425163	-2.06942034	3.00000000													1.00000000	-0.04739236	0.15656129	0.09139893	10.33340549	-0.01312780	-0.00315780	-0.00359590	0.01397288	0.24239808	0.19604692	0.10467270	-0.27469802	3.00000000	-0.04916665	0.26310194	0.09520721	9.88465881	-0.00846162	0.00449419	-0.00240989	0.00987949	0.26650184	0.06923284	0.02282269	-0.20337102	4.00000000
15.610001	0.06768711	0.10474973	0.95163822	17.59375763	-0.21197802	0.10469089	0.03196498	0.23857205	0.94119483	-1.94656372	-0.35508654	-1.79228008	3.00000000													1.00000000	-0.04747294	0.15654320	0.09138642	10.33348942	-0.01045568	-0.00022774	-0.00225759	0.01069906	0.19434202	0.16638118	0.07683191	-0.22480384	3.00000000	-0.04923842	0.26315713	0.09518229	9.88475227	-0.00599129	0.00508279	-0.00264191	0.00828915	0.22234073	0.03060200	0.01015079	-0.15969303	4.00000000
15.620000	0.06564946	0.10572150	0.95194441	17.59603500	-0.20554943	0.08587074	0.03192524	0.22504127	1.10935879	-1.92192459	-0.29921347	-1.84225750	3.00000000													1.00000000	-0.04754532	0.15659860	0.09137123	10.33358192	-0.00854122	0.00232160	-0.00151601	0.00898001	0.10776076	0.06758297	0.03844715	-0.12511775	3.00000000	-0.04926085	0.26322308	0.09516309	9.88482475	-0.00360950	0.00534380	-0.00251755	0.00692263	0.17434773	-0.01270120	0.00738020	-0.13240935	4.00000000
15.630000	0.06338580	0.10688525	0.95239377	17.59861946	-0.19209875	0.07438032	0.03136346	0.20836994	1.45222044	-2.07652593	-0.32333291	-2.06037998	3.00000000													1.00000000	-0.04763038	0.15664345	0.09136161	10.33367825	-0.00768723	0.00268246	-0.00157766	0.00829326	0.00041399	-0.07098003	-0.00742895	0.02035994	3.00000000	-0.04929105	0.26327103	0.09512116	9.88489532	-0.00178702	0.00463103	-0.00245913	0.00553960	0.11569601	-0.04067644	0.02027488	-0.11095647	4.00000000
15.640000	0.06146088	0.10736418	0.95271134	17.60062790	-0.17200717	0.05663199	0.02636115	0.18299881	1.83378839	-2.25741076	-0.39748916	-2.24613667	3.00000000													1.00000000	-0.04771213	0.15669656	0.09134877	10.33377647	-0.00840354	0.00059778	-0.00210721	0.00868431	-0.10275172	-0.22360723	-0.05292581	0.16943452	3.00000000	-0.04929040	0.26330847	0.09508976	9.88494396	-0.00096668	0.00375981	-0.00227491	0.00449954	0.04028409	-0.06232573	0.02930242	-0.07777141	4.00000000
15.650001	0.05984526	0.10773561	0.95298797	17.60230827	-0.15172288	0.02886436	0.01972715	0.15569890	2.02652717	-2.51343250	-0.47387585	-2.17594910	3.00000000													1.00000000	-0.04779060	0.15669385	0.09132817	10.33385754	-0.01030235	-0.00310888	-0.00277087	0.01111221	-0.17202881	-0.33046982	-0.08450749	0.27337140	3.00000000	-0.04930715	0.26335874	0.09508264	9.88499737	-0.00107797	0.00306244	-0.00183104	0.00372737	-0.03362048	-0.07315227	0.02361607	-0.03090460	4.00000000
15.660000	0.05863446	0.10801882	0.95307237	17.60355377	-0.12945318	-0.00398202	0.01410941	0.13028069	1.89985752	-2.70663714	-0.45127010	-1.70827401	3.00000000													1.00000000	-0.04786772	0.15664095	0.09129161	10.33395767	-0.01316198	-0.00754073	-0.00380867	0.01563990	-0.19299950	-0.34079677	-0.09886302	0.31588370	3.00000000	-0.04929222	0.26336014	0.09506296	9.88502216	-0.00203239	0.00257393	-0.00123953	0.00350602	-0.08588487	-0.06278396	0.01803754	0.01654210	4.00000000
15.670000	0.05751926	0.10797043	0.95311981	17.60467148	-0.10758256	-0.03206016	0.01007964	0.11270963	1.62003922	-2.51808691	-0.34477219	-1.08186758	3.00000000													1.00000000	-0.04801042	0.15653400	0.09125201	10.33414078	-0.01557774	-0.01199196	-0.00504721	0.02029648	-0.15387183	-0.26838732	-0.09855855	0.27700424	3.00000000	-0.04931902	0.26339802	0.09505858	9.88506889	-0.00350702	0.00180950	-0.00118179	0.00411948	-0.10548748	-0.04321832	0.01524336	0.04725482	4.00000000
15.680000	0.05636905	0.10744823	0.95320344	17.60593796	-0.09208309	-0.05762210	0.00721216	0.10886513	1.34639120	-1.84911740	-0.27200490	-0.67316276	3.00000000													1.00000000	-0.04820924	0.15638489	0.09119826	10.33439541	-0.01706133	-0.01458799	-0.00622322	0.02329435	-0.04898691	-0.14996654	-0.07783885	0.14300480	3.00000000	-0.04935414	0.26340467	0.09504399	9.88510704	-0.00491152	0.00115608	-0.00145237	0.00525061	-0.08889828	-0.03251598	0.00934313	0.05178376	4.00000000
15.690001	0.05551855	0.10645998	0.95333660	17.60724831	-0.08457085	-0.07616878	0.00656396	0.11400437	1.03226054	-0.89326304	-0.24528307	-0.55870342	3.00000000													1.00000000	-0.04844379	0.15620275	0.09112817	10.33470058	-0.01735426	-0.01489532	-0.00708898	0.02394358	0.08493452	-0.00483625	-0.03406351	-0.04858902	3.00000000	-0.04943863	0.26342937	0.09503593	9.88519573	-0.00590741	0.00109524	-0.00144926	0.00618040	-0.04026733	-0.03463692	0.00531309	0.02316337	4.00000000
15.700001	0.05493371	0.10548719	0.95339173	17.60838509	-0.07744037	-0.08284480	0.00469536	0.11350030	0.79501617	0.04164468	-0.20968415	-0.71265477	3.00000000													1.00000000	-0.04860180	0.15601628	0.09104513	10.33495903	-0.01573994	-0.01366213	-0.00731318	0.02208805	0.18990861	0.13685577	0.02183299	-0.22706166	3.00000000	-0.04950892	0.26342079	0.09501372	9.88527012	-0.00610609	0.00129044	-0.00116248	0.00634830	0.01961979	-0.03249529	0.01437412	-0.02675922	4.00000000
15.710000	0.05422362	0.10462373	0.95341867	17.60950279	-0.06946027	-0.07269668	0.00132124	0.10055488	0.83776712	0.78166783	-0.19224152	-1.13683057	3.00000000													1.00000000	-0.04874216	0.15589498	0.09095761	10.33516407	-0.01218297	-0.01156243	-0.00669652	0.01808198	0.25680926	0.22487505	0.07556053	-0.34678736	3.00000000	-0.04957484	0.26342171	0.09498999	9.88533974	-0.00539732	0.00092387	-0.00093281	0.00555471	0.07147446	-0.02825011	0.02465107	-0.07743836	4.00000000
15.720000	0.05345484	0.10394355	0.95341587	17.61052895	-0.06292555	-0.05275564	-0.00165999	0.08213122	1.08837080	1.22221732	-0.20005636	-1.63074493	3.00000000													1.00000000	-0.04884145	0.15581606	0.09088740	10.33530903	-0.00844495	-0.00854358	-0.00537317	0.01315983	0.28888458	0.25349709	0.11805142	-0.40445614	3.00000000	-0.04961456	0.26344934	0.09499058	9.88538837	-0.00397867	0.00002931	-0.00078635	0.00405574	0.11137496	-0.03668293	0.02229286	-0.10961834	4.00000000
15.730000	0.05269641	0.10344411	0.95335698	17.61143875	-0.05317250	-0.03582618	-0.00228087	0.06415630	1.32071853	1.25110912	-0.17445202	-1.76899767	3.00000000													1.00000000	-0.04892366	0.15575245	0.09084474	10.33542156	-0.00580202	-0.00514624	-0.00373945	0.00860991	0.27366105	0.25287291	0.14274442	-0.38752803	3.00000000	-0.04965495	0.26347488	0.09499545	9.88543606	-0.00257908	-0.00030150	-0.00039370	0.00262632	0.13482894	-0.04302669	0.01866308	-0.09819160	4.00000000
15.740001	0.05223436	0.10334479	0.95332152	17.61191177	-0.03660023	-0.02473779	-0.00346601	0.04431194	1.46131051	0.88214046	-0.13583566	-1.41428447	3.00000000													1.00000000	-0.04894358	0.15569298	0.09082317	10.33548832	-0.00353378	-0.00275622	-0.00219624	0.00499077	0.22574420	0.23574689	0.14563845	-0.27397433	3.00000000	-0.04966677	0.26344478	0.09499047	9.88546848	-0.00128886	-0.00042195	-0.00020172	0.00137109	0.13435709	-0.01896007	0.02283210	-0.05583040	4.00000000
15.750000	0.05197645	0.10329706	0.95327049	17.61217880	-0.01658897	-0.01856138	-0.00488112	0.02536817	1.48742175	0.43658134	-0.14081928	-0.90482318	3.00000000													1.00000000	-0.04896057	0.15567648	0.09081800	10.33551216	-0.00139968	-0.00096957	-0.00068800	0.00183644	0.18595739	0.19453259	0.13315885	-0.13010542	3.00000000	-0.04967767	0.26341501	0.09498326	9.88550091	0.00013780	-0.00080268	-0.00020514	0.00083986	0.12051018	0.01583993	0.02435553	-0.00899229	4.00000000
15.760000	0.05196146	0.10314418	0.95330822	17.61233711	0.00036067	-0.01782204	-0.00639707	0.01893878	1.30864048	0.20773929	-0.13503350	-0.50869548	3.00000000													1.00000000	-0.04897046	0.15570705	0.09081022	10.33554554	0.00035213	0.00071923	0.00061424	0.00100925	0.16427934	0.15538828	0.11880778	-0.01140726	3.00000000	-0.04966507	0.26340050	0.09497865	9.88552094	0.00148242	-0.00088091	0.00006693	0.00172570	0.11217531	0.02279836	0.02094648	0.03815747	4.00000000
15.770000	0.05210679	0.10286644	0.95317668	17.61267662	0.01137905	-0.02074589	-0.00802229	0.02498464	0.92080098	0.20687295	-0.03481325	-0.21837087	3.00000000													1.00000000	-0.04896981	0.15571885	0.09081425	10.33555794	0.00166545	0.00241312	0.00163900	0.00335905	0.14650686	0.14451747	0.10643028	0.10205548	3.00000000	-0.04965186	0.26342610	0.09497944	9.88554955	0.00237087	0.00007724	0.00046783	0.00241782	0.10585324	0.01142546	0.02165614	0.07750541	4.00000000
15.780001	0.05234242	0.10258024	0.95310622	17.61305428	0.01806865	-0.02120317	-0.00976721	0.02952032	0.50476611	0.31978846	0.10523036	-0.04163485	3.00000000													1.00000000	-0.04894126	0.15575016	0.09084588	10.33561039	0.00292979	0.00338157	0.00251283	0.00513157	0.13307384	0.14462258	0.09321699	0.19120011	3.00000000	-0.04960549	0.26342291	0.09498944	9.88559723	0.00316774	0.00086973	0.00072718	0.00336449	0.09132718	0.00484164	0.02001039	0.08702197	4.00000000
15.790000	0.05253554	0.10237452	0.95293117	17.61338615	0.01994601	-0.01513194	-0.00819663	0.02634395	0.21990329	0.43717107	0.21872005	-0.05865938	3.00000000													1.00000000	-0.04889716	0.15576588	0.09087928	10.33566761	0.00425214	0.00463414	0.00344887	0.00717291	0.12823105	0.13803920	0.07805394	0.20883934	3.00000000	-0.04957407	0.26342183	0.09500495	9.88563251	0.00419980	0.00041301	0.00081062	0.00429721	0.07622105	-0.01155875	0.00691404	0.07693732	4.00000000
15.800000	0.05273846	0.10222856	0.95286256	17.61364555	0.01843382	-0.00561277	-0.00301749	0.01950421	0.05283489	0.46308982	0.28604430	-0.18494159	3.00000000													1.00000000	-0.04884179	0.15583606	0.09092340	10.33576775	0.00554634	0.00626792	0.00429694	0.00940810	0.12831627	0.12843315	0.05759805	0.18884692	3.00000000	-0.04953486	0.26344317	0.09501370	9.88567829	0.00513140	-0.00048627	0.00090537	0.00523330	0.06225586	-0.03869500	-0.00430737	0.06321531	4.00000000
15.810000	0.05293039	0.10218467	0.95278728	17.61385727	0.01762211	0.00131242	0.00190834	0.01777366	-0.04252979	0.30559507	0.27285266	-0.21146482	3.00000000													1.00000000	-0.04879573	0.15588875	0.09095638	10.33584499	0.00683979	0.00787588	0.00491415	0.01153088	0.12473087	0.11811730	0.02934327	0.16987605	3.00000000	-0.04948857	0.26344261	0.09501845	9.88572502	0.00559942	-0.00084788	0.00081236	0.00572122	0.03333554	-0.03972608	-0.00200183	0.03367958	4.00000000
15.820001	0.05308113	0.10236280	0.95292878	17.61413002	0.01796279	0.00235668	0.00475347	0.01872996	-0.07088803	-0.02842003	0.12329634	-0.05917535	3.00000000													1.00000000	-0.04871962	0.15600570	0.09101140	10.33599472	0.00807097	0.00900825	0.00505764	0.01310987	0.11075445	0.09061106	-0.00974451	0.13071412	3.00000000	-0.04941013	0.26341841	0.09502017	9.88580704	0.00586010	-0.00121668	0.00044083	0.00600128	-0.01289437	-0.00876560	0.00015408	-0.01209733	4.00000000
15.830000	0.05321563	0.10248562	0.95305198	17.61434937	0.01802016	-0.00079523	0.00470529	0.01864131	-0.10301773	-0.36724710	-0.09639063	0.11940759	3.00000000													1.00000000	-0.04863697	0.15608953	0.09107440	10.33612823	0.00929730	0.00958306	0.00472541	0.01416348	0.07957528	0.04749599	-0.05589011	0.07034174	3.00000000	-0.04934063	0.26338777	0.09503642	9.88588428	0.00568517	-0.00133763	0.00049720	0.00586153	-0.05634734	0.01720091	-0.00458863	-0.05701844	4.00000000
15.840000	0.05343894	0.10251344	0.95314461	17.61459351	0.01673037	-0.00754663	0.00260919	0.01853820	-0.20368689	-0.54114199	-0.27690580	0.18455410	3.00000000													1.00000000	-0.04851839	0.15620703	0.09113478	10.33630562	0.01018591	0.00999396	0.00400860	0.01482231	0.02748672	-0.00056257	-0.08983642	-0.00280325	3.00000000	-0.04928333	0.26337332	0.09503605	9.88594341	0.00477588	-0.00091195	0.00085073	0.00493604	-0.08628293	0.02087735	-0.00292404	-0.08745807	4.00000000
15.850000	0.05362714	0.10225484	0.95307958	17.61491966	0.01451907	-0.01611958	-0.00255654	0.02184445	-0.34671843	-0.52735186	-0.37153643	0.18938389	3.00000000													1.00000000	-0.04841437	0.15628737	0.09116594	10.33644104	0.01041129	0.00973158	0.00267842	0.01450077	-0.03792653	-0.04638270	-0.09583806	-0.07832839	3.00000000	-0.04924698	0.26337433	0.09503213	9.88597965	0.00329542	-0.00008295	0.00080441	0.00339320	-0.10447836	0.01678202	-0.00081149	-0.10256726	4.00000000
15.860001	0.05382412	0.10202178	0.95300448	17.61523438	0.01029068	-0.02249398	-0.00767459	0.02589936	-0.49081901	-0.39808577	-0.39620867	0.21733537	3.00000000													1.00000000	-0.04829914	0.15639141	0.09117953	10.33659649	0.00961063	0.00907207	0.00113677	0.01326495	-0.10333890	-0.09481211	-0.08416466	-0.15369716	3.00000000	-0.04921908	0.26338562	0.09505353	9.88601685	0.00199936	0.00016739	0.00052396	0.00207365	-0.10444234	0.01271773	-0.01290586	-0.09906986	4.00000000
15.870000	0.05384257	0.10174501	0.95292926	17.61552238	0.00426577	-0.02507288	-0.01207193	0.02815275	-0.63298237	-0.24328470	-0.36534992	0.27966791	3.00000000													1.00000000	-0.04820864	0.15649252	0.09118029	10.33673191	0.00784251	0.00776971	0.00026071	0.01104271	-0.15364064	-0.14065827	-0.06647118	-0.21633339	3.00000000	-0.04921034	0.26338935	0.09506524	9.88603210	0.00104016	-0.00028213	0.00042841	0.00115977	-0.08337582	0.00310979	-0.02693261	-0.07299238	4.00000000
15.880000	0.05387498	0.10152289	0.95279270	17.61578560	-0.00305216	-0.02425493	-0.01447052	0.02840798	-0.79119140	-0.19532979	-0.28057888	0.40623519	3.00000000													1.00000000	-0.04812288	0.15656841	0.09117079	10.33684635	0.00573698	0.00616051	0.00022557	0.00842115	-0.17896324	-0.16787422	-0.04305535	-0.25122136	3.00000000	-0.04920899	0.26340094	0.09506848	9.88604450	0.00035095	-0.00061865	0.00024686	0.00075288	-0.05291449	-0.00191232	-0.02659557	-0.04002036	4.00000000
15.890000	0.05377957	0.10128435	0.95264876	17.61607933	-0.01129250	-0.02355389	-0.01689444	0.03110834	-0.95114297	-0.34900609	-0.18097375	0.67234957	3.00000000													1.00000000	-0.04808627	0.15662567	0.09116157	10.33691502	0.00364957	0.00399984	0.00021141	0.00541875	-0.18203723	-0.17378393	-0.02937836	-0.22575033	3.00000000	-0.04921001	0.26336741	0.09505812	9.88607979	-0.00001608	-0.00042170	-0.00021327	0.00047284	-0.02803462	0.01098174	-0.02179771	-0.01476995	4.00000000
15.900001	0.05369112	0.10102608	0.95239538	17.61645126	-0.02095886	-0.02610733	-0.01876205	0.03837813	-1.08970964	-0.64099371	-0.09530943	1.04230058	3.00000000													1.00000000	-0.04806830	0.15663968	0.09117706	10.33694267	0.00196652	0.00194075	-0.00010505	0.00276491	-0.18463004	-0.17140204	-0.04227842	-0.12828498	3.00000000	-0.04921164	0.26335314	0.09505159	9.88609600	-0.00010248	-0.00018353	-0.00064007	0.00067370	-0.01606128	0.02368912	-0.02618641	0.00541064	4.00000000
15.910000	0.05343752	0.10082313	0.95224577	17.61680794	-0.03335318	-0.03502859	-0.01925280	0.05205869	-1.18634045	-0.91996783	-0.00187019	1.36443567	3.00000000													1.00000000	-0.04807136	0.15664770	0.09119218	10.33695984	0.00048764	0.00039500	-0.00054532	0.00083138	-0.20383751	-0.17070170	-0.06643993	0.00544032	3.00000000	-0.04921415	0.26335210	0.09505518	9.88610077	0.00003002	0.00031019	-0.00062554	0.00069887	-0.01726372	0.01900519	-0.03053361	0.02301865	4.00000000
15.920000	0.05307500	0.10053530	0.95200849	17.61732864	-0.04684900	-0.04952426	-0.01870692	0.07069250	-1.21189702	-1.08009708	0.15563025	1.51640558	3.00000000													1.00000000	-0.04806604	0.15663750	0.09118481	10.33697319	-0.00121749	-0.00078691	-0.00136786	0.00199313	-0.22750594	-0.16407274	-0.07682180	0.13560620	3.00000000	-0.04921233	0.26338252	0.09504295	9.88613319	0.00001012	0.00067055	-0.00070812	0.00097528	-0.02402543	0.00426629	-0.02497476	0.03216692	4.00000000
15.930000	0.05250718	0.10002544	0.95185798	17.61810684	-0.06019886	-0.06376542	-0.01717309	0.08935797	-1.15479887	-1.06152558	0.34526655	1.47787333	3.00000000													1.00000000	-0.04806615	0.15662470	0.09115303	10.33700752	-0.00387682	-0.00241411	-0.00253860	0.00522514	-0.23212524	-0.14775494	-0.07293486	0.22549017	3.00000000	-0.04921421	0.26339248	0.09503225	9.88614750	-0.00042608	0.00056128	-0.00123220	0.00141947	-0.03011524	-0.00619267	-0.01875580	0.03100480	4.00000000
15.940001	0.05179375	0.09919725	0.95167583	17.61921501	-0.07165304	-0.07415612	-0.01349350	0.10399693	-1.09058356	-0.74593687	0.51969618	1.24823844	3.00000000													1.00000000	-0.04809844	0.15661371	0.09111911	10.33705521	-0.00716597	-0.00440056	-0.00348861	0.00910420	-0.20673969	-0.11901078	-0.05762403	0.23678420	3.00000000	-0.04920404	0.26340479	0.09503056	9.88616371	-0.00105950	0.00015025	-0.00166104	0.00197590	-0.03271094	-0.00828877	-0.01737703	0.02684717	4.00000000
15.950001	0.05099514	0.09816086	0.95151639	17.62053299	-0.08059041	-0.08046415	-0.00611643	0.11404695	-1.06706250	-0.13122900	0.64730561	0.89919084	3.00000000													1.00000000	-0.04819135	0.15656745	0.09107808	10.33716679	-0.00967632	-0.00590682	-0.00386182	0.01197645	-0.14762546	-0.07213959	-0.02825943	0.16355944	3.00000000	-0.04922245	0.26337603	0.09500278	9.88620758	-0.00145740	-0.00027617	-0.00167123	0.00223456	-0.02648992	0.00582097	-0.00807705	0.02110773	4.00000000
15.960000	0.05014216	0.09736861	0.95144331	17.62170029	-0.08901295	-0.08217313	0.00239760	0.12116715	-1.00312543	0.54351580	0.68332994	0.55592149	3.00000000													1.00000000	-0.04834407	0.15647425	0.09104054	10.33734989	-0.01060363	-0.00632256	-0.00388560	0.01294256	-0.05825973	-0.00946806	0.00304553	0.05104947	3.00000000	-0.04924877	0.26338071	0.09498195	9.88624191	-0.00156608	-0.00007426	-0.00151414	0.00217962	-0.01248190	0.03535714	0.01271638	0.01963556	4.00000000
15.970000	0.04924086	0.09664331	0.95151508	17.62285995	-0.10064855	-0.07251637	0.01080433	0.12452104	-0.82113391	1.08573186	0.56502885	0.22525991	3.00000000													1.00000000	-0.04849821	0.15637845	0.09099595	10.33753681	-0.01026556	-0.00568951	-0.00358627	0.01227248	0.02201963	0.04905277	0.02151645	-0.04641342	3.00000000	-0.04928054	0.26336932	0.09495578	9.88628483	-0.00153445	0.00047460	-0.00144523	0.00216066	-0.00499908	0.06533165	0.02771616	0.02709880	4.00000000
15.980000	0.04828837	0.09595862	0.95176035	17.62405777	-0.11243230	-0.05280319	0.01649509	0.12530477	-0.54623681	1.54538774	0.27992150	-0.11147763	3.00000000													1.00000000	-0.04857781	0.15630969	0.09096172	10.33764744	-0.00916561	-0.00450127	-0.00311825	0.01067677	0.05013916	0.08434515	0.03131935	-0.08556191	3.00000000	-0.04928743	0.26338679	0.09495506	9.88630390	-0.00142927	0.00156437	-0.00115484	0.00241324	-0.01563329	0.08174361	0.02836136	0.04519858	4.00000000
15.990001	0.04707252	0.09521851	0.95200920	17.62550354	-0.11798655	-0.03248316	0.01872877	0.12380125	-0.22097403	1.87000716	-0.08958413	-0.33505824	3.00000000													1.00000000	-0.04862681	0.15631276	0.09092698	10.33770752	-0.00785751	-0.00332755	-0.00277913	0.00897422	0.03574758	0.09262664	0.03614067	-0.07358624	3.00000000	-0.04928502	0.26340941	0.09495597	9.88632679	-0.00140375	0.00269214	-0.00054445	0.00308457	-0.02854483	0.08575533	0.02948960	0.06364145	4.00000000
16.000000	0.04565662	0.09503791	0.95222157	17.62694740	-0.11488413	-0.01513498	0.01560748	0.11692316	0.13819435	1.80693221	-0.43647730	-0.43033156	3.00000000													1.00000000	-0.04867717	0.15630844	0.09091415	10.33775997	-0.00753471	-0.00242243	-0.00256194	0.00831887	0.01397306	0.09425541	0.03087975	-0.04642266	3.00000000	-0.04929390	0.26342657	0.09493607	9.88635445	-0.00185575	0.00352040	-0.00020626	0.00398492	-0.02583323	0.07404306	0.03829257	0.06454334	4.00000000
16.010000	0.04433182	0.09523355	0.95232850	17.62829018	-0.10848951	0.00444036	0.00733534	0.10882784	0.39461887	1.45948458	-0.66268361	-0.45528707	3.00000000													1.00000000	-0.04877242	0.15628360	0.09089120	10.33786106	-0.00837610	-0.00176529	-0.00215030	0.00882604	0.00165565	0.11749978	0.02771192	-0.02095253	3.00000000	-0.04932196	0.26348752	0.09493718	9.88642120	-0.00276168	0.00409285	-0.00015025	0.00493973	-0.00624084	0.04619406	0.03994401	0.04386541	4.00000000
16.020000	0.04337958	0.09549804	0.95241839	17.62928200	-0.10296522	0.02217665	-0.00273933	0.10536197	0.33721375	1.18896341	-0.71776575	-0.25497127	3.00000000													1.00000000	-0.04886967	0.15623268	0.09086595	10.33797359	-0.00907353	-0.00107797	-0.00184110	0.00932098	0.01087998	0.16812462	0.04061715	0.00998428	3.00000000	-0.04935457	0.26352760	0.09494278	9.88647270	-0.00296794	0.00463227	0.00022339	0.00550604	0.02879987	0.02510972	0.03379749	0.02169115	4.00000000
16.030001	0.04271753	0.09560936	0.95233923	17.62995720	-0.09810685	0.02900908	-0.01171976	0.10297492	0.07549282	1.03409362	-0.61087477	0.12945570	3.00000000													1.00000000	-0.04897594	0.15620996	0.09083760	10.33808613	-0.00881882	0.00062001	-0.00173921	0.00901004	0.05034522	0.22402363	0.05812839	0.04150242	3.00000000	-0.04940428	0.26357657	0.09494402	9.88654232	-0.00230766	0.00458807	0.00091400	0.00521642	0.08141430	0.01794058	0.03307727	0.01507637	4.00000000
16.040001	0.04178838	0.09597269	0.95213372	17.63097572	-0.09736518	0.03228113	-0.01663218	0.10391669	-0.05217027	0.84782714	-0.41669434	0.33900997	3.00000000													1.00000000	-0.04906478	0.15623789	0.09083483	10.33817959	-0.00769707	0.00369164	-0.00117278	0.00861676	0.09859802	0.26100188	0.06653306	0.06156427	3.00000000	-0.04943458	0.26362690	0.09495604	9.88660240	-0.00089140	0.00436877	0.00127833	0.00463842	0.13304247	0.01332992	0.03003867	0.02192150	4.00000000
16.050001	0.04062680	0.09635326	0.95184046	17.63223267	-0.10471123	0.04051719	-0.01826932	0.11375348	-0.04814621	0.75832242	-0.21737731	0.37749618	3.00000000													1.00000000	-0.04913278	0.15629086	0.09082028	10.33826733	-0.00616952	0.00744946	-0.00003657	0.00967258	0.12900849	0.26720265	0.07126656	0.08118739	3.00000000	-0.04942762	0.26366434	0.09496231	9.88664055	0.00075996	0.00454858	0.00140009	0.00481948	0.15746300	0.01961654	0.01371641	0.04503106	4.00000000
16.059999	0.03948417	0.09676370	0.95159680	17.63347054	-0.10958317	0.05216518	-0.01845459	0.12276094	-0.11337089	0.78731275	-0.09381364	0.45939204	3.00000000													1.00000000	-0.04918526	0.15638347	0.09081769	10.33837414	-0.00457149	0.01047626	0.00102241	0.01147588	0.14553697	0.23467964	0.06945058	0.10388049	3.00000000	-0.04940725	0.26370612	0.09499829	9.88669968	0.00273325	0.00493700	0.00150632	0.00584069	0.15529738	0.04404820	-0.00520733	0.08352322	4.00000000
16.070000	0.03838534	0.09725682	0.95153826	17.63467598	-0.10532740	0.06059507	-0.01852065	0.12291721	-0.16384223	0.59978729	-0.08604930	0.41341332	3.00000000													1.00000000	-0.04921962	0.15651177	0.09083004	10.33850765	-0.00325249	0.01228278	0.00156208	0.01280177	0.15493216	0.16592900	0.04279964	0.10020574	3.00000000	-0.04935349	0.26375112	0.09500583	9.88677025	0.00444561	0.00529761	0.00139469	0.00705502	0.13938993	0.06602246	-0.01226137	0.11495457	4.00000000
16.080000	0.03727316	0.09794767	0.95141745	17.63599014	-0.10116798	0.06766319	-0.01882513	0.12315703	-0.09335428	0.01604048	-0.14124569	0.11014721	3.00000000													1.00000000	-0.04924162	0.15666559	0.09086901	10.33866787	-0.00196326	0.01336311	0.00184675	0.01363223	0.13762568	0.08127903	-0.00644785	0.05395946	3.00000000	-0.04932518	0.26381114	0.09501995	9.88683796	0.00561044	0.00612835	0.00107953	0.00837849	0.10565815	0.06594261	-0.01315556	0.10881899	4.00000000
16.090000	0.03639261	0.09881201	0.95121366	17.63724136	-0.10534649	0.06907029	-0.02062271	0.12764749	-0.07476576	-0.82116991	-0.18562868	-0.15415765	3.00000000													1.00000000	-0.04925958	0.15681182	0.09089845	10.33881855	-0.00017056	0.01385547	0.00181856	0.01397535	0.07853252	0.00895625	-0.04986270	-0.00426671	3.00000000	-0.04924410	0.26388687	0.09502754	9.88694954	0.00645742	0.00719403	0.00074965	0.00969610	0.04054552	0.05004228	-0.00905452	0.06181455	4.00000000
16.100000	0.03548989	0.09953907	0.95090282	17.63844109	-0.11162360	0.05781402	-0.02387116	0.12795359	-0.09371091	-1.81498659	-0.17658782	-0.19024760	3.00000000													1.00000000	-0.04926332	0.15693252	0.09090802	10.33893967	0.00136175	0.01362947	0.00093107	0.01372894	-0.01153391	-0.04405690	-0.07722744	-0.03873010	3.00000000	-0.04918158	0.26394072	0.09502736	9.88703251	0.00703642	0.00801310	0.00081112	0.01069481	-0.04039382	0.02656840	0.00554117	0.00058684	4.00000000
16.110001	0.03439621	0.10024429	0.95062983	17.63977051	-0.11247244	0.03224096	-0.02686630	0.12004718	0.17703094	-2.89021611	-0.11434244	-0.06637406	3.00000000													1.00000000	-0.04924555	0.15706769	0.09090852	10.33907604	0.00101809	0.01258266	-0.00053042	0.01263492	-0.12774470	-0.08696937	-0.10298555	-0.03023881	3.00000000	-0.04909799	0.26404586	0.09504130	9.88716793	0.00655812	0.00781169	0.00087408	0.01023696	-0.12390836	-0.00783261	0.02201242	-0.05012090	4.00000000
16.120001	0.03290789	0.10048413	0.95042282	17.64129257	-0.10994481	-0.00421001	-0.02787759	0.11350218	0.66977763	-3.79982424	0.01076607	0.35342336	3.00000000													1.00000000	-0.04918250	0.15720136	0.09090851	10.33922386	-0.00150849	0.01135642	-0.00165682	0.01157536	-0.26154050	-0.11780444	-0.12743099	0.02867564	3.00000000	-0.04902322	0.26412645	0.09504282	9.88727760	0.00441130	0.00728120	0.00126821	0.00860720	-0.20900062	-0.04312890	0.03152940	-0.06752204	4.00000000
16.130001	0.03166009	0.10027505	0.95015007	17.64258766	-0.10194267	-0.05003686	-0.02622654	0.11654968	0.93088782	-4.33302212	0.23270136	1.15157497	3.00000000													1.00000000	-0.04917094	0.15732677	0.09087536	10.33935452	-0.00527902	0.01006971	-0.00260534	0.01166425	-0.36679870	-0.13815963	-0.14284058	0.11912191	3.00000000	-0.04896888	0.26422313	0.09506525	9.88739109	0.00154072	0.00664641	0.00179019	0.00705361	-0.28155607	-0.06319538	0.03627479	-0.03491560	4.00000000
16.139999	0.03082120	0.09952594	0.94982433	17.64375877	-0.08397535	-0.09954938	-0.02356668	0.13235304	0.92152953	-4.36489344	0.55090147	1.94066250	3.00000000													1.00000000	-0.04926196	0.15740493	0.09084247	10.33947849	-0.00984212	0.00864491	-0.00398910	0.01369360	-0.39697036	-0.16107054	-0.15509747	0.20059218	3.00000000	-0.04896922	0.26424995	0.09507418	9.88741970	-0.00185935	0.00588993	0.00214651	0.00653881	-0.30446950	-0.06467767	0.03503438	0.02617110	4.00000000
16.150000	0.03015945	0.09825642	0.94954455	17.64521790	-0.06904985	-0.14748921	-0.01832644	0.16388047	0.83063221	-3.84481478	0.88468850	2.30753183	3.00000000													1.00000000	-0.04943315	0.15747358	0.09080019	10.33966732	-0.01464669	0.00720968	-0.00587702	0.01735063	-0.34902918	-0.19913018	-0.15992701	0.23282568	3.00000000	-0.04902850	0.26430342	0.09510945	9.88750744	-0.00528973	0.00522683	0.00248278	0.00783997	-0.25208396	-0.06018249	0.02763071	0.05552161	4.00000000
16.160000	0.02966329	0.09646224	0.94938886	17.64708519	-0.06594998	-0.18762468	-0.00771930	0.19902766	0.55412740	-2.84885383	1.14066970	2.13846779	3.00000000													1.00000000	-0.04961653	0.15753156	0.09074970	10.33986664	-0.01850190	0.00514624	-0.00793003	0.02077714	-0.25075379	-0.25026500	-0.13160761	0.20194724	3.00000000	-0.04910535	0.26434597	0.09513632	9.88759899	-0.00847221	0.00453840	0.00272542	0.00999016	-0.13417724	-0.10801475	-0.00810872	-0.00309354	4.00000000
16.170000	0.02920152	0.09433980	0.94935250	17.64925766	-0.06617494	-0.21195865	0.00828753	0.22220322	0.16195729	-1.54344559	1.27175033	1.39915204	3.00000000													1.00000000	-0.04979846	0.15760037	0.09066114	10.34008026	-0.02045675	0.00246925	-0.00959871	0.02273128	-0.11241331	-0.29598671	-0.05436207	0.10370553	3.00000000	-0.04920239	0.26441619	0.09516177	9.88772106	-0.00983365	0.00408565	0.00276752	0.01100238	0.02071531	-0.28192332	-0.11955078	0.05553434	4.00000000
16.180000	0.02830076	0.09180272	0.94947046	17.65195274	-0.06538797	-0.21909748	0.02487252	0.22999550	-0.04294117	-0.19060411	1.22543585	0.30488420	2.00000000													1.00000000	-0.05000441	0.15763935	0.09053292	10.34032631	-0.02036610	-0.00113336	-0.01012919	0.02277417	0.06492118	-0.31056669	0.05256066	-0.04526836	3.00000000	-0.04931203	0.26445594	0.09519284	9.88784218	-0.00837843	0.00295738	0.00255244	0.00924441	0.19809955	-0.46323031	-0.24055564	0.23287211	4.00000000
16.190001	0.02752411	0.08948457	0.94981098	17.65442085	-0.06660526	-0.21046034	0.03732244	0.22388117	-0.11516672	0.88329458	0.94246453	-0.65791345	2.00000000													1.00000000	-0.05024902	0.15759644	0.09039871	10.34060860	-0.01915200	-0.00507223	-0.00889339	0.02171679	0.23513743	-0.28272527	0.14763238	-0.17926720	3.00000000	-0.04944430	0.26447177	0.09521528	9.88797760	-0.00472730	-0.00291939	-0.00045231	0.00557447	0.35097331	-0.53365487	-0.29864183	0.31590742	4.00000000
16.200001	0.02684085	0.08737977	0.95039606	17.65670967	-0.06782249	-0.19022927	0.04502386	0.20691596	-0.21522504	1.58840632	0.47786841	-1.29721105	2.00000000													1.00000000	-0.05045975	0.15751545	0.09030259	10.34085369	-0.01602486	-0.00818558	-0.00596748	0.01895813	0.33275154	-0.21547139	0.20299238	-0.24604005	3.00000000	-0.04949355	0.26447308	0.09523619	9.88803101	-0.00004806	-0.01425718	-0.00700727	0.01588620	0.40224013	-0.47782141	-0.28692856	0.29570699	4.00000000
16.210001	0.02641771	0.08568388	0.95096445	17.65854836	-0.06949706	-0.16805373	0.04780740	0.18803576	-0.21845928	2.02352023	0.02261313	-1.72324705	2.00000000													1.00000000	-0.05060470	0.15737198	0.09026193	10.34106159	-0.01078313	-0.00984544	-0.00275212	0.01485876	0.36592019	-0.11975069	0.21469045	-0.26358560	3.00000000	-0.04944295	0.26440206	0.09522316	9.88811874	0.00563382	-0.02067188	-0.01092851	0.02405201	0.33942068	-0.29136574	-0.20285311	0.25317085	4.00000000
16.220001	0.02578210	0.08425436	0.95143217	17.66018105	-0.07401852	-0.14886931	0.04427582	0.17204988	0.08598134	2.31408310	-0.32061091	-2.14318967	2.00000000													1.00000000	-0.05069513	0.15726538	0.09028474	10.34120369	-0.00571543	-0.01018221	-0.00061871	0.01169301	0.36686859	-0.02811264	0.18475617	-0.24362959	3.00000000	-0.04931882	0.26399907	0.09498417	9.88860321	0.00960846	-0.02202690	-0.01230817	0.02699996	0.20418093	0.00361438	-0.04449274	0.06020333	4.00000000
16.230000	0.02492753	0.08290881	0.95180964	17.66181946	-0.07724968	-0.12771195	0.03664841	0.15369113	0.72524822	2.65582871	-0.56415230	-2.88103485	2.00000000	-0.03148002	0.18453094	0.54676104	14.79434109	0.01455375	-0.01816178	-0.00519156	0.02384564	-2.35195565	-1.14598632	0.71580052	1.24277163	2.00000000	-0.05068025	0.15717824	0.09031750	10.34129810	-0.00284982	-0.00960492	0.00048714	0.01003061	0.30941677	0.01921380	0.13161108	-0.16332425	3.00000000	-0.04918873	0.26351056	0.09470228	9.88918209	0.01063285	-0.01662547	-0.00987978	0.02206975	0.02839606	0.28304470	0.12980582	-0.28829402	4.00000000
16.240000	0.02391451	0.08154509	0.95215505	17.66355324	-0.07186022	-0.10175084	0.02942383	0.12799565	1.61169279	3.23374081	-0.66247159	-3.04324698	2.00000000	-0.03143400	0.18414386	0.54670203	14.79473495	-0.00553597	-0.02595261	0.00146925	0.02657712	-1.65409470	-0.88716036	0.57594478	1.04286218	2.00000000	-0.05065358	0.15709411	0.09032412	10.34138680	-0.00071848	-0.00865882	0.00130758	0.00878641	0.20078558	0.00447220	0.09248789	-0.04861404	3.00000000	-0.04902976	0.26343310	0.09465563	9.88936520	0.00899623	-0.01088406	-0.00719664	0.01584887	-0.14393093	0.43707955	0.25911212	-0.48332787	4.00000000
16.250000	0.02307868	0.08046364	0.95241576	17.66494560	-0.04872028	-0.06676564	0.02260854	0.08568817	2.52096128	3.93265486	-0.56897104	-1.81371093	2.00000000	-0.03148900	0.18386282	0.54674530	14.79502487	-0.02562568	-0.03374343	0.00813007	0.04314386	-0.95623368	-0.62833440	0.43608907	0.84295279	2.00000000	-0.05065620	0.15701425	0.09029991	10.34147072	0.00133024	-0.00809071	0.00195932	0.00843019	0.12201882	-0.04483650	0.08706190	0.04926571	3.00000000	-0.04899254	0.26340583	0.09461922	9.88942432	0.00600107	-0.00615790	-0.00445557	0.00968425	-0.24406034	0.45974180	0.32686067	-0.39604783	4.00000000
16.260000	0.02259973	0.07991043	0.95260704	17.66570282	-0.01229346	-0.02267727	0.01620054	0.03046055	3.21103501	4.51617670	-0.42009518	-0.08465318	2.00000000	-0.03165743	0.18383384	0.54684305	14.79522133	-0.03913905	-0.05396170	0.01179228	0.06769629	-0.17206423	0.15104878	0.32798696	-0.10994041	2.00000000	-0.05070671	0.15691835	0.09030751	10.34157944	0.00209973	-0.00894827	0.00267215	0.00957188	0.10263355	-0.09162764	0.09263834	0.11793615	3.00000000	-0.04892250	0.26382160	0.09486249	9.88991070	0.00252261	-0.00231539	-0.00114900	0.00361176	-0.25465322	0.40114626	0.34029585	-0.16397089	4.00000000
16.270000	0.02268042	0.07999431	0.95273834	17.66587830	0.03022817	0.03080473	0.01251052	0.04493536	3.33255625	4.73612976	-0.07430372	1.50659680	2.00000000	-0.03189324	0.18368798	0.54690063	14.79550457	-0.03689378	-0.04770545	0.01543661	0.06225150	0.72391284	0.65469801	0.18587375	-0.18189850	2.00000000	-0.05066998	0.15684651	0.09036721	10.34167957	0.00186674	-0.01117960	0.00367115	0.01191409	0.08533682	-0.11895786	0.07859772	0.15009785	3.00000000	-0.04896289	0.26347861	0.09462831	9.89032841	-0.00058729	0.00130137	0.00287114	0.00320655	-0.20878756	0.39615312	0.35751039	0.08148731	4.00000000
16.280001	0.02336813	0.08064078	0.95277566	17.66682243	0.06678438	0.08393352	0.01294166	0.10803923	2.75745440	4.48560953	0.50315505	3.16955996	2.00000000	-0.03331422	0.18188137	0.54726362	14.79783154	-0.01484419	-0.02500315	0.01447896	0.03248304	1.63844848	1.52966928	0.06015598	0.02007984	2.00000000	-0.05059065	0.15676695	0.09043191	10.34180927	0.00257899	-0.01308458	0.00506652	0.01426629	0.07189332	-0.09399454	0.04559423	0.11926810	3.00000000	-0.04895271	0.26340210	0.09462126	9.89040565	-0.00220643	0.00482077	0.00681300	0.00863279	-0.14182299	0.41757399	0.34227991	0.31911379	4.00000000
16.290001	0.02433716	0.08168161	0.95285201	17.66824722	0.09632462	0.13251632	0.01410892	0.16443257	1.89533651	3.87733054	0.78627294	4.02289724	2.00000000	-0.03326699	0.18174520	0.54736608	14.79800797	0.00814097	-0.00622086	0.01423806	0.01754129	2.06393886	2.04527330	-0.06543512	0.19142872	2.00000000	-0.05054653	0.15659116	0.09048117	10.34199715	0.00426422	-0.01399343	0.00573080	0.01571120	0.11683140	0.00667236	0.00318740	0.04433994	3.00000000	-0.04900722	0.26330537	0.09463162	9.89051723	-0.00270149	0.00833596	0.01001209	0.01330519	-0.05811277	0.36197901	0.23955773	0.38832489	4.00000000
16.300001	0.02559916	0.08340955	0.95303226	17.67039490	0.10594444	0.16524251	0.03327926	0.19908997	1.15588617	2.99141526	0.76982874	3.31865311	2.00000000	-0.03306077	0.18173836	0.54756576	14.79829502	0.03252672	0.01562188	0.01412282	0.03874900	1.56290722	1.46833110	-0.13942850	0.28982091	2.00000000	-0.05056487	0.15640284	0.09051409	10.34218884	0.00504845	-0.01381673	0.00510464	0.01557068	0.19296740	0.13528661	-0.05013372	-0.00173938	3.00000000	-0.04905217	0.26366231	0.09492938	9.89098454	-0.00277022	0.01448989	0.01349815	0.01999578	0.01522588	0.16790794	0.04140814	0.15854335	4.00000000
16.309999	0.02662405	0.08527253	0.95333046	17.67254257	0.10408551	0.18792661	0.05198022	0.22102521	0.67669845	1.96205509	0.82552111	2.12211657	2.00000000	-0.03152015	0.18344502	0.54747170	14.80059624	0.05871658	0.04374025	0.01192838	0.07418310	0.74246210	0.68440497	-0.17764993	0.35978258	2.00000000	-0.05052759	0.15623663	0.09058899	10.34237480	0.00637521	-0.01151835	0.00391398	0.01373444	0.23059233	0.22577427	-0.10067256	-0.00233839	3.00000000	-0.04906572	0.26405042	0.09522375	9.89147186	-0.00264865	0.01762112	0.01378916	0.02253132	0.05040161	-0.05326373	-0.14997809	-0.13988465	4.00000000
16.320000	0.02800079	0.08765363	0.95365548	17.67531204	0.10487625	0.20345610	0.05108515	0.23452741	0.67910862	1.08772433	0.47631159	1.33776104	2.00000000	-0.03119522	0.18349603	0.54769427	14.80099297	0.05841635	0.04423198	0.00947614	0.07388326	0.14693558	0.24414024	-0.26152617	0.15953241	2.00000000	-0.05043125	0.15614834	0.09064010	10.34251499	0.00970395	-0.00752099	0.00260143	0.01254987	0.23738420	0.26277736	-0.11177754	0.01289551	3.00000000	-0.04908161	0.26411116	0.09526465	9.89154720	-0.00139363	0.01562710	0.01053767	0.01889949	0.06860805	-0.20310028	-0.25343636	-0.30921704	4.00000000
16.330000	0.02846567	0.08933496	0.95517820	17.67762756	0.11210699	0.20831375	0.05098730	0.24199648	1.22861028	0.33631882	-0.31619927	0.93219054	3.00000000	-0.03078007	0.18367229	0.54785526	14.80147171	0.04080040	0.02594317	0.00697672	0.04885075	-0.35994232	-0.18119632	-0.31235570	-0.42087108	2.00000000	-0.05031547	0.15611561	0.09065974	10.34263706	0.01355074	-0.00374230	0.00121351	0.01411028	0.23387641	0.25215992	-0.07608989	0.04923524	3.00000000	-0.04910579	0.26417413	0.09528726	9.89161873	-0.00041068	0.00682125	0.00335742	0.00761383	0.08807828	-0.31504282	-0.29784027	-0.40266794	4.00000000
16.340000	0.02967150	0.09164882	0.95539880	17.68024635	0.12620856	0.20628434	0.05277395	0.24752156	1.72690570	-0.26999909	-0.81639802	0.70727926	3.00000000	-0.03029493	0.18395379	0.54796040	14.80204201	0.02922417	0.01526475	0.00352015	0.03315805	-0.21849196	-0.19276656	-0.31736821	-0.29904696	2.00000000	-0.05015714	0.15611565	0.09064189	10.34279633	0.01587098	-0.00158908	0.00011014	0.01595071	0.18509895	0.20395385	-0.01355064	0.08836619	3.00000000	-0.04910443	0.26421475	0.09528798	9.89165974	0.00026009	0.00193814	-0.00029436	0.00197755	0.09971406	-0.34328178	-0.28083730	-0.37418425	4.00000000
16.350000	0.03085068	0.09362400	0.95557183	17.68255234	0.15172300	0.20239589	0.03636678	0.25555137	1.90188491	-0.36689687	-1.21078050	0.76505876	3.00000000	-0.03044519	0.18368249	0.54791617	14.80235481	0.02883388	0.02006491	-0.00086774	0.03513896	0.96949190	0.57203448	-0.29442376	1.11438560	2.00000000	-0.04997660	0.15612379	0.09061296	10.34297943	0.01690546	-0.00071352	0.00026226	0.01692254	0.08598638	0.15274662	0.05801570	0.07489866	3.00000000	-0.04909638	0.26422608	0.09527612	9.89167786	0.00109638	0.00134110	-0.00051570	0.00180737	0.10942595	-0.23027012	-0.17965584	-0.16803604	4.00000000
16.360001	0.03270178	0.09577620	0.95588177	17.68540764	0.18093525	0.18736161	0.02041558	0.26126373	1.89561212	-0.33892292	-1.62623227	0.84542120	3.00000000	-0.02999074	0.18418349	0.54780501	14.80304050	0.03664330	0.02781016	-0.00361303	0.04614316	2.11405206	1.12009609	-0.18112527	2.38681626	2.00000000	-0.04978150	0.15611844	0.09061734	10.34317493	0.01721935	0.00002583	0.00159225	0.01729283	-0.00184184	0.14790685	0.12490948	0.03955799	3.00000000	-0.04906647	0.26421404	0.09525662	9.89171600	0.00218802	0.00065466	-0.00093561	0.00246807	0.13078262	-0.09658021	-0.07059424	0.06367405	4.00000000
16.370001	0.03470694	0.09772507	0.95614970	17.68821716	0.19622463	0.18401542	0.00279993	0.26902345	1.60964286	-0.62355161	-1.67431843	0.60596365	3.00000000	-0.02963259	0.18449970	0.54770213	14.80352879	0.07293583	0.05105473	-0.00611643	0.08923917	2.17378116	0.77517396	0.00287926	2.29835534	2.00000000	-0.04961058	0.15608841	0.09064148	10.34335041	0.01667937	0.00131043	0.00372728	0.01714092	-0.00506790	0.22075157	0.17569099	0.08947708	3.00000000	-0.04905273	0.26420140	0.09525108	9.89173508	0.00372073	0.00024388	-0.00162212	0.00406627	0.14651828	-0.08100230	-0.03304270	0.14781125	4.00000000
16.380001	0.03697613	0.09937572	0.95629293	17.69102669	0.20757212	0.19312041	-0.02121031	0.28430891	1.04829013	-0.44991744	-1.54891682	0.49607229	3.00000000	-0.02928574	0.18476395	0.54778129	14.80397224	0.12271188	0.07340871	-0.00554969	0.14310081	2.25132966	0.45604384	0.11024127	2.21699786	2.00000000	-0.04945882	0.15610118	0.09070320	10.34351444	0.01537120	0.00341137	0.00581512	0.01678472	0.01022783	0.28796819	0.18544841	0.14983019	3.00000000	-0.04902074	0.26422471	0.09525252	9.89177513	0.00555146	-0.00050863	-0.00231819	0.00603750	0.15484096	-0.11277404	-0.03360294	0.17312476	4.00000000
16.389999	0.03907625	0.10049281	0.95629317	17.69340515	0.21592204	0.18454982	-0.03257294	0.28590551	0.66137981	-0.48319596	-1.19004297	0.28274432	3.00000000	-0.02772600	0.18584363	0.54768449	14.80587196	0.14461908	0.06799226	-0.00111709	0.15980886	1.17581367	-0.45735866	0.24166204	0.82660663	2.00000000	-0.04930533	0.15614083	0.09077015	10.34368610	0.01500612	0.00711444	0.00771458	0.01831157	0.06555249	0.34578639	0.17169125	0.24024647	3.00000000	-0.04896410	0.26423338	0.09522627	9.89183807	0.00730334	-0.00192498	-0.00262378	0.00799553	0.13509868	-0.13676949	-0.00162764	0.17022471	4.00000000
16.400000	0.04098977	0.10332868	0.95489275	17.69710159	0.21925801	0.16669549	-0.04242013	0.27867711	0.55585265	-1.50022054	-0.42289931	-0.36255220	2.00000000	-0.02555107	0.18686375	0.54762721	14.80827522	0.12702754	0.04253586	0.00325441	0.13399957	-1.91519964	-2.45002246	0.45274031	-0.94068772	2.00000000	-0.04916984	0.15624388	0.09085805	10.34387779	0.01772431	0.01271131	0.00963298	0.02384372	0.20958900	0.43418986	0.16528086	0.42322531	3.00000000	-0.04886027	0.26422688	0.09517590	9.89195347	0.00855019	-0.00367860	-0.00203457	0.00952772	0.08243497	-0.15560935	0.07396472	0.13775840	4.00000000
16.410000	0.04326344	0.10516687	0.95459539	17.70004082	0.22042400	0.17464116	-0.05173236	0.28594145	0.40597257	-1.61219823	-0.13223186	-0.52399039	2.00000000	-0.02300520	0.18795709	0.54759347	14.81104660	0.14558245	0.04162950	0.00358025	0.15145984	-2.88656044	-2.97939062	0.44243535	-1.52100301	2.00000000	-0.04903575	0.15636420	0.09095122	10.34408092	0.01811745	0.01531964	0.01040213	0.02590632	0.26516333	0.44475061	0.14562504	0.48806569	3.00000000	-0.04874872	0.26415271	0.09513136	9.89209461	0.00979432	-0.00559390	-0.00237239	0.01152599	0.06092865	-0.17020240	0.09318192	0.13010181	4.00000000
16.420000	0.04566417	0.10667633	0.95422298	17.70290184	0.22670346	0.13675429	-0.03904700	0.26762074	0.49624741	-2.67157412	0.60324782	-1.00303435	2.00000000	-0.02267102	0.18724877	0.54780298	14.81185722	0.05667284	-0.02126694	0.01158416	0.06163024	-6.02848959	-4.67544174	0.61050558	-1.37978530	2.00000000	-0.04881737	0.15657705	0.09107733	10.34441090	0.02342612	0.02085641	0.01211800	0.03362467	0.40666637	0.49571273	0.15468597	0.63914645	3.00000000	-0.04864710	0.26406449	0.09512523	9.89222908	0.00919364	-0.00710636	0.00017956	0.01162135	-0.00469577	-0.16171712	0.17777140	0.09223306	4.00000000
16.430000	0.04791595	0.10733456	0.95402473	17.70525551	0.23298293	0.09886742	-0.02636165	0.25446171	0.58652222	-3.73094988	1.33872747	-1.48207831	2.00000000	-0.02332150	0.18644665	0.54796666	14.81290245	-0.03223677	-0.08416337	0.01958807	0.09223001	-9.17041874	-6.37149286	0.77857578	-1.23856759	2.00000000	-0.04849645	0.15685329	0.09121734	10.34485722	0.02873478	0.02639319	0.01383387	0.04139642	0.54816937	0.54667485	0.16374691	0.79022717	3.00000000	-0.04857520	0.26399162	0.09516914	9.89234066	0.00859297	-0.00861883	0.00273151	0.01247335	-0.07032020	-0.15323183	0.26236087	0.05436431	4.00000000
