Time	Knee angle X	Knee angle v(X)	Knee angle a(X)	Ankle X	Ankle v(X)	Ankle a(X)
0.00000000	0.00000000	0.00000000	0.00000000	0.00000000	0.00000000	0.00000000
0.01000000	0.01000000	0.01000000	0.01000000	0.01000000	0.01000000	0.01000000
0.000000						
0.010000						
0.020000						
0.030000						
0.040000						
0.050000						
0.060000						
0.070000	155.01675415			87.80976105		
0.080000	153.90998840			88.19695282		
0.090000						
0.100000						
0.110000						
0.120000						
0.130000						
0.140000						
0.150000						
0.160000						
0.170000						
0.180000						
0.190000						
0.200000						
0.210000						
0.220000						
0.230000						
0.240000						
0.250000						
0.260000						
0.270000						
0.280000						
0.290000						
0.300000						
0.310000						
0.320000						
0.330000						
0.340000						
0.350000						
0.360000						
0.370000						
0.380000						
0.390000						
0.400000						
0.410000						
0.420000						
0.430000						
0.440000						
0.450000						
0.460000						
0.470000						
0.480000						
0.490000						
0.500000						
0.510000						
0.520000						
0.530000						
0.540000						
0.550000						
0.560000						
0.570000						
0.580000						
0.590000						
0.600000						
0.610000						
0.620000						
0.630000						
0.640000						
0.650000						
0.660000						
0.670000						
0.680000						
0.690000						
0.700000						
0.710000						
0.720000						
0.730000						
0.740000						
0.750000						
0.760000						
0.770000						
0.780000						
0.790000						
0.800000						
0.810000						
0.820000						
0.830000						
0.840000						
0.850000						
0.860000						
0.870000						
0.880000						
0.890000						
0.900000						
0.910000						
0.920000						
0.930000						
0.940000						
0.950000						
0.960000						
0.970000						
0.980000						
0.990000						
1.000000						
1.010000						
1.020000						
1.030000						
1.040000						
1.050000						
1.060000						
1.070000						
1.080000						
1.090000						
1.100000						
1.110000						
1.120000						
1.130000						
1.140000						
1.150000						
1.160000						
1.170000						
1.180000						
1.190000						
1.200000						
1.210000						
1.220000						
1.230000						
1.240000						
1.250000						
1.260000						
1.270000						
1.280000						
1.290000						
1.300000						
1.310000						
1.320000						
1.330000						
1.340000						
1.350000						
1.360000						
1.370000						
1.380000						
1.390000						
1.400000						
1.410000						
1.420000						
1.430000						
1.440000						
1.450000						
1.460000						
1.470000						
1.480000						
1.490000						
1.500000						
1.510000						
1.520000						
1.530000						
1.540000						
1.550000						
1.560000						
1.570000						
1.580000						
1.590000						
1.600000						
1.610000						
1.620000						
1.630000						
1.640000						
1.650000						
1.660000						
1.670000						
1.680000	151.56092834	401.83779907	-7274.18896484	88.79953003	39.69758606	1680.42199707
1.690000	156.60444641	332.07473755	-6134.96679688	87.96496582	46.30432129	113.34781647
1.700000	158.33496094	262.31167603	-4995.74462891	90.57252502	52.91105652	-1453.72631836
1.710000	161.25419617	223.83230591	-4614.43457031	90.57836914	56.95425415	-3118.93701172
1.720000	163.25756836	175.63577271	-3749.08300781	90.71266937	13.95549679	-2703.98193359
1.730000	164.66806030	158.10203552	-2855.28198242	90.90687561	-81.91343689	-2814.42236328
1.740000	165.85202026	119.41591644	-2031.86279297	90.87002563	-117.66293335	-1095.82202148
1.750000	167.00721741	100.89199829	-1490.31054688	88.42043304	-53.07578659	5108.62792969
1.760000	168.20455933	98.46826935	-1004.41986084	85.36834717	-88.72419739	7113.64648438
1.770000	168.50665283	93.97811890	-548.02478027	85.42071533	104.91905212	13487.93164063
1.780000	169.74206543	89.48796844	-91.62969971	90.14286804	298.56231689	19862.21679688
1.790000						
1.800000						
1.810000						
1.820000	162.66033936	-156.28140259	5866.74267578	99.69525146	-111.69980621	-235.33685303
1.830000	161.08709717	-99.08142090	5008.58691406	98.75357056	-114.23873901	115.38276672
1.840000	159.93559265	-41.88143158	4150.43115234	97.42432404	-116.77767181	466.10238647
1.850000	159.45863342	-13.42875099	3406.28002930	96.05667877	-106.31840515	272.90997314
1.860000	160.25186157	30.12466240	1840.65649414	95.12255096	-97.92613983	279.96328735
1.870000	160.86955261	44.12472916	741.53912354	94.24727631	-95.92361450	225.32824707
1.880000	161.62942505	31.51423073	-260.57766724	93.55210876	-101.14167023	37.29534149
1.890000	161.99896240	16.50415993	-1097.51293945	92.73898315	-102.64414978	-27.67842484
1.900000	161.41476440	4.63981628	-1084.03845215	91.05284119	-99.45831299	181.88920593
1.910000	161.37149048	-10.21537781	-912.62011719	90.05419159	-99.26458740	347.98779297
1.920000	161.42816162	-13.81454372	-1050.95251465	89.11241150	-93.78273773	142.78640747
1.930000	161.51846313	-16.00176430	-1265.96740723	88.71973419	-85.77778625	-31.46718216
1.940000	161.22874451	-30.91964531	-1459.57287598	87.71115112	-87.90588379	85.78134918
1.950000	160.81697083	-54.42746353	-1642.89331055	86.72491455	-99.67644501	78.43354034
1.960000	160.19563293	-77.56538391	-1549.01452637	85.66584015	-98.65957642	40.56256485
1.970000	159.38368225	-91.73126221	-1045.26489258	84.59270477	-86.93281555	322.83520508
1.980000	158.12490845	-98.05767822	-292.46673584	83.43466949	-84.84350586	441.20321655
1.990000	156.99458313	-97.64187622	343.71896362	83.27172089	-81.08139038	86.45826721
2.000000	156.00671387	-88.54891205	669.18524170	82.36916351	-76.55270386	-106.99500275
2.010000	155.31700134	-74.25638580	769.56213379	81.54441833	-83.65732574	-53.46883011
2.020000	154.63031006	-65.21644592	685.45568848	80.59802246	-91.59729767	-8.50524902
2.030000	154.09658813	-61.40098190	504.28598022	79.62651062	-87.47793579	313.38525391
2.040000	153.53086853	-60.26153183	556.62304688	78.70452118	-82.97913361	882.38214111
2.050000	152.86993408	-58.54161453	942.42230225	77.93074036	-71.53205872	1259.58935547
2.060000	152.27235413	-50.47289276	1376.95068359	77.27191162	-54.05940628	1397.28698730
2.070000	151.66412354	-28.63311577	1673.54406738	76.67541504	-35.40102386	1381.06884766
2.080000	151.31394958	-2.81435633	1710.86010742	76.48632050	-21.36859894	1123.97033691
2.090000	151.45933533	16.69133377	1288.87084961	76.45674133	-12.19126320	738.91400146
2.100000	152.14091492	27.48095131	504.94354248	76.57302856	-7.82031965	420.67474365
2.110000	152.63114929	27.64205742	-201.75202942	76.41422272	-7.31283808	267.47329712
2.120000	152.83302307	16.86058044	-582.82543945	76.23667908	-7.36281061	229.02752686
2.130000	152.72216797	3.10109448	-619.35375977	76.08378601	-4.93532801	240.24707031
2.140000	152.65130615	-4.52575684	-357.46423340	76.11782837	-0.04234314	222.82791138
2.150000	152.58804321	-4.07295227	81.67498779	76.20948792	3.73280835	119.73444366
2.160000	152.58038330	2.02496839	495.76416016	76.31737518	4.75171375	-22.46051598
2.170000	152.55421448	9.49300098	688.72436523	76.31396484	1.66378009	-118.44931030
2.180000	152.68342590	18.24086380	566.32598877	76.33604431	-2.54720044	-152.55111694
2.190000	152.92314148	26.49167252	207.29695129	76.28186798	-4.04453278	-115.66288757
2.200000	153.28343201	28.93651199	-262.47784424	76.19494629	-3.11590815	-9.34125042
2.210000	153.69355774	21.83888626	-794.97839355	76.11337280	-2.52316785	66.48879242
2.220000	153.99772644	8.44370461	-1242.83068848	76.14846802	-1.66854846	57.49173355
2.230000	153.98979187	-7.79444361	-1380.34411621	76.19058990	-0.55122375	42.20612717
2.240000	153.69764709	-25.42775345	-1179.11816406	76.17861938	-0.51937103	86.27594757
2.250000	153.30313110	-38.71027374	-825.64117432	76.13333130	-1.02888739	92.14305115
2.260000	152.87934875	-43.39090729	-419.23660278	76.10586548	0.27109781	30.50008965
2.270000	152.33770752	-41.56646729	-7.89243364	76.09859467	3.65161872	-50.66468811
2.280000	151.90734863	-39.35648346	285.19515991	76.16219330	2.39721918	-107.42642212
2.290000	151.54090881	-35.81860733	446.06353760	76.25576782	-0.71919757	-62.57607269
2.300000	151.32330322	-30.82834816	602.52288818	76.36206055	-5.40879536	203.60226440
2.310000	150.94563293	-24.65591431	783.78051758	76.08460236	-4.33667469	699.88891602
2.320000	150.71331787	-15.97417164	876.06823730	76.03520966	5.39353657	1172.51159668
2.330000	150.47149658	-4.58539295	860.01702881	75.77217865	24.26179123	1357.72961426
2.340000	150.55010986	6.47633839	747.53527832	76.34843445	46.97265625	1197.85266113
2.350000	150.75442505	12.77325916	565.39385986	76.94596863	59.81089020	680.11419678
2.360000	151.04826355	16.20788574	440.27133179	77.97447968	60.67256546	-54.48271179
2.370000	151.19172668	16.97845459	538.09838867	78.70229340	54.66632462	-392.18847656
2.380000	151.22198486	20.00681496	829.83117676	78.90368652	40.30456543	-181.09161377
2.390000	151.38555908	29.19006157	1166.47607422	79.16194916	31.10389519	189.31686401
2.400000	151.65267944	46.79933929	1432.80126953	79.49044800	44.44592667	775.42907715
2.410000	152.24728394	65.93525696	1456.53137207	79.54927063	61.30675888	1418.39575195
2.420000	153.03283691	82.64019775	1156.45019531	80.54087067	76.07460022	1407.50708008
2.430000	154.09022522	93.81878662	645.80981445	81.59031677	96.37680054	802.51562500
2.440000	155.07278442	96.09794617	129.87442017	82.59616089	107.57592010	89.33620453
2.450000	156.13879395	92.25781250	-269.60720825	83.71397400	99.81002808	-698.63616943
2.460000	157.00794983	84.81775665	-430.35250854	84.82173157	83.58325958	-1467.26232910
2.470000	157.78158569	78.63323975	-339.68020630	85.75232697	61.57747650	-1845.68359375
2.480000	158.51132202	74.56436157	-134.48281860	86.20881653	41.86642838	-1644.31372070
2.490000	159.14683533	76.14987183	12.80066109	86.24722290	21.42842484	-1115.52624512
2.500000	159.96620178	80.05879211	45.00045776	86.23966217	10.05954742	-557.32250977
2.510000	160.71701050	82.85089874	-26.61692238	86.49378967	14.21813869	58.76539230
2.520000	161.72416687	80.10978699	-317.80303955	86.36524963	20.50399780	597.91204834
2.530000	162.55564880	75.65116882	-803.25048828	86.82087708	27.86248398	686.41082764
2.540000	163.31143188	69.06000519	-1279.14172363	87.11430359	39.64506531	566.01824951
2.550000	163.77549744	52.53054047	-1603.94763184	87.44960785	45.36272430	474.42797852
2.560000	164.42378235	30.11919594	-1696.65148926	88.11850739	44.11360168	210.45219421
2.570000	164.78166199	7.33044910	-1360.00073242	88.62364960	46.83132172	-169.80690002
2.580000	164.65985107	-7.91295338	-527.10321045	89.00550842	46.50789642	-659.48645020
2.590000	164.21801758	-10.24398804	501.05224609	89.37307739	39.90198517	-1936.81005859
2.600000	163.72206116	3.22405481	1214.99340820	89.82686615	25.08061600	-3935.05908203
2.610000	163.89311218	29.41042519	1038.52624512	90.28707886	-12.82405758	-4885.08007813
2.620000	164.53414917	52.78955841	-318.79510498	90.28087616	-98.27219391	-3433.90698242
2.630000	165.41229248	54.01458359	-2696.17382813	89.46795654	-185.41201782	-335.37686157
2.640000	166.34864807	13.17520046	-5491.86767578	86.99385834	-181.28883362	3477.96411133
2.650000	166.50489807	-67.92373657	-7826.95361328	82.44638062	-70.54283905	7646.57177734
2.660000	165.86073303	-175.34027100	-8908.93261719	80.46997070	61.74010849	9755.46191406
2.670000	163.24795532	-284.21478271	-8410.95214844	83.52434540	176.72964478	7339.99609375
2.680000	159.49403381	-372.00213623	-6685.83398438	89.60626221	270.39483643	1881.13366699
2.690000	154.70361328	-427.04922485	-4402.31591797	92.80902100	271.86450195	-3350.82690430
2.700000	150.05253601	-449.24682617	-2396.38964844	93.83328247	163.89991760	-7178.66308594
2.710000	145.62667847	-453.58477783	-936.77032471	94.70806122	15.10848904	-9203.48339844
2.720000	141.28997803	-449.46414185	460.20581055	94.84729004	-90.42663574	-8654.99804688
2.730000	136.83187866	-453.74487305	2282.97583008	94.02816772	-150.06758118	-5781.43896484
2.740000	132.14482117	-439.91400146	4598.28271484	90.44467163	-187.63674927	-2244.31396484
2.750000	127.61476898	-384.18814087	7357.59521484	87.84798431	-206.59934998	307.58514404
2.760000	122.99137878	-282.60922241	10183.47558594	86.09463501	-181.43405151	1782.49462891
2.770000	120.58409119	-154.14619446	11946.32324219	85.06107330	-131.35496521	2455.93457031
2.780000	119.82947540	-13.71993923	12067.56250000	83.79787445	-95.27645111	1980.72583008
2.790000	121.33541107	121.95281219	11016.99609375	82.90237427	-78.60533142	352.43096924
2.800000	123.20320129	223.65080261	9533.30664063	82.08673859	-88.40999603	-1815.29235840
2.810000	125.93434906	297.51242065	7839.45898438	82.01290131	-119.24075317	-3401.14233398
2.820000	129.34521484	359.17337036	6024.83300781	80.86833191	-166.14309692	-3551.53662109
2.830000	132.99749756	422.33166504	4059.27099609	78.80112457	-233.08798218	-2719.32983398
2.840000	137.70590210	467.44534302	1591.10839844	75.70365906	-259.82067871	-1560.18847656
2.850000	142.70436096	477.46490479	-1582.40832520	72.45561981	-246.12425232	2077.68579102
2.860000	148.36419678	441.70733643	-4885.09472656	68.88670349	-223.01367188	7297.10839844
2.870000	153.09263611	364.18011475	-7127.04443359	68.61846161	-183.74029541	9274.23339844
2.880000	156.27014160	258.26416016	-7782.46728516	66.69201660	11.14819813	9342.54785156
2.890000	157.93786621	159.27085876	-6945.68603516	65.99157715	183.81398010	10079.64453125
2.900000	158.46488953	97.82116699	-4871.75781250	65.76548767	208.30375671	6946.38964844
2.910000	158.53160095	67.27472687	-2394.91967773	76.42455292	254.64877319	-76.98764801
2.920000	159.39790344	63.30083084	-656.98144531	77.57551575	291.72958374	-3178.00024414
2.930000	160.25541687	78.13694763	178.35133362	78.55811310	180.85949707	-3331.68872070
2.940000	161.11145020	89.71340942	419.59622192	79.23343658	54.58551788	-4315.29394531
2.950000	161.90711975	87.85921478	187.62785339	79.77455902	62.40660095	-3300.03637695
2.960000	162.87602234	84.95483398	-293.92190552	80.27728271	65.85807800	-185.71000671
2.970000	163.84860229	79.87492371	-818.19140625	80.85074615	77.15612793	1105.02551270
2.980000	164.55145264	76.12075806	-1284.79418945	81.69338226	92.38426971	714.13452148
2.990000	165.27789307	61.36169052	-1705.84265137	82.81012726	102.05713654	449.29559326
3.000000	165.72062683	35.06278992	-2216.19531250	83.96823883	101.38079071	-66.10132599
3.010000	166.51541138	9.84891224	-2536.13037109	85.24073792	96.43891144	-634.35571289
3.020000	166.18017578	-16.21360779	-2162.03369141	85.94347382	88.08885956	-800.40716553
3.030000	165.71728516	-45.93849182	-1692.55810547	86.65906525	74.42760468	-731.62713623
3.040000	165.08256531	-60.84963226	-1565.71447754	87.42697906	61.96962738	-891.63458252
3.050000	164.27349854	-57.06443405	-1315.94067383	88.08977509	64.75231934	-955.47460938
3.060000	163.58059692	-71.24137878	-1206.23583984	88.59055328	57.62818527	-728.72473145
3.070000	163.26446533	-90.99006653	-1745.09216309	88.96980286	39.07807541	-782.82415771
3.080000	162.71998596	-105.44966888	-2158.29467773	89.98880768	31.28623772	-969.68725586
3.090000	160.86506653	-130.20832825	-1948.87402344	89.71805573	28.99989891	-622.57604980
3.100000	159.43035889	-160.63549805	-1678.70556641	89.83245850	18.22020149	-180.65914917
3.110000	157.74731445	-175.18296814	-986.53381348	90.05040741	13.95123768	114.26214600
3.120000	156.01632690	-179.24295044	580.09991455	90.32453918	22.39665985	739.70837402
3.130000	154.11747742	-177.91519165	2370.12597656	90.54837036	28.85532188	1609.12255859
3.140000	152.12556458	-144.07258606	3951.18774414	90.72642517	47.28596878	2351.29931641
3.150000	150.39436340	-84.77146912	5299.72558594	91.08237457	77.33045959	3010.13916016
3.160000	149.46649170	-16.77919960	5740.55908203	91.86067963	114.33136749	3254.71264648
3.170000	150.28729248	52.42055130	4875.50097656	93.42433167	155.06985474	2735.54223633
3.180000	151.52804565	105.97927856	3352.29907227	95.29718018	190.33882141	1790.39599609
3.190000	153.03984070	126.59390259	1708.08227539	97.45824432	199.91905212	432.97778320
3.200000	154.46513367	121.15618134	318.09545898	99.74846649	190.64604187	-1376.59924316
3.210000	155.49945068	110.18473053	-319.59423828	101.85559845	173.16346741	-3059.28295898
3.220000	156.51171875	100.61581421	5.53194666	103.11622620	133.23281860	-4246.12158203
3.230000	157.30253601	101.31682587	695.02343750	104.48707581	76.20162964	-5160.23437500
3.240000	158.30603027	113.50224304	972.36724854	105.24803162	15.22661781	-5495.75146484
3.250000	159.41500854	140.43820190	707.84301758	105.01624298	-43.75451279	-4846.73779297
3.260000	160.86734009	154.86068726	-211.39709473	104.12892151	-98.67769623	-3552.25268555
3.270000	162.67919922	144.39950562	-1806.23229980	102.39302826	-129.62608337	-1869.15197754
3.280000	164.99932861	117.83205414	-3332.20898438	100.93431091	-134.84732056	112.52256775
3.290000	165.72518921	66.21296692	-4128.96728516	99.29588318	-122.24438477	1816.37683105
3.300000	166.14288330	8.07393360	-4324.24316406	98.41178894	-89.18361664	2731.32958984
3.310000	165.56010437	-35.49016190	-3836.27416992	97.56130981	-46.43815231	3013.59228516
3.320000	164.50494385	-67.99163818	-2930.53125000	97.04930115	-11.99518776	2603.38208008
3.330000	164.17303467	-91.61732483	-2284.11230469	97.50620270	9.84910297	1442.47021484
3.340000	163.18428040	-101.77382660	-1830.50451660	97.97062683	23.00955391	99.92048645
3.350000	162.04063416	-119.82357788	-1419.58691406	98.34473419	14.68245125	-996.74127197
3.360000	160.67881775	-138.91220093	-1176.05310059	98.44058990	-9.32388306	-1822.34252930
3.370000	159.13154602	-148.77433777	-838.26306152	98.15039825	-35.86896133	-2217.63989258
3.380000	157.55685425	-154.85025024	-194.92149353	97.62975311	-61.28577805	-2084.90576172
3.390000	156.03306580	-154.70910645	494.54464722	96.85457611	-81.12055206	-1671.72985840
3.400000	154.39013672	-146.58711243	1140.63110352	95.89095306	-94.89313507	-1185.11572266
3.410000	152.94754028	-130.61294556	1742.95300293	94.84982300	-103.54492950	-736.48730469
3.420000	151.52046204	-108.13547516	2244.25122070	93.72610474	-107.37158203	-370.50711060
3.430000	150.63662720	-82.24716187	2591.33642578	92.65045166	-108.73787689	-54.32382965
3.440000	149.99678040	-54.69359970	2771.63281250	91.55593109	-108.51351166	223.64431763
3.450000	149.67266846	-24.66761208	2735.40502930	90.49663544	-105.41368866	425.72756958
3.460000	149.47267151	3.77820325	2513.20214844	89.40151215	-99.18308258	580.09448242
3.470000	149.55842590	31.22164345	2274.62475586	88.36904907	-90.49561310	779.76129150
3.480000	150.11225891	49.09133911	1941.00354004	87.51536560	-83.73934174	887.89929199
3.490000	150.86787415	64.54149628	1464.89660645	86.80751801	-75.19035339	849.87280273
3.500000	151.79444885	82.06913757	1174.51184082	86.17903900	-62.09462357	925.21014404
3.510000	152.21405029	89.46787262	1051.43969727	85.37188721	-55.54249954	1095.51892090
3.520000	153.27499390	94.36950684	614.97210693	84.93067169	-47.84081650	1029.10681152
3.530000	154.47134399	105.27941132	-3.95730329	84.67088318	-32.91492462	807.31677246
3.540000	155.41494751	109.49642944	-434.00851440	84.11402130	-19.60251999	601.37738037
3.550000	156.74082947	96.05839539	-991.84783936	84.17729187	-17.17478371	146.57470703
3.560000	157.68820190	76.90594482	-1815.38159180	84.05411530	-20.27740479	-539.01562500
3.570000	158.50395203	61.78067398	-2354.48583984	84.13657379	-26.52422523	-1041.93395996
3.580000	158.74841309	35.63995361	-2431.25659180	83.65087891	-42.58937836	-1210.31408691
3.590000	158.84780884	1.56885779	-2532.29663086	83.03784180	-61.31744003	-1235.42199707
3.600000	159.33749390	-25.09320450	-2550.06713867	82.46463013	-74.80773926	-1071.95397949
3.610000	158.54930115	-44.31724548	-2026.08996582	81.46674347	-80.87768555	-630.39080811
3.620000	157.89172363	-68.16126251	-1299.80871582	80.66576385	-86.25341797	-119.60060883
3.630000	156.95252991	-81.98635864	-726.19793701	79.74695587	-86.00940704	332.02203369
3.640000	156.18568420	-80.14551544	-145.56178284	78.88678741	-79.58914185	991.55499268
3.650000	155.33351135	-74.88199615	431.26818848	78.07701874	-68.68629456	1930.87145996
3.660000	154.57867432	-67.32762146	712.63427734	77.35208893	-50.74888611	2771.81323242
3.670000	153.92337036	-60.32244110	695.33312988	76.90651703	-13.44305611	3596.59204102
3.680000	153.47080994	-51.06162643	463.68905640	76.77093506	33.51014328	4636.34863281
3.690000	152.93530273	-44.55095673	32.97459030	77.06630707	78.06847382	5494.29443359
3.700000	152.57426453	-44.66629028	-706.92425537	78.71020508	135.65545654	5908.78857422
3.710000	152.18667603	-54.78070450	-1915.92651367	80.08292389	205.77194214	6171.46484375
3.720000	151.75160217	-74.79222107	-3484.39599609	82.16910553	273.12799072	6111.30175781
3.730000	151.01437378	-114.52191162	-5266.82031250	85.25070190	334.23480225	4681.08984375
3.740000	149.73017883	-178.45368958	-6908.95996094	89.13853455	387.34497070	1490.34667969
3.750000	147.98301697	-262.18157959	-7579.65820313	93.84808350	416.21313477	-2411.25830078
3.760000	144.94361877	-360.60839844	-6670.27880859	98.19692993	367.10610962	-6375.45996094
3.770000	140.83006287	-444.19808960	-4243.17675781	102.31941223	248.44137573	-10259.95507813
3.780000	135.52627563	-478.26516724	-394.15179443	105.55626678	116.00023651	-12381.71289063
3.790000	129.41439819	-456.87475586	4238.74951172	104.48784637	-27.68313026	-11522.61718750
3.800000	124.64168549	-385.75845337	8250.44433594	103.01844025	-166.66239929	-9101.86621094
3.810000	121.35064697	-264.94488525	11018.38183594	100.46438599	-244.01174927	-5703.47998047
3.820000	119.56448364	-124.68070221	12694.58496094	97.43452454	-265.45657349	-1067.57824707
3.830000	118.98239136	8.32888222	13200.89257813	94.67360687	-262.66415405	2496.10522461
3.840000	119.79605103	139.97579956	12631.89257813	91.84497070	-203.38235474	4879.39355469
3.850000	121.73866272	267.80679321	11588.39355469	89.63155365	-111.22187805	7463.40234375
3.860000	125.05338287	384.62072754	9986.50878906	88.41281128	-66.61077881	8071.63037109
3.870000	129.78376770	479.84902954	8414.17285156	89.60695648	42.46978760	9449.46777344
3.880000	135.35418701	554.29626465	6435.18505859	90.93581390	151.55035400	10827.30468750
3.890000	141.54698181	590.85498047	2259.70190430			
3.900000	147.60621643	649.29693604	-2593.90917969			
3.910000	154.10118103	616.73376465	-6284.04150391			
3.920000	159.86282349	463.08108521	-10636.63183594			
3.930000	168.86180115	324.40109253	-13911.57128906	105.25206757	-627.41906738	20941.99609375
3.940000	168.02813721	188.44514465	-11759.83398438	97.29342651	-420.21255493	17512.32617188
3.950000	167.40830994	10.35257912	-7651.22753906	94.70671082	-213.00601196	14082.65722656
3.960000	166.72772217	-60.87099457	-5061.62353516	94.01815033	-147.85041809	12967.21093750
3.970000	165.74174500	-3.40957618	-2282.87207031	92.96871948	22.62547684	8541.44628906
3.980000	165.53039551	10.57751942	-356.71832275	93.47615051	89.93828583	5312.93945313
3.990000	167.02229309	-5.41292810	-1411.29858398	95.23670197	122.06381989	1836.78967285
4.000000	167.69079590	-39.95412064	-2942.28198242	97.76955414	108.90324402	-2187.38256836
4.010000	167.04151917	-86.47766113	-2652.61840820	99.26168060	59.22387314	-4266.61083984
4.020000	164.57531738	-126.91408539	-1210.70446777	99.20721436	-4.52988911	-4796.57519531
4.030000	162.52700806	-136.11488342	583.04974365	97.54904175	-74.61210632	-3881.08642578
4.040000	161.49203491	-105.81524658	2050.20117188	96.83095551	-114.52120972	-2583.97998047
4.050000	161.00849915	-54.54152298	2817.42309570	95.66707611	-111.92289734	-1124.76416016
4.060000	160.70515442	-18.29071045	2706.50903320	94.34936523	-100.15862274	278.87539673
4.070000	160.64338684	-1.14479065	1837.00097656	93.27653503	-100.75333405	879.73809814
4.080000	160.82087708	6.04578638	773.20196533	92.46320343	-92.63960266	845.81488037
4.090000	161.08644104	11.05397511	57.65915298	91.78125000	-80.03679657	877.44970703
4.100000	161.13208008	8.99302101	-264.95401001	90.74391174	-67.82633209	1013.53430176
4.110000	161.12432861	0.17433167	-407.78030396	90.07707214	-59.90721130	965.34716797
4.120000	161.22134399	-7.93813038	-429.17251587	89.54189301	-52.29072189	766.75024414
4.130000	161.04499817	-10.38233376	-237.54504395	89.36018372	-42.20784378	561.53002930
4.140000	160.88597107	-10.98887062	3.28698540	88.88575745	-36.14826202	452.70901489
4.150000	160.61506653	-8.84221363	73.07537079	88.43309021	-35.25505066	318.33767700
4.160000	160.64082336	-5.04061365	-0.72968799	88.11044312	-35.17036438	162.21240234
4.170000	160.64764404	-4.71954346	-118.19644928	87.82015228	-31.94045830	136.07884216
4.180000	160.75428772	-8.49380493	-294.19683838	87.54148102	-30.79477882	207.05715942
4.190000	160.62403870	-13.86934853	-444.27401733	87.22221375	-29.54444695	261.65936279
4.200000	160.34440613	-18.56663895	-447.65490723	86.88106537	-26.81464958	318.87576294
4.210000	160.03498840	-24.24557877	-340.68255615	86.58425140	-22.92124367	404.96054077
4.220000	159.87066650	-27.82668877	-189.14584351	86.41293335	-17.95196533	465.16220093
4.230000	159.66668701	-28.38973808	51.71486282	86.28650665	-12.56751919	499.91357422
4.240000	159.31805420	-27.09299660	371.78063965	86.20177460	-7.60879469	513.24273682
4.250000	158.91377258	-22.88703918	648.61096191	86.11300659	-2.63913465	505.38314819
4.260000	158.66195679	-13.67047596	811.35070801	86.09105682	2.53238678	478.70419312
4.270000	158.58442688	-1.84911084	847.68273926	86.14511871	7.56829548	429.09362793
4.280000	158.73802185	8.73095131	747.19104004	86.29259491	12.12857533	369.50488281
4.290000	158.91911316	14.85315895	557.62915039	86.44638062	15.22216702	328.46115112
4.300000	159.10913086	17.79289246	368.62606812	86.61631012	17.30747223	324.19995117
4.310000	159.27519226	18.98180580	242.35258484	86.77935028	19.82307434	356.87405396
4.320000	159.40528870	21.21556473	220.01646423	86.96457672	23.69549942	428.82189941
4.330000	159.66941833	23.49217606	234.14590454	87.21000671	29.03048134	525.33721924
4.340000	159.89587402	25.80655289	152.67878723	87.53170013	34.61519623	599.00732422
4.350000	160.25590515	29.31912613	-18.14228630	87.92230225	41.12033844	546.63922119
4.360000	160.47944641	29.56809807	-205.24244690	88.38385773	48.06925201	380.50619507
4.370000	160.79077148	24.56219864	-444.97314453	88.83445740	53.51346207	251.37185669
4.380000	161.16673279	17.88914871	-626.89593506	89.45558929	52.26224136	133.43908691
4.390000	161.27952576	10.31087208	-554.02624512	90.06343079	49.73347855	63.88492203
4.400000	161.29606628	1.42707825	-302.52944946	90.65194702	51.44888306	233.29695129
4.410000	161.21183777	-1.55906677	-25.46183205	90.85959625	52.14194870	510.26004028
4.420000	161.08193970	3.06091309	259.19717407	91.38311768	59.14033127	639.08605957
4.430000	161.10496521	9.79779530	439.08770752	92.05648041	71.49963379	719.75146484
4.440000	161.29624939	15.80721474	343.82183838	92.76509857	79.73238373	701.86041260
4.450000	161.62474060	20.04038429	90.32647705	93.93621063	84.32006836	476.81240845
4.460000	161.85475159	19.78149414	-62.67805481	94.67607880	89.54346466	330.76800537
4.470000	161.98779297	13.78898525	-51.77495193	95.48721313	89.19963837	219.49862671
4.480000	162.13333130	9.37182045	53.27374649	96.37703705	89.73820496	-281.95196533
4.490000	162.16860962	12.38543129	270.77481079	97.32904816	94.32855988	-1350.76965332
4.500000	162.15443420	19.98481750	577.72595215	98.29760742	85.64312744	-3014.81420898
4.510000	162.36683655	26.93099785	805.88378906	99.31301880	51.04032898	-5061.56494141
4.520000	162.78495789	34.90409851	846.81701660	100.06841278	-16.48604012	-6386.52783203
4.530000	163.33737183	44.81480789	646.46600342	99.94549561	-110.44495392	-5765.19775391
4.540000	163.67391968	54.50706100	43.47101593	98.35402679	-199.36154175	-2699.35205078
4.550000	164.16409302	58.29175186	-1226.32922363	95.24620056	-228.84507751	1725.57116699
4.560000	164.82543945	46.39778137	-3173.53735352	91.45107269	-174.10792542	5361.63671875
4.570000	165.66888428	9.31892395	-5348.92968750	88.91695404	-41.13248062	6766.60937500
4.580000	166.02140808	-62.40348434	-7025.69921875	89.51999664	75.09148407	5568.83496094
4.590000	165.21577454	-158.78651428	-7751.60205078	92.48433685	116.67378235	1617.69006348
4.600000	163.02247620	-255.58381653	-7370.49804688	96.79598236	89.82149506	-3000.91455078
4.610000	159.35116577	-327.21008301	-5885.27880859	96.31665802	23.30303192	-5088.65820313
4.620000	155.25773621	-374.35162354	-3780.65478516	94.63934326	-85.92605591	-5187.36230469
4.630000	151.23777771	-398.51531982	-1784.06445313	92.08166504	-145.86746216	-4743.02197266
4.640000	147.67744446	-401.35662842	-13.61389065	91.71410370	-140.45625305	-3011.60864258
4.650000	143.50558472	-391.51889038	1957.03369141	89.63172913	-158.81263733	-684.57543945
4.660000	139.35882568	-372.24093628	4154.52441406	89.76915741	-183.66978455	334.82977295
4.670000	135.34031677	-328.10400391	6349.66455078	86.94790649	-172.23173523	1507.66601563
4.680000	132.20048523	-245.89486694	8423.27929688	83.84716797	-143.21784973	3611.15527344
4.690000	129.89826965	-138.46931458	10044.32910156	82.06758118	-108.33071899	4791.39111328
4.700000	129.05212402	-21.92637062	10743.94042969	82.35798645	-29.97868729	4606.41308594
4.710000	129.63046265	92.69815826	10382.59082031	82.90073395	35.79756165	3700.68261719
4.720000	131.38368225	196.76220703	8988.77636719	83.52982330	67.05843353	1598.86560059
4.730000	133.94003296	286.55242920	7242.27783203	84.11369324	64.41574097	-750.65875244
4.740000	137.26222229	351.42172241	5188.93164063	84.86235809	36.82034683	-2859.34985352
4.750000	141.11418152	380.02102661	2785.74487305	85.72686768	-20.18591499	-5118.89794922
4.760000	145.81599426	409.85424805	1576.86047363	85.54483795	-46.54852295	-5649.58056641
4.770000	149.82092285	395.22857666	-141.14074707	84.17655945	-135.57052612	-7328.85253906
4.780000	153.38395691	380.60290527	-1859.14196777	81.68837738	-224.59252930	-9008.12500000
4.790000						
4.800000						
4.810000						
4.820000						
4.830000						
4.840000						
4.850000						
4.860000						
4.870000						
4.880000						
4.890000						
4.900000						
4.910000	160.41195679	51.55347443	-1018.55700684	85.84760284	93.04956055	-1175.79089355
4.920000	161.01466370	41.85791016	-780.29272461	86.84309387	81.51855469	-902.65576172
4.930000	161.35118103	32.16234589	-542.02844238	87.61997223	69.98754883	-629.52062988
4.940000	161.53865051	30.21329117	-472.68478394	88.25566864	68.33393860	-567.37731934
4.950000	161.92910767	23.95108414	-417.23037720	88.82352448	62.09265137	-336.29452515
4.960000	162.10499573	24.67613220	-621.01336670	89.42656708	60.26235962	-282.69604492
4.970000	162.30990601	20.55130005	-986.42864990	90.06159973	59.10192871	-297.25671387
4.980000	162.52584839	8.03705788	-1529.81689453	90.66298676	56.59789658	-334.76684570
4.990000	162.76449585	-10.59443092	-2202.49877930	91.25148010	52.25378418	-483.96246338
5.000000	162.63172913	-36.66534424	-2692.36694336	91.71936798	47.83808136	-565.74707031
5.010000	162.09893799	-69.31037903	-2831.05102539	92.16389465	39.66286850	-605.09338379
5.020000	161.13769531	-102.97138977	-2703.30151367	92.53948975	32.06386566	-613.30468750
5.030000	159.93247986	-132.41169739	-2456.62963867	92.92144775	27.76717949	-519.06542969
5.040000	158.41084290	-148.98782349	-2111.31713867	92.96559143	21.22007942	-459.45462036
5.050000	156.76043701	-166.40701294	-1845.26904297	93.25161743	18.88122559	-337.62826538
5.060000	154.90020752	-183.82620239	-1579.22094727	93.39155579	16.54237175	-215.80191040
5.070000						
5.080000						
5.090000						
5.100000						
5.110000						
5.120000						
5.130000						
5.140000						
5.150000						
5.160000						
5.170000						
5.180000						
5.190000						
5.200000						
5.210000						
5.220000						
5.230000						
5.240000						
5.250000						
5.260000						
5.270000						
5.280000						
5.290000						
5.300000						
5.310000						
5.320000						
5.330000						
5.340000						
5.350000						
5.360000						
5.370000						
5.380000						
5.390000						
5.400000						
5.410000						
5.420000						
5.430000						
5.440000						
5.450000						
5.460000						
5.470000						
5.480000						
5.490000						
5.500000						
5.510000						
5.520000						
5.530000						
5.540000						
5.550000						
5.560000						
5.570000						
5.580000						
5.590000						
5.600000	154.84996033	61.87350082	-1298.87414551	84.64362335	-30.94158173	-201.98434448
5.610000	155.58251953	49.59945679	-796.64379883	84.36519623	-32.58590698	-5.30614853
5.620000	155.99168396	37.32541275	-294.41345215	84.02168274	-34.23023224	191.37205505
5.630000	156.28649902	40.28421783	-139.51100159	83.66292572	-30.94984627	256.22485352
5.640000	156.49903870	40.62054825	273.32299805	83.26610565	-26.53096390	381.55154419
5.650000	156.93682861	46.65743256	369.13156128	83.04315948	-21.10570145	366.10693359
5.660000	157.52418518	53.04616165	162.10348511	82.89472198	-16.49932861	182.91833496
5.670000	158.18435669	56.94071198	-185.71627808	82.85298920	-14.19900227	-82.86232758
5.680000	158.76730347	52.94062042	-661.16931152	82.70759583	-16.89205170	-354.78555298
5.690000	159.27774048	41.59685516	-1123.60632324	82.53159332	-23.65856171	-560.51171875
5.700000	159.73333740	25.20904350	-1476.85729980	82.28235626	-32.37654114	-632.45556641
5.710000	159.90516663	8.51503944	-1661.87109375	81.90220642	-39.62879181	-543.39465332
5.720000	159.88342285	-9.19049549	-1739.70068359	81.44959259	-45.00217438	-353.91964722
5.730000	159.57363892	-26.08349991	-1783.25134277	80.89199066	-46.84263611	-106.09365845
5.740000	159.30924988	-43.84498596	-1882.30175781	80.41677856	-46.33210373	261.07943726
5.750000	158.78968811	-62.79881668	-2154.09326172	79.95027161	-43.90550995	776.33099365
5.760000	158.22795105	-82.78833771	-2712.19531250	79.59107208	-36.74417877	1517.88647461
5.770000	157.15608215	-108.97661591	-3604.85961914	79.16719818	-19.18303108	2713.54858398
5.780000	155.99255371	-146.32135010	-4866.21142578	78.86854553	8.96504688	4245.33837891
5.790000	154.50720215	-200.25354004	-6212.68505859	78.93035889	56.37244797	5469.39111328
5.800000	152.50830078	-272.22009277	-6955.89843750	79.71011353	129.12902832	5718.39062500
5.810000	149.61080933	-360.44296265	-6330.70166016	81.03834534	209.49255371	4543.44921875
5.820000	145.46121216	-442.37286377	-3953.10668945	83.72445679	265.80798340	1740.92944336
5.830000	140.24230957	-486.64535522	63.47401810	87.31687927	272.89031982	-2159.34082031
5.840000	134.34097290	-465.10180664	5169.73291016	91.04483795	221.51545715	-5914.87158203
5.850000	129.05323792	-376.60986328	10269.81250000	93.39736176	121.54642487	-8096.89843750
5.860000	125.43578339	-232.92063904	13950.88769531	93.71733093	3.93199897	-8059.23974609
5.870000	124.20412445	-53.67952728	15399.20996094	92.43943787	-95.73313141	-5938.38281250
5.880000	124.73356628	129.41519165	14669.12988281	90.47785950	-140.31555176	-2549.12963867
5.890000	127.12086487	278.76504517	11906.27636719	88.56939697	-138.01370239	2095.03710938
5.900000	130.96080017	383.65560913	7325.42187500	87.12200928	-90.51380157	6649.18945313
5.910000	135.96473694	440.41885376	2577.02124023	86.74064636	-20.95813751	8312.71093750
5.920000	140.83096313	436.20999146	-1267.90515137	86.33973694	134.62142944	7626.10644531
5.930000	145.65815735	367.98767090	-4946.22998047	88.02664185	252.97329712	6050.50146484
5.940000	149.25849915	309.40600586	-7551.93505859	89.99803162	262.86627197	1812.84948730
5.950000	151.51753235	232.04701233	-7735.70898438	98.63833618	250.68688965	-4024.53393555
5.960000	152.17440796	115.81661987	-7247.94726563	99.03362274	204.65405273	-6473.73144531
5.970000	155.26576233	39.83141327	-6857.88330078	99.79234314	71.13056183	-6346.69433594
5.980000	153.96949768	3.89200830	-4662.77783203	99.00988770	-41.08823013	-5743.84082031
5.990000	153.04402161	-47.88538361	-1934.05163574	98.34403992	-50.89231873	-3481.54516602
6.000000	152.27075195	-72.51510620	-543.61315918	97.69837189	-56.32381058	-121.94837952
6.010000	151.73527527	-38.33236694	471.39730835	97.21461487	-38.65267181	848.28503418
6.020000	151.34384155	-16.18817520	1103.12805176	96.78638458	-21.02851868	-465.69046021
6.030000	151.41961670	-2.29479456	196.30902100	96.71038818	6.58912611	-1106.52148438
6.040000	151.68971252	-3.01322937	-1338.52807617	96.81895447	-45.78863525	-1735.14587402
6.050000	151.86335754	-28.53647804	-2185.56982422	97.12389374	-103.66858673	-3481.55932617
6.060000	151.66616821	-72.06687927	-2166.12207031	97.43450928	-102.60340118	-3322.98144531
6.070000	150.73875427	-107.13690948	-1112.91308594	91.87590790	-141.28785706	-453.69711304
6.080000	148.91497803	-115.93920135	615.33569336	91.92420197	-194.44903564	786.85870361
6.090000	147.11253357	-90.08865356	2038.79577637	90.92366028	-141.98461914	1155.48474121
6.100000	146.13630676	-42.95323563	2192.90356445	88.82565308	-70.25909424	2825.78247070
6.110000	146.32365417	-1.11999512	873.24279785	87.63842773	-68.85235596	3112.01831055
6.120000	147.39239502	6.44785547	-1458.53076172	87.78034210	-47.08334351	1221.27160645
6.130000	147.87358093	-33.07825470	-4061.71411133	88.17175293	-25.46113205	-131.28524780
6.140000	147.51283264	-101.65760803	-6067.20800781	87.93910217	-28.85856438	-694.22283936
6.150000	145.66639709	-181.43983459	-6558.21875000	87.07347870	-56.87681580	-1419.93139648
6.160000	143.00871277	-259.25152588	-6780.45556641	86.48364258	-85.04498291	-2215.77465820
6.170000	140.34555054	-321.28155518	-7317.61132813	85.69293976	-101.11064148	-2754.80932617
6.180000	136.80609131	-355.29318237	-6354.98388672	84.54376984	-113.84925079	-2543.32568359
6.190000	132.89143372	-458.20532227	-4732.73974609	83.21212769	-157.61502075	-2236.87231445
6.200000	128.44161987	-536.77600098	-4032.79760742	81.70297241	-193.39688110	-2258.03027344
6.210000	123.92150879	-529.65710449	-1808.67224121	80.09552002	-200.70660400	-1501.38964844
6.220000	113.95867920	-531.93426514	1891.96826172	76.41887665	-211.63005066	30.29378128
6.230000	110.63577271	-527.72015381	3050.23486328	74.84822845	-218.47297668	864.50268555
6.240000	106.14400482	-449.68139648	2908.18554688	72.85134888	-193.13703918	1276.86645508
6.250000	102.19818878	-388.24111938	3372.73608398	71.00682068	-163.06373596	1990.45104980
6.260000	98.31658173	-392.99765015	2878.31689453	69.37082672	-150.58097839	2419.27099609
6.270000	94.39986420	-374.23977661	1732.50170898	67.91738129	-131.59783936	2191.85156250
6.280000	90.54193878	-360.68884277	1670.36682129	66.84330750	-103.82111359	1945.60803223
6.290000	87.12522888	-336.90081787	2137.67846680	65.86935425	-74.74485779	1924.02124023
6.300000	83.76689148	-314.24179077	2294.65722656	64.94821167	-63.35048294	1577.32263184
6.310000	80.80386353	-292.07055664	2218.90502930	65.05014801	-53.60590363	869.52142334
6.320000	78.22412872	-264.75524902	1936.52905273	64.53698730	-40.53611755	485.25942993
6.330000	75.29413605	-244.41464233	1712.73144531	63.84137344	-41.68955231	466.75744629
6.340000	73.21807098	-234.31179810	1347.67761230	63.52369690	-45.76072693	588.66595459
6.350000	71.10021210	-223.02563477	1039.19494629	63.05899429	-38.31526184	1157.11633301
6.360000	68.88804626	-213.62513733	1068.13317871	62.72986984	-28.75776100	1835.30358887
6.370000	66.70241547	-207.35177612	1209.79663086	62.42972183	-0.39129254	1958.85083008
6.380000	64.48511505	-193.29556274	1338.26855469	62.19406128	35.02629471	1544.35241699
6.390000	62.63439178	-176.61624146	1509.33557129	62.55109787	53.14597702	491.61276245
6.400000	61.04802322	-159.60606384	1597.80700684	64.08166504	49.71564484	-1036.26672363
6.410000	59.65701675	-142.81646729	1571.01843262	64.96241760	27.77913284	-2004.45812988
6.420000	58.28108215	-128.41099548	1544.76379395	65.17303467	-13.93486595	-2010.13134766
6.430000	56.94041061	-114.07088470	1513.68212891	64.11492157	-47.01900482	-1301.38757324
6.440000	55.86654282	-98.95101929	1460.33007813	63.13832855	-50.75286102	-72.08541107
6.450000	54.97138977	-82.92884827	1367.11376953	62.22776413	-35.67479324	1108.80151367
6.460000	54.33705521	-68.50226593	1215.13537598	62.53593826	-9.12160873	1518.04260254
6.470000	53.71540833	-57.34519577	1038.47387695	62.83427429	14.75833225	1296.66491699
6.480000	53.18818665	-49.28607941	887.35809326	63.06370926	24.16982651	825.34851074
6.490000	52.71860123	-42.57901382	836.78460693	63.23992920	20.04114723	266.45989990
6.500000	52.33717346	-34.97816467	939.79010010	63.39221191	18.68626213	-81.07224274
6.510000	52.02123642	-26.11255455	1135.82592773	63.59439468	17.77604294	-107.26403809
6.520000	51.78482819	-13.74924946	1344.58605957	63.79136658	17.56617165	-38.97728729
6.530000	51.64494705	2.59208679	1564.76123047	63.98356247	17.87125206	7.54238749
6.540000	51.70461273	19.47596741	1715.98645020	64.10829926	17.35169029	4.01012897
6.550000	52.03474426	37.46236038	1677.87145996	64.28713226	17.32072830	-110.25765228
6.560000	52.59912491	56.72620010	1535.26831055	64.47796631	19.07609177	-166.14088440
6.570000	53.17179108	72.29394531	1442.14208984	64.64977264	15.27175808	-96.75832367
6.580000	54.01562881	82.73340607	1308.20812988	64.87162018	9.87021065	-180.33934021
6.590000	54.95284653	93.20592499	1094.71716309	65.05765533	10.13806629	-450.38171387
6.600000	55.94463348	107.35701752	932.14190674	64.84506989	12.79697323	-703.06005859
6.610000	56.95881271	116.67174530	878.24670410	64.97769928	2.97044110	-939.51879883
6.620000	58.17040634	122.52053833	829.38751221	65.18166351	-13.71688747	-1099.41821289
6.630000	59.69038010	127.21327972	819.70001221	65.45210266	-31.03707504	-901.55377197
6.640000	60.89255905	136.92019653	1038.06579590	64.66655731	-41.19176865	-185.16793823
6.650000	62.24401093	147.54096985	1496.76428223	63.85695648	-40.16294479	819.92510986
6.660000	63.44527435	161.84681702	1910.48376465	62.97317886	-26.49958801	1684.52075195
6.670000	65.40360260	184.49922180	1989.23242188	63.24658585	1.53560638	1945.19812012
6.680000	67.27632904	214.26632690	2234.26855469	63.57783127	33.50076675	2238.64990234
6.690000	69.61537933	236.90884399	2855.99682617	64.10352325	54.85550308	2795.52539063
6.700000	72.06423950	248.56330872	2947.49609375	64.63067627	57.96784973	2508.87939453
6.710000	74.96113586	288.33102417	2440.19482422	65.40057373	101.09017181	1732.57299805
6.720000	77.47367859	336.49575806	2307.19433594	66.11703491	142.34223938	1600.80175781
6.730000	80.41230011	349.01235962	1803.46923828	66.97592163	136.82949829	824.34783936
6.740000	85.40375519	349.12463379	248.90263367	70.77516174	130.88587952	-1036.78918457
6.750000	89.46589661	361.18264771	-736.51580811	71.59426880	133.13121033	-1675.68176270
6.760000	92.25765228	343.11370850	-587.94427490	72.04364014	95.63700104	-1252.87268066
6.770000	95.16542816	314.01144409	-483.82641602	72.59419250	59.67502213	-1183.64929199
6.780000	98.45413971	313.14047241	-333.98971558	73.32245636	66.89720154	-791.28466797
6.790000	101.53279877	327.75933838	362.91580200	74.01910400	73.55168152	99.20361328
6.800000	105.10232544	335.77389526	896.95098877	74.86809540	76.65684509	541.33868408
6.810000	108.16733551	341.86227417	518.42675781	75.51640320	79.09901428	660.34771729
6.820000	111.97450256	349.14962769	1287.09533691	76.43779755	80.69349670	771.04248047
6.830000	115.19298553	358.00671387	3982.56518555	77.13244629	95.21331787	904.59979248
6.840000	118.99408722	350.87106323	5308.24511719	78.12754822	110.62863159	1255.25817871
6.850000	122.57682800	465.42617798	5306.70361328	78.99407959	117.18088531	1359.08300781
6.860000	126.48928833	594.08666992	6384.86816406	80.93147278	131.36424255	997.19683838
6.870000	130.28450012	609.63458252	3551.85449219	81.98842621	150.38153076	735.12451172
6.880000	143.61927795	632.37048340	-4347.79492188	83.38913727	155.20730591	438.82901001
6.890000	148.57055664	658.56488037	-8275.05761719	85.05529022	150.68778992	-285.98211670
6.900000	153.83396912	448.42401123	-9040.81738281	86.91561127	149.54731750	-1066.04760742
6.910000	158.11734009	223.45033264	-11471.02734375	88.39086151	137.27429199	-1553.39648438
6.920000	161.48223877	197.15003967	-9892.84277344	89.60286713	114.95939636	-1920.79309082
6.930000	157.00355530	132.56352234	-3724.70727539	90.57158661	87.84605408	-2198.71630859
6.940000	159.96260071	67.65085602	-1591.82507324	91.44586945	64.92340851	-2213.25561523
6.950000	162.00012207	108.47803497	-2197.15991211	91.94788361	45.12773895	-1979.22949219
6.960000	163.35031128	142.94293213	-1315.22119141	92.19239807	25.82352829	-1666.18652344
6.970000	164.34597778	79.71521759	-1685.87963867	92.34105682	8.86135101	-1429.40429688
6.980000	164.92364502	42.00947952	-3339.92553711	92.36341095	-2.62279510	-1216.33654785
6.990000	165.13032532	10.53225136	-3443.60937500	92.27761841	-12.05641365	-973.19787598
7.000000	164.98554993	-18.66302490	-2600.25756836	92.08048248	-21.20291328	-775.17535400
7.010000	164.67253113	-44.79280853	-2302.60595703	91.83428192	-29.23838234	-676.49371338
7.020000	164.12605286	-63.34838486	-2078.15991211	91.50431824	-34.10478973	-606.89532471
7.030000	163.33503723	-80.27928162	-1841.60131836	91.10048676	-38.56976700	-518.06872559
7.040000	162.34545898	-99.04390717	-1676.30468750	90.65993500	-44.28106689	-455.00640869
7.050000	161.46682739	-117.09034729	-1623.90295410	90.29639435	-49.54191589	-444.09997559
7.060000	160.14587402	-131.63247681	-1552.68713379	89.74777985	-53.09981918	-424.36111450
7.070000	158.76100159	-145.68035889	-1452.24951172	89.16945648	-56.44187546	-392.32687378
7.080000	157.03791809	-160.27055359	-1448.76733398	88.50382233	-60.61668015	-431.41210938
7.090000	155.49079895	-174.12528992	-1579.69934082	87.95094299	-64.64779663	-576.05999756
7.100000	153.74903870	-188.65509033	-1699.71826172	87.35115051	-69.48356628	-747.09790039
7.110000	151.84353638	-206.81417847	-1805.24633789	86.62979889	-77.81543732	-901.11621094
7.120000	149.63661194	-228.56419373	-2009.00830078	85.80585480	-89.82874298	-1047.50488281
7.130000	147.24366760	-247.34571838	-2220.83129883	84.86665344	-101.75646973	-1124.79406738
7.140000	144.55537415	-268.82513428	-2378.97460938	83.75335693	-113.36014557	-1078.13305664
7.150000	141.85424805	-295.04824829	-2626.22290039	82.56084442	-124.39192963	-944.51531982
7.160000	138.96488953	-321.98547363	-2886.91137695	81.24930573	-133.51776123	-764.46917725
7.170000	135.56558228	-352.31704712	-2888.58178711	79.86179352	-140.51481628	-545.66204834
7.180000	131.78617859	-386.03582764	-2620.25268555	78.40131378	-144.68695068	-321.15921021
7.190000	127.76399994	-415.02047729	-2103.23730469	76.90293121	-146.26483154	-81.90841675
7.200000	123.37462616	-433.34750366	-1349.34082031	75.40486908	-145.87065125	201.68074036
7.210000	118.91567230	-441.60848999	-539.82592773	73.97887421	-143.87377930	489.38601685
7.220000	114.27617645	-439.42672729	159.35058594	72.53971100	-137.75761414	720.87969971
7.230000	109.90731812	-432.92254639	654.71264648	71.16855621	-127.25473785	887.03155518
7.240000	105.64345551	-423.76675415	959.99017334	69.81196594	-115.59174347	985.84014893
7.250000	101.63274384	-411.77398682	1258.95178223	68.78539276	-105.52285004	978.19049072
7.260000	97.41372681	-400.54217529	1522.20935059	67.89308167	-96.68731689	925.79864502
7.270000	93.44347382	-385.02868652	1607.41369629	67.04660797	-87.90937805	964.03784180
7.280000	89.56652069	-362.23767090	1686.20019531	66.09106445	-79.86335754	1192.96899414
7.290000	85.99548340	-344.62335205	1714.07971191	65.21726227	-69.01499176	1465.32470703
7.300000	82.86958313	-330.69934082	1457.94543457	64.58518219	-53.07375336	1533.61682129
7.310000	79.89344788	-314.14883423	1250.64086914	64.15164185	-29.32052422	1441.36999512
7.320000	76.44989014	-303.61779785	1385.87365723	63.96796036	-11.55618000	1250.26892090
7.330000	73.50675201	-297.13024902	1560.42761230	63.95979309	-5.46747828	786.47619629
7.340000	70.56187439	-280.15518188	1746.38537598	64.33350372	-1.30837750	262.43994141
7.350000	67.89856720	-255.46530151	2061.93945313	64.15068817	0.46847659	-85.63694000
7.360000	65.29119110	-232.86424255	2296.88427734	63.98891449	-5.13594913	-278.81826782
7.370000	63.14924622	-208.71279907	2402.41528320	63.95191193	-7.06087732	-155.67353821
7.380000	61.25076675	-186.86911011	2542.25048828	63.92768478	-15.71454906	99.07468414
7.390000	59.54682159	-162.44013977	2713.02783203	63.87816238	-14.37317467	238.05937195
7.400000	58.02032089	-132.66848755	2907.13354492	63.83637238	0.08106232	630.17388916
7.410000	56.52158356	-100.99166107	3041.88330078	62.86981964	4.34977198	1030.33068848
7.420000	55.75077438	-69.09169769	2883.90283203	63.80195618	10.24726200	760.20977783
7.430000	55.41638184	-37.02646637	2499.25512695	63.98267365	29.39427567	454.91967773
7.440000	55.28765106	-12.34594917	2074.30468750	64.28397369	34.95550156	453.35827637
7.450000	55.35905075	2.13804245	1610.44689941	64.60213470	25.63705254	17.57202148
7.460000	55.36780548	13.12901115	1209.64770508	64.86769867	27.30776405	-464.53970337
7.470000	55.52039337	23.75132179	1039.96508789	65.10542297	27.56461906	-228.79864502
7.480000	55.79622269	32.32990646	1049.43786621	65.35306549	13.75077534	-7.88024235
7.490000	56.20495224	42.66102982	1169.59094238	65.62066650	13.17138577	-129.08108521
7.500000	56.79206467	54.04983902	1461.52478027	65.86373138	25.05028915	267.05386353
7.510000	57.18934250	68.22490692	1816.48962402	65.14667511	23.63427353	638.86242676
7.520000	57.98697662	88.13549042	2060.12768555	66.30222321	24.25511551	165.01214600
7.530000	58.78344345	115.02392578	2242.65966797	66.51893616	42.90517044	-68.37865448
7.540000	60.13008881	140.19729614	2336.09814453	66.84994507	37.52670288	169.54653931
7.550000	61.77695465	161.38378906	2232.53222656	67.25234222	19.61034012	-25.53526497
7.560000	63.69103241	183.54606628	2035.34875488	67.75285339	27.88009453	-59.64771652
7.570000	65.45346832	203.58946228	1946.85559082	67.29337311	32.56797791	579.75207520
7.580000	67.45729065	221.45668030	1903.55078125	67.79566193	34.52803040	861.59600830
7.590000	69.78056335	238.56404114	1793.53369141	68.35265350	48.15216064	729.37731934
7.600000	72.45318604	258.31692505	1613.01599121	68.98945618	62.82437515	761.36395264
7.610000	75.15048981	276.09933472	1492.75695801	69.61379242	65.28250122	695.95825195
7.620000	77.87856293	289.49697876	1463.90222168	70.25997925	69.29994965	480.36679077
7.630000	80.83444977	297.62808228	1326.71606445	70.96031952	72.62814331	366.46115112
7.640000	83.94683838	312.75390625	1165.65222168	71.71611023	77.75605011	336.32867432
7.650000	87.17260742	329.28332520	1209.32312012	72.54996490	82.44564819	312.37161255
7.660000	90.27523804	337.68041992	1302.01794434	73.33675385	83.53855896	319.45291138
7.670000	94.04459381	347.10958862	1214.53417969	74.30400848	84.96055603	311.50137329
7.680000	97.49811554	361.62634277	1173.96997070	75.11511230	88.62602997	371.13226318
7.690000	101.06001282	376.85614014	1284.84008789	75.91746521	93.68635559	498.62597656
7.700000	104.83629608	387.16390991	1205.10119629	76.87568665	98.61080933	538.40295410
7.710000	108.78398132	398.84185791	910.72259521	77.89542389	105.30827332	479.34213257
7.720000	113.16241455	411.91848755	866.17175293	79.11775970	111.89498138	490.52465820
7.730000	117.10668182	414.63394165	568.38989258	80.18438721	114.21432495	361.06072998
7.740000	121.33817291	417.34939575	270.60803223	81.37363434	116.53366852	231.59680176
7.750000						
7.760000						
7.770000						
7.780000						
7.790000						
7.800000	154.31723022	264.03402710	-12651.70019531	88.92491150	98.87078857	-2986.99169922
7.810000	157.57461548	139.14871216	-7706.96044922	89.99948120	68.97201538	-2261.42333984
7.820000	160.16007996	14.26340675	-2762.22045898	90.87563324	39.07324219	-1535.85510254
7.830000	155.69805908	96.21543884	-2078.22656250	90.65451050	41.59933472	-1435.07458496
7.840000	157.75103760	35.81250381	1217.41345215	91.06723022	19.69623566	-808.94122314
7.850000	159.41514587	83.39271545	710.61596680	91.35317230	14.73649311	-715.51153564
7.860000	160.76962280	132.53211975	-23.43508339	91.49670410	14.49966335	-624.05255127
7.870000	161.73455811	96.66366577	-90.60884857	91.53956604	6.52001667	-411.82217407
7.880000	162.49975586	76.89450073	-1932.31909180	91.53675079	1.91936481	-558.31036377
7.890000	163.15341187	57.61489487	-2739.01098633	91.55130005	-2.15682983	-692.85711670
7.900000	163.74980164	32.42340088	-2793.52294922	91.55361176	-9.00999641	-785.61633301
7.910000	164.12878418	2.05001831	-3013.43652344	91.49402618	-17.92392731	-877.00042725
7.920000	164.05256653	-35.90685272	-2954.79687500	91.28817749	-29.83124924	-881.02148438
7.930000	163.33645630	-70.09798431	-2626.87792969	90.85173035	-40.04383087	-783.65264893
7.940000	162.42300415	-92.73020172	-2006.81018066	90.40496063	-46.56467438	-569.69787598
7.950000	160.94525146	-108.30725861	-1324.67187500	89.73986816	-51.05584335	-333.20822144
7.960000	160.09057617	-115.60961151	-1140.32983398	89.35715485	-52.52373886	-128.67469788
7.970000	158.94274902	-118.16698456	56.15266037	88.80653381	-51.75151443	79.95849609
7.980000	157.74354553	-124.71961212	2377.09057617	88.27461243	-51.81967163	150.95614624
7.990000	156.52632141	-138.43968201	2860.66333008	87.76358032	-47.91259766	45.96207809
8.000000	154.99336243	-44.16669083	2097.16455078	87.20594788	-43.79723740	-130.05450439
8.010000	153.64346313	34.33799744	2371.27734375	86.75822449	-47.34821320	-515.40490723
8.020000	152.87832642	-0.09447733	-1198.70874023	86.60991669	-53.93828964	-1073.62341309
8.030000	159.17863464	-29.11720085	-9003.63671875	85.98734283	-65.73435211	-1437.96496582
8.040000	157.06779480	-50.96181107	-11860.33203125	85.25376129	-87.76575470	-1589.97387695
8.050000	154.29139709	-303.44375610	-10916.82128906	84.23179626	-108.74232483	-1560.91857910
8.060000	151.14189148	-544.63336182	-11846.54492188	83.02069855	-122.84697723	-1354.69177246
8.070000	147.38253784	-553.12902832	-8997.65234375	81.57852173	-134.41300964	-1103.33264160
8.080000	134.47676086	-577.68322754	-1042.49951172	80.23821259	-138.61947632	-735.56610107
8.090000	130.25186157	-633.10180664	2375.84985352	78.77304840	-149.23489380	-317.39221191
8.100000	125.94210052	-557.42370605	1930.28942871	77.36248016	-155.93247986	-39.15036392
8.110001	121.56443024	-450.31680298	3385.23071289	75.96741486	-148.57749939	275.78948975
8.120000	115.32156372	-463.13507080	4045.62866211	73.77291107	-142.04895020	672.49932861
8.130000	111.21771240	-459.04132080	2188.41162109	72.63619232	-134.55931091	833.51470947
8.140000	107.04286194	-425.13864136	1399.49279785	71.53231049	-125.04437256	852.08007813
8.150001	102.91722107	-392.31838989	2055.48681641	70.41559601	-116.01504517	844.38397217
8.160000	99.06714630	-384.85748291	1893.44116211	69.48543549	-107.38207245	883.67071533
8.170000	95.30025482	-370.19424438	1342.32299805	67.74707794	-98.55854797	1046.19775391
8.180000	91.69604492	-355.04257202	1096.00463867	67.05497742	-92.92379761	1020.23834229
8.190001	88.13041687	-345.31317139	958.57263184	66.37393188	-76.98822021	857.69610596
8.200000	84.81425476	-334.55383301	841.39477539	65.69350433	-61.86574173	858.02514648
8.210000	81.59770203	-331.11877441	999.33135986	65.03865814	-61.29836655	815.48504639
8.220000	78.23144531	-327.09954834	1288.31555176	64.47775269	-57.12670898	616.36437988
8.230000	75.21933746	-310.11734009	1809.93933105	63.95729065	-49.08183289	632.39056396
8.240000	71.51346588	-287.74972534	2498.96362305	63.37089920	-40.97019577	775.20593262
8.250000	68.89824677	-259.82644653	2794.88793945	63.03673935	-33.56847763	715.55468750
8.260000	66.60345459	-222.99673462	2736.22314453	62.79388046	-24.75204468	557.24774170
8.270000	64.54725647	-190.67955017	2574.87280273	62.61893463	-18.67405510	424.88851929
8.280000	63.03613663	-172.42892456	2249.47387695	62.47095108	-17.50971413	291.30285645
8.290000	61.33159637	-154.04663086	1986.58459473	62.34074020	-16.67597961	180.81379700
8.300000	59.82498932	-138.24020386	2041.80969238	62.13145065	-15.30551815	199.57342529
8.310000	58.40855026	-118.58361053	2225.62719727	61.93640137	-13.35700321	305.11694336
8.320000	57.30920029	-92.07197571	2330.00488281	61.81536484	-10.14397907	392.19454956
8.330000	56.50661850	-64.82102203	2331.39135742	61.75460815	-4.78509235	436.52642822
8.340000	56.09753418	-40.03699493	2201.30615234	61.74231720	0.96778864	462.74813843
8.350000	55.86806870	-20.90139389	2010.11437988	61.74577713	5.67296314	462.67138672
8.360001	55.84441757	-4.75521088	1833.23034668	61.85046768	8.95741749	404.96908569
8.370000	55.78849792	13.25397396	1778.74975586	61.98358536	13.34670353	352.90469360
8.380000	55.89188004	31.13689232	1825.56445313	62.13543320	17.22326279	370.90658569
8.390000	56.25450134	49.05293655	1755.40527344	62.26782990	19.54377365	394.20840454
8.400001	57.03754425	69.16932678	1524.66625977	62.54758453	23.29120636	383.93280029
8.410000	57.79191208	86.16154480	1337.66210938	62.75287628	28.56581879	411.76730347
8.420000	58.76803970	95.73764801	1277.69604492	63.05362701	32.81322861	455.42904663
8.430000	59.77982712	101.62613678	1290.35119629	63.41447830	36.60446548	448.29882813
8.440001	60.87781143	114.14686584	1395.19799805	63.83431244	41.50965881	409.98132324
8.450000	61.93985367	133.17034912	1620.69323730	64.25693512	46.19388580	369.66049194
8.460000	63.14088821	152.71939087	1813.69409180	64.71687317	50.00721359	323.02984619
8.470000	64.92810822	170.34545898	1901.17138672	65.23771667	52.27648163	297.26306152
8.480000	66.95248413	188.66621399	1732.54187012	65.83579254	54.04529190	244.04864502
8.490000	68.95572662	206.70782471	1710.53747559	66.39171600	56.60044098	253.92509460
8.500000	70.90242767	227.55291748	2066.09741211	66.91952515	60.63410187	387.74127197
8.510000	73.04429626	233.58108521	1953.34521484	67.46958923	60.92554474	388.87545776
8.520000	75.71218872	264.96887207	2526.16259766	68.16054535	68.26629639	560.01776123
8.530000	78.77790833	296.35665894	3098.97998047	68.94200134	75.60704803	731.16003418
8.540000						
8.550000						
8.560000						
8.570000						
8.580000						
8.590000						
8.600000						
8.610001						
8.620000						
8.630000						
8.640000						
8.650001						
8.660000						
8.670000						
8.680000						
8.690001						
8.700000						
8.710000						
8.720000						
8.730000						
8.740000						
8.750000	160.19151306	151.35650635	-3037.30322266	92.43113708	30.24069595	-1045.48852539
8.760000	161.79808044	120.46890259	-2796.00024414	92.76734924	19.68040466	-934.11071777
8.770000	162.96229553	89.58129883	-2554.69726563	92.95347595	9.12011433	-822.73291016
8.780000	163.76293945	73.45898438	-2617.32812500	92.99600983	4.37405872	-818.72381592
8.790000	164.28961182	42.31681824	-2371.48901367	92.97574615	-5.62286377	-691.33666992
8.800000	164.56311035	17.65568924	-2285.73559570	92.87211609	-12.60325050	-641.10089111
8.810000	164.61366272	-4.31429529	-2129.24731445	92.71063232	-18.05330849	-589.02435303
8.820000	164.44538879	-24.24786758	-1771.87304688	92.48204041	-23.07955360	-476.39382935
8.830000	164.09226990	-40.23348236	-1361.86462402	92.23172760	-27.51362991	-356.35333252
8.840000	163.56768799	-54.10995102	-784.57427979	91.94425201	-31.84006882	-175.62541199
8.850000	162.92025757	-61.80139923	-163.86495972	91.60518646	-33.72325897	45.55217361
8.860001	162.27996826	-58.68504715	464.66339111	91.23360443	-31.68983269	294.69607544
8.870000	161.47172546	-47.49704742	1010.67779541	90.81408691	-26.34601402	508.82009888
8.880000	161.04988098	-33.37135315	1242.50256348	90.58776855	-19.33930588	593.57519531
8.890000	160.87017822	-16.12968445	1151.34033203	90.47176361	-11.17986012	555.19860840
8.900001	160.92562866	-3.45331812	955.95892334	90.47218323	-5.43270111	473.69851685
8.910000	160.97555542	2.34451294	759.42761230	90.44656372	-2.50085187	395.22271729
8.920000	161.09834290	4.66448450	556.86248779	90.44953918	-0.79460138	321.64178467
8.930000	160.97738647	9.81394386	450.02786255	90.36737061	2.43371320	280.15856934
8.940001	161.12503052	16.69324112	448.69195557	90.42382050	6.68309498	270.62713623
8.950000	161.16867065	20.78615761	375.46081543	90.45899963	9.33405495	228.28874207
8.960000	161.73519897	24.47853088	164.13952637	90.71566772	11.14902496	128.90243530
8.970000	161.97416687	26.43928337	-41.49573517	90.82848358	12.16373444	42.56984329
8.980000	162.16700745	23.72105789	-233.75260925	90.90696716	11.54816914	-18.34936142
8.990000	162.35166931	19.05619240	-444.96987915	90.98433685	10.56950855	-83.41779327
9.000000	162.51936340	14.41815662	-556.59802246	91.09177399	10.04034615	-124.75716400
9.010000	162.72302246	7.43357325	-550.59643555	91.23075104	8.64156055	-137.44226074
9.020000	162.88429260	0.43716428	-543.76367188	91.37369537	6.67870808	-161.65562439
9.030000	162.66841125	-4.25860071	-551.95147705	91.35433960	4.94511890	-199.08648682
9.040000	162.59350586	-7.81249952	-508.68222046	91.39289856	3.31471753	-217.14463806
9.050000	162.35191345	-13.16032314	-413.46060181	91.35296631	0.98584491	-200.82875061
9.060000	162.48002625	-19.45877075	-345.66317749	91.46438599	-1.92705786	-176.45240784
9.070000	162.32437134	-22.81900978	-243.31321716	91.46197510	-3.97644019	-136.61404419
9.080000	161.90296936	-22.51040077	33.60920715	91.35776520	-4.27996302	-39.41835022
9.090000	161.45503235	-23.39960670	455.15551758	91.20964050	-4.78102350	110.19810486
9.100000	161.25968933	-19.37853432	819.58251953	91.16240692	-3.73331690	233.12409973
9.110001	161.32214355	-7.85624170	1003.87945557	91.23048401	-0.43786365	274.82934570
9.120000	161.21806335	10.29281616	1017.05017090	91.24195099	5.16052246	255.99636841
9.130000	161.18571472	23.61500931	803.21563721	91.23925018	8.70342255	186.27366638
9.140000	161.47554016	27.90896034	239.29539490	91.31390381	8.69776344	19.35439110
9.150001	162.20269775	27.21977043	-267.43267822	91.54583740	7.46733332	-110.44971466
9.160000	162.60826111	21.13634682	-269.47799683	91.66662598	5.73698664	-48.04144669
9.170000	162.63259888	6.19112635	-165.43591309	91.65244293	1.54603314	32.50345993
9.180000	162.40246582	7.67567921	-95.03092194	91.56363678	3.81266260	57.55833054
9.190001	162.27662659	19.08887100	234.04214478	91.54137421	9.25598145	142.07681274
9.200000	162.23109436	19.69235611	283.93975830	91.55627441	9.57889557	98.34725189
9.210000	163.48315430	21.90462685	-269.64639282	92.08011627	9.81413460	-168.43586731
9.220000	163.54887390	24.71580505	-572.88140869	92.10453033	9.77376270	-303.20709229
9.230000	163.45823669	9.82856750	-539.25152588	92.05880737	2.58916211	-283.28948975
9.240000	163.39067078	-7.30031300	-608.19226074	92.01140594	-4.79990625	-289.78485107
9.250000	163.36120605	-6.69860792	-473.45220947	91.97203827	-4.54304981	-200.53895569
9.260000	163.30709839	-5.98042774	-61.25259018	91.92137146	-4.28295135	-5.26206541
9.270000	163.21662903	-5.27623463	146.38581848	91.88023376	-3.72988367	87.85447693
9.280000	163.15046692	-4.00479603	119.80184174	91.84173584	-2.62311292	87.39502716
9.290000	163.10511780	-2.12173462	92.97603607	91.80645752	-1.39090216	96.53292847
9.300000	163.12780762	-0.53850806	51.51981354	91.81198120	-0.50506592	91.99110413
9.310000	163.14805603	-0.60780841	1.52356029	91.82117462	0.34554797	73.45623016
9.320001	163.15786743	-1.60687757	-47.98379898	91.83714294	1.08947754	55.53881073
9.330000	163.13217163	-2.65668225	-72.79248047	91.83310699	1.55417120	40.23572922
9.340000	163.04788208	-3.28394556	-73.32759094	91.84764099	1.76245368	18.85933304
9.350000	163.02252197	-3.82067347	-87.56021118	91.87550354	1.91631305	-6.73431826
9.360001	162.99299622	-4.27627563	-116.23231506	91.90908813	1.86812079	-25.66411400
9.370000	162.98632813	-5.42360926	-132.94369507	91.92385864	1.40234625	-33.71640778
9.380000	162.92147827	-7.77435255	-127.52616119	91.93450165	0.66528320	-34.92429733
9.390000	162.82029724	-9.62015724	-104.99061584	91.92693329	0.24833678	-28.60026550
9.400001	162.69212341	-10.44171619	-49.85089111	91.93283081	0.18088022	-11.71896076
9.410000	162.55221558	-10.09317970	21.81436920	91.92246246	0.24000803	10.01252079
9.420000	162.48086548	-9.63732338	44.62791061	91.94050598	0.32622018	22.23565674
9.430000	162.40003967	-8.37326050	-13.84314632	91.93834686	0.63120520	16.04132843
9.440001	162.33714294	-7.58107471	-126.53990173	91.94811249	1.13639832	-10.44739342
9.450000	162.22106934	-9.23538208	-259.08468628	91.94738007	1.22737885	-54.14294815
9.460000	162.17663574	-13.55311012	-373.58883667	91.97310638	0.47461191	-103.35572052
9.470000	162.06153870	-19.14570999	-409.06564331	91.99694061	-1.21892285	-142.76292419
9.480000	161.85540771	-24.43389893	-345.38961792	91.99153137	-3.32063031	-161.17698669
9.490000	161.50619507	-27.65350151	-193.09619141	91.92822266	-5.09128571	-144.35417175
9.500000	161.14262390	-28.50506973	-3.97589993	91.83901215	-6.47067976	-93.50897217
9.510000	160.84280396	-27.44788933	143.60522461	91.75352478	-7.39599848	-33.68525314
9.520000	160.66763306	-23.99088478	261.20574951	91.71385193	-7.26572657	33.09045792
9.530000	160.43168640	-20.48619461	399.19293213	91.63599396	-6.43196058	110.47958374
9.540000	160.21980286	-17.65543556	547.35272217	91.55986023	-5.22219324	182.45208740
9.550000	160.03451538	-12.20258045	512.60705566	91.49259186	-2.90838861	170.40695190
9.560000	159.89901733	-4.01509571	269.76818848	91.46492004	-0.11927287	60.96871185
9.570001	159.88282776	4.64223194	92.45301819	91.49591064	2.45056152	-51.29708099
9.580000	160.03344727	-0.73903400	-90.84403992	91.56960297	-0.51441193	-190.10581970
9.590000	160.20394897	-9.99056435	-422.91616821	91.60306549	-5.30624390	-376.93594360
9.600000	160.33010864	-10.81237793	-455.62802124	91.62002563	-8.37141609	-431.99374390
9.610001	159.46978760	-15.84854031	-102.71316528	91.25568390	-14.08812141	-337.38516235
9.620000	159.40580750	-21.61890602	-0.41400591	91.18855286	-19.42501068	-307.65380859
9.630000	159.38882446	-15.04160500	-55.59347153	91.00955963	-19.80075836	-257.80877686
9.640000	159.26887512	-8.72624683	86.69090271	90.76319885	-20.27454376	-112.44239044
9.650001	159.25802612	-14.19118214	52.98677826	90.58081055	-23.84726143	-72.51834869
9.660000	159.03585815	-16.09903908	-172.91726685	90.31745911	-23.31854439	-96.25778198
9.670000	158.82351685	-14.93225002	-84.27780914	90.06685638	-22.71531296	22.49919510
9.680000	158.58297729	-18.62424088	132.21720886	89.79418945	-24.50453377	143.42370605
9.690001	158.50085449	-18.53968239	201.63377380	89.65052795	-23.49166870	181.95384216
9.700000	158.48321533	-10.89998817	399.30831909	89.39736176	-18.24862099	324.98687744
9.710000	158.00119019	-7.60536146	555.44488525	89.08928680	-15.44367409	455.23641968
9.720000	158.10034180	-1.95503223	360.86819458	89.00096893	-11.23784351	394.37167358
9.730000	158.17747498	7.40051222	153.42350769	89.01404572	-3.80910230	318.79913330
9.740000	158.17459106	6.39546680	3.94376111	88.90559387	-1.14835095	291.64013672
9.750000	158.64691162	-0.42483011	-295.18911743	89.05364990	-1.59670508	173.16902161
9.760000	158.44163513	-2.27890015	-389.98980713	88.99142456	0.20453134	82.26309967
9.770000	158.21560669	-8.33295155	-155.21299744	88.94028473	1.24022162	112.96336365
9.780000	158.06604004	-12.80110645	66.76396942	88.93669891	1.43877661	124.13055420
9.790000	158.01510620	-7.87429762	235.97779846	88.99539948	3.38363624	79.05058289
9.800000	158.00318909	-1.35269165	411.18347168	89.07894897	5.02643585	37.53228760
9.810000	157.93083191	4.66715479	421.66217041	89.13025665	5.26453638	-17.13603973
9.820001	157.97373962	8.00577736	248.42344666	89.13594818	4.01191711	-95.12741089
9.830000	158.16586304	9.53356361	-4.56425333	89.22280884	2.20718384	-171.83885193
9.840000	158.34365845	9.18337440	-270.29797363	89.21328735	0.58498383	-229.75921631
9.850000	158.44345093	5.05765247	-488.60311890	89.25254059	-1.67535138	-261.86016846
9.860001	158.40925598	-2.44547510	-649.96954346	89.17723083	-4.93049622	-273.01614380
9.870000	158.35566711	-11.22932434	-735.63269043	89.13771057	-8.36385059	-259.71942139
9.880000	158.23754883	-19.13210487	-708.57354736	89.03948975	-11.23110390	-184.54689026
9.890000	158.00624084	-25.84749794	-529.35687256	88.90071869	-12.80225086	-25.46137810
9.900001	157.66867065	-31.60133171	-208.61492920	88.73794556	-13.26853371	182.84028625
9.910000	157.28959656	-34.22914886	187.32151794	88.58885193	-10.52347755	385.10855103
9.920000	156.91166687	-30.15289116	601.85632324	88.46832275	-4.55163288	543.22326660
9.930000	156.57598877	-19.80972290	996.21984863	88.43119049	3.17357373	635.66851807
9.940001	156.34780884	-6.10313416	1280.86462402	88.50665283	10.60479450	628.04614258
9.950000	156.41000366	8.39653015	1353.25805664	88.70466614	16.53614044	507.80517578
9.960000	156.62385559	23.53019714	1108.12878418	88.93659210	21.61992264	274.93936157
9.970000	156.98478699	36.67131805	588.76574707	89.15966797	24.27673340	-31.02725983
9.980000	157.34799194	43.75851822	11.18197441	89.37519073	23.34353065	-344.14718628
9.990000	157.89141846	36.92982864	-606.07531738	89.68447876	16.76654816	-649.62695313
10.000000	158.42788696	22.90344238	-1259.25915527	89.89403534	7.06609058	-886.38055420
10.010000	158.77996826	9.48168373	-1613.18115234	89.99701691	-3.09174848	-902.80010986
10.020000	158.40437317	-9.86200905	-1568.45751953	89.72453308	-14.66871834	-694.35174561
10.030000	158.20190430	-31.17612076	-1487.56750488	89.50315857	-23.01012611	-433.98266602
10.040000	157.90701294	-43.74185944	-1342.92956543	89.23439026	-23.78717995	-138.56854248
10.050000	157.40597534	-51.89882660	-809.39483643	88.92971039	-20.66008186	223.96211243
10.060000	156.79954529	-62.82678986	-91.07595825	88.76935577	-18.08636856	495.24694824
10.070001	156.07876587	-66.42494202	499.24972534	88.63666534	-12.77090645	612.66174316
10.080000	155.32666016	-52.71580887	1138.73059082	88.53116608	-3.82041907	740.06451416
10.090000	154.62049866	-32.51482391	1772.73559570	88.43908691	4.44278717	889.72845459
10.100000	154.29565430	-12.87917995	1802.06140137	88.49826050	12.23163605	865.29376221
10.110001	154.75172424	10.88981628	1192.43103027	88.81620789	22.97865486	681.02593994
10.120000	154.88710022	28.26347160	514.18365479	89.03202820	32.65762329	487.46936035
10.130000	155.26925659	23.45822525	-140.35968018	89.39292145	34.90562439	227.95463562
10.140000	155.65281677	8.56882668	-710.50469971	89.85316467	33.28348541	-101.70103455
10.150001	155.77804565	-2.22244263	-696.24621582	90.24633026	31.15475845	-284.47390747
10.160000	155.45457458	-11.61168385	-38.78953934	90.49496460	26.11783218	-257.45593262
10.170000	155.07740784	-11.51771545	773.00787354	90.66256714	21.48024178	-137.75927734
10.180000	154.89770508	3.12550855	1510.29785156	90.84003448	20.73567581	54.05673599
10.190001	155.01454163	28.02073097	2067.51708984	91.02513123	23.39738083	275.95629883
10.200000	155.48547363	54.66677094	2189.35595703	91.27870941	28.41326332	373.35333252
10.210000	156.22024536	79.30412292	1804.42614746	91.59053040	34.55015564	284.65417480
10.220000	157.15158081	97.48687744	1077.77893066	91.94487000	38.76806641	59.66048050
10.230000	158.25654602	105.16878510	197.33071899	92.41389465	37.94434738	-249.78266907
10.240000	159.48016357	100.82638550	-720.68969727	92.87463379	32.42861176	-565.62994385
10.250000	160.60015869	86.94915771	-1514.38317871	93.22980499	24.01237488	-761.12475586
10.260000	161.43136597	66.20979309	-2000.88330078	93.35963440	13.95753193	-769.96038818
10.270000	161.86569214	40.59906006	-2131.97778320	93.37000275	4.65183258	-657.53161621
10.280000	162.12265015	15.42523670	-1970.71044922	93.36502075	-1.23875928	-492.95687866
10.290000	162.16069031	-3.86912012	-1567.21386719	93.33189392	-3.39927649	-306.45922852
10.300000	161.98660278	-16.70659256	-1033.84936523	93.28887177	-4.97207642	-155.67501831
10.310000	161.67483521	-23.31873512	-551.31481934	93.23159790	-6.02677631	-69.56307220
10.320001	161.33969116	-24.56906509	-220.92012024	93.17350769	-6.52745533	7.07796574
10.330000	161.07949829	-23.46725464	-70.49013519	93.07388306	-6.52395868	111.35416412
10.340000	160.95675659	-22.45534134	-95.96293640	93.02975464	-5.26135731	212.72444153
10.350000	160.77372742	-23.10053444	-222.54544067	92.94834137	-2.08587646	292.65921021
10.360001	160.54162598	-26.73530388	-344.28915405	92.94030762	2.18048096	333.24426270
10.370000	160.20124817	-32.36236572	-403.60858154	92.96726227	6.17631245	290.36441040
10.380000	159.86347961	-37.96463013	-414.75662231	93.08839417	9.33233833	139.68190002
10.390000	159.46881104	-41.54624939	-507.90103149	93.23022461	10.85630989	-166.27371216
10.400001	159.02529907	-43.85172272	-903.20275879	93.35098267	9.08152199	-349.46713257
10.410000	158.52037048	-48.96748734	-1475.18554688	93.44204712	3.10096741	-3.29272342
10.420000	158.08021545	-65.30100250	-2312.74755859	93.49806213	-9.13530922	646.58593750
10.430000	157.54353333	-98.66841125	-3685.28784180	93.39986420	-2.80876160	1247.16516113
10.440001	156.71412659	-132.88941956	-4493.54638672	93.17584991	27.44706345	2148.03002930
10.450000	155.00448608	-190.13023376	-4725.23925781	92.75932312	57.51634979	2691.27197266
10.460000	152.59289551	-263.96649170	-5238.81982422	94.08963776	82.46955872	2238.46606445
10.470000	150.39799500	-291.72793579	-5039.43505859	95.62911987	120.59878540	2174.03662109
10.480000	146.03010559	-346.24328613	-5109.66650391	96.97394562	123.65722656	1226.20739746
10.490000	142.35031128	-400.75863647	-5179.89794922	97.95446014	126.71566772	278.37817383
10.500000						
10.510000						
10.520000						
10.530000						
10.540000						
10.550000						
10.560000						
10.570001						
10.580000						
10.590000						
10.600000						
10.610001						
10.620000						
10.630000						
10.640000	146.67843628	-713.28002930	15628.54687500	96.42828369	326.67788696	-12504.20410156
10.650001	140.08853149	-584.50622559	10213.72363281	100.77410126	191.45660400	-11488.80957031
10.660000	132.94424438	-455.73239136	4798.90087891	101.68959808	56.23530960	-10473.41503906
10.670000	129.89575195	-359.71316528	1269.00708008	102.07067871	39.96861649	-10902.19628906
10.680000	125.33464813	-431.79598999	-1183.05859375	100.32443237	-129.82997131	-7825.33300781
10.690001	124.98252869	-585.44079590	-5404.67529297	100.19226074	-261.05410767	-7319.49755859
10.700000	123.49068451	-570.31793213	-5267.65332031	99.30548096	-271.93359375	-5292.44580078
10.710000	105.29376221	-600.44799805	1719.44799805	90.64202881	-287.52777100	178.90789795
10.720000	100.93097687	-691.40869141	5197.87939453	88.59117889	-327.17269897	2469.83691406
10.730000	96.89017487	-538.05529785	5109.46875000	86.73617554	-251.07153320	2556.17773438
10.740000	92.95903778	-345.81927490	7585.07080078	84.92568970	-160.50286865	3691.11621094
10.750000	89.44866943	-336.75878906	7872.80517578	83.31782532	-156.96975708	3764.69995117
10.760000	86.12477112	-300.65026855	4418.93750000	81.75457001	-139.58358765	2138.01391602
10.770000	83.31078339	-263.21212769	3027.50415039	80.37493896	-121.07441711	1534.77001953
10.780000	80.89955139	-226.69651794	3424.53930664	79.29940033	-102.40757751	1721.53686523
10.790000	78.90767670	-192.41275024	3097.74316406	78.42404938	-83.93122101	1510.81201172
10.800000	77.16531372	-162.96182251	2765.91918945	77.71532440	-69.22708893	1263.89306641
10.810000	75.69956207	-138.08752441	2441.21435547	77.10722351	-58.90922165	984.31518555
10.820001	74.42022705	-116.82376099	2127.81469727	76.57235718	-51.64889908	719.98291016
10.830000	73.42026520	-96.48125458	1844.93249512	76.11105347	-45.93811035	543.29351807
10.840000	72.52095795	-78.30117035	1613.39489746	75.67114258	-41.67683792	457.09524536
10.850000	71.84638977	-63.79069901	1400.97534180	75.27479553	-38.17501068	422.65747070
10.860001	71.33347321	-52.01212311	1208.58776855	74.93084717	-34.22342682	429.21527100
10.870000	70.90026855	-41.16948318	1101.44665527	74.56932831	-29.71451950	476.23364258
10.880000	70.51757050	-31.58143234	1069.26818848	74.30178070	-24.90622139	521.91076660
10.890000	70.20317841	-21.08294106	1030.62524414	74.06646729	-19.19320297	537.00524902
10.900001	70.03042603	-9.77128315	955.55590820	73.91442871	-13.02992439	534.86621094
10.910000	70.00179291	0.88361102	842.35467529	73.81349182	-7.59448957	526.86206055
10.920000	70.13355255	8.45743752	664.40545654	73.77340698	-2.92644501	508.80261230
10.930000	70.29457092	13.68255520	445.22647095	73.78500366	1.66460669	486.94512939
10.940001	70.46956635	16.92409515	256.20645142	73.81279755	6.77045155	460.16864014
10.950000	70.57057953	18.08617783	158.25524902	73.87388611	11.80610657	410.67358398
10.960000	70.79610443	18.02781296	155.27749634	74.02652740	16.15091896	340.77883911
10.970000	70.99909973	18.32618713	242.07359314	74.23581696	19.01289558	281.92581177
10.980000	71.21918488	21.19191360	433.51885986	74.49159241	20.52059174	267.06524658
10.990000	71.35462952	26.47355270	740.40466309	74.69892120	22.18818665	333.80642700
11.000000	71.55619812	34.46260834	1090.43664551	74.86965179	25.31553841	490.01815796
11.010000	71.97061157	46.75540924	1429.15136719	75.08528900	30.62953758	685.93530273
11.020000	72.51962280	64.39361572	1779.44018555	75.41898346	39.27236938	859.58636475
11.030000	73.21477509	84.13778687	2134.35400391	75.87648773	49.89407730	993.36584473
11.040000	74.11540985	106.57704163	2422.71142578	76.42717743	61.12944031	1078.05139160
11.050000	75.27691650	132.24995422	2616.82104492	77.10101318	71.69799805	1101.53125000
11.060000	76.70917511	161.38139343	2737.08666992	77.85426331	82.77021790	1078.51245117
11.070001	78.49113464	190.57089233	2768.70458984	78.75664520	93.97373199	1025.56481934
11.080000	80.51860046	218.34652710	2674.96533203	79.71425629	104.57502747	931.45745850
11.090000	82.95423126	244.56098938	2467.56079102	80.86753845	113.74600220	787.68170166
11.100000	85.47485352	269.16940308	2261.01464844	82.04778290	120.97154999	666.09985352
11.110001	88.32005310	290.27371216	2093.74853516	83.34186554	125.98075104	623.36645508
11.120000	91.30641174	308.29052734	1908.07788086	84.61227417	129.87161255	650.87493896
11.130000	94.56716156	327.17468262	1694.42736816	85.92247009	136.45172119	711.75653076
11.140000	97.88814545	344.89447021	1524.37329102	87.24378967	145.29754639	772.54455566
11.150001	101.37261963	359.33016968	1359.26330566	88.69494629	155.05166626	766.09173584
11.160000	105.11927795	370.05740356	1099.35192871	90.37429810	163.00079346	614.91149902
11.170000	108.94628143	380.91186523	795.98004150	92.12205505	168.96723938	290.87103271
11.180000	112.80628967	389.22549438	596.59063721	93.89245605	171.65437317	-224.78356934
11.190001	116.64428711	392.25857544	510.77267456	95.53874969	168.71018982	-1050.12841797
11.200000	120.66516113	393.00134277	417.87310791	97.23931122	157.31588745	-2359.92211914
11.210000	124.67397308	397.66455078	323.43063354	98.89958954	133.01423645	-4131.02392578
11.220000	128.58549500	404.54208374	599.93463135	100.32208252	86.36906433	-5957.71923828
11.230000	132.51567078	407.75311279	-17.77140236	101.19911957	11.37371063	-7785.86718750
11.240000	136.72932434	409.03268433	-2500.42724609	101.17086029	-85.50154114	-8870.75683594
11.250000	140.98812866	422.42544556	-4007.65063477	99.80238342	-182.91796875	-8584.52832031
11.260000	145.09539795	342.56399536	-5479.01416016	97.13784027	-293.19284058	-6820.43994141
11.270000	149.05998230	218.69595337	-8832.41406250	93.47462463	-352.98492432	-4123.12646484
11.280000	153.04444885	191.95759583	-9335.96289063	89.67261505	-384.86593628	-2303.72729492
11.290000	149.87550354	57.23190308	-11204.24609375	84.06578064	-357.73352051	663.72680664
11.300000	150.69969177	-77.49378967	-13072.52929688	82.14437103	-330.60110474	3631.18090820
11.310000						
11.320001						
11.330000						
11.340000						
11.350000						
11.360001						
11.370000						
11.380000						
11.390000						
11.400001						
11.410000						
11.420000						
11.430000						
11.440001	140.99658203	650.49523926	-13769.84082031	69.52229309	-140.37857056	9386.34375000
11.450000	147.69767761	512.12231445	-12151.64648438	66.79927063	-51.74713135	6783.97314453
11.460000	152.99418640	373.74938965	-10533.45214844	68.05857849	36.88430786	4181.60205078
11.470000	156.37579346	309.81201172	-10296.57714844	68.50109100	51.92654800	3109.64892578
11.480000	158.13092041	191.13259888	-8225.96777344	69.55550385	79.81929779	719.23779297
11.490000	159.18861389	105.70334625	-6951.94238281	70.48398590	60.07232285	-712.93505859
11.500000	159.96110535	47.41528702	-5628.56982422	71.00028229	45.97142410	-1334.62585449
11.510000	160.24760437	8.50359535	-3632.43286133	71.23808289	23.04096222	-1545.25146484
11.520000	160.12263489	-19.48547363	-2204.81909180	71.31150818	7.05935144	-1225.32568359
11.530001	159.44688416	-34.79804993	-1135.52416992	71.24076080	-1.11211133	-957.95129395
11.540000	158.92550659	-38.50568008	-340.49972534	71.19149017	-5.89892054	-686.70904541
11.550000	158.48271179	-34.80516815	132.75216675	71.11464691	-10.32905579	-623.98870850
11.560000	158.43249512	-27.68071365	181.26148987	71.07038879	-16.73424911	-692.08947754
11.570001	158.20977783	-22.79523087	-37.85269928	70.89768219	-24.72845650	-761.00469971
11.580000	157.93304443	-24.73614883	-289.99539185	70.59490204	-33.72732544	-718.64971924
11.590000	157.63713074	-34.70764160	-480.16375732	70.13886261	-42.55167389	-551.64532471
11.600000	157.38803101	-43.23272705	-597.35339355	69.67955780	-48.16334915	-347.67648315
11.610001	156.94158936	-47.43766785	-611.19201660	69.13932037	-48.92552567	-175.19731140
11.620000	156.24128723	-49.88771820	-699.27777100	68.62352753	-47.06484222	-105.83982086
11.630000	155.63647461	-56.15653610	-1261.68750000	68.12454987	-46.59944916	141.33401489
11.640000	155.21226501	-66.12892151	-2563.60742188	67.75650787	-48.21421051	501.43356323
11.650001	154.76899719	-89.31681061	-4541.75439453	67.34004211	-50.45133972	2010.92736816
11.660000	153.86309814	-138.98797607	-6710.98144531	66.79519653	-28.20307350	6806.00732422
11.670000	152.47779846	-224.89457703	-8330.54980469	66.18006134	2.83838892	12459.85546875
11.680000	150.03906250	-337.80783081	-8545.41113281	65.87944031	149.20819092	13422.36523438
11.690001	146.35469055	-446.13302612	-6584.95117188	67.55114746	444.48315430	9442.73046875
11.700000	140.74005127	-519.30920410	-2331.92944336	69.55227661	635.57617188	2348.39721680
11.710000	134.19113159	-528.98278809	3364.93603516	81.38539886	551.14978027	-7474.65771484
11.720000	128.11404419	-457.55453491	9360.66992188	94.47732544	314.38446045	-16585.79687500
11.730000	123.49836731	-315.42758179	13422.55566406	97.18952179	33.83509064	-18903.57617188
11.740000	121.28089142	-128.93733215	15200.35253906	88.86672211	-170.69854736	-12775.42285156
11.750000	121.19171906	71.42193604	15790.28125000	78.94474030	-305.05981445	-2828.94555664
11.760000	122.90983582	187.72193909	14834.11816406	76.40070343	-272.72192383	3661.27856445
11.770000	126.63677216	323.76672363	13852.72753906	83.71479034	-79.84199524	12804.74121094
11.780001	131.09895325	459.81152344	12871.33691406	79.98566437	113.03793335	21948.20312500
11.790000						
11.800000						
11.810000						
11.820001						
11.830000						
11.840000						
11.850000						
11.860001	151.56678772			87.07218170		
11.870000	147.93916321			89.26747894		
11.880000	145.82458496			93.96881866		
11.890000	145.22578430			97.98291016		
11.900001						
11.910000	122.48612976	-541.01281738	2589.88525391	79.17378235	-304.71923828	1080.79858398
11.920000	117.10497284	-513.49334717	3152.81835938	76.29568481	-292.39044189	1404.51965332
11.930000	112.10298157	-485.97384644	3715.75146484	73.11799622	-280.06164551	1728.24072266
11.940001	106.68782806	-446.24606323	4049.90551758	70.34184265	-264.71047974	2075.98706055
11.950000	102.69936371	-403.05612183	4388.99560547	67.70056152	-241.26242065	2451.40942383
11.960000	99.12685394	-350.09985352	4372.20166016	65.56980896	-210.38015747	2719.36621094
11.970000	95.91901398	-300.35876465	4122.90136719	63.55018234	-178.95014954	2828.32958984
11.980000	93.10914612	-265.26782227	3674.54101563	61.84739304	-150.00675964	2731.03198242
11.990000	90.62238312	-233.67213440	3092.51660156	60.59045410	-125.42835236	2451.91845703
12.000000	88.52999878	-206.55186462	2648.22851563	59.52019119	-100.96286011	2127.92553711
12.010000	86.69215393	-180.99809265	2364.02978516	58.68828964	-80.36113739	1852.12512207
12.020000	84.91661835	-158.41432190	2178.58496094	57.87237549	-64.62189484	1584.59924316
12.030001	83.42193604	-139.95875549	2044.66564941	57.36939621	-51.02656555	1296.98864746
12.040000	82.16114807	-120.93657684	1884.29125977	56.95917511	-39.04333115	1071.97180176
12.050000	81.09228516	-100.60208130	1754.45336914	56.64965820	-29.00969124	904.79565430
12.060000	80.13544464	-82.66111755	1641.56311035	56.42690659	-21.73376083	773.21667480
12.070001	79.39200592	-67.94191742	1468.81958008	56.19636154	-15.13630486	693.50329590
12.080000	78.85194397	-54.81757736	1286.07116699	56.10398483	-9.37217045	651.00860596
12.090000	78.41690063	-42.65047455	1214.00744629	56.03630829	-2.56830835	629.45776367
12.100000	78.01412964	-32.02145767	1260.34167480	56.04808426	4.48064804	634.55688477
12.110001	77.71378326	-21.02686501	1364.37561035	56.10322952	10.26738453	658.25262451
12.120000	77.52819061	-6.36641169	1506.44226074	56.26584625	16.22387505	669.58508301
12.130000	77.52205658	10.66557503	1658.48718262	56.46731949	22.99210167	678.78656006
12.140000	77.69580841	28.92093468	1756.50866699	56.70145035	30.76756668	694.45654297
12.150001	78.13722992	47.15957642	1802.67309570	57.01736450	38.06994629	706.00067139
12.160000	78.67755890	64.89168549	1876.47082520	57.44655991	44.62829971	716.67956543
12.170000	79.45816803	82.66690063	1995.70507813	57.99378967	51.26752472	739.38500977
12.180000	80.30237579	102.24234009	2147.63647461	58.53650665	58.56087875	800.84100342
12.190001	81.40821838	125.66896820	2324.17065430	59.09619141	67.09336853	933.28247070
12.200000	82.72133636	150.51745605	2483.95654297	59.76000214	76.28065491	701.44091797
12.210000	84.37292480	176.63337708	2565.57275391	60.57856369	87.18395233	1716.55798340
12.220000	86.35688019	203.03401184	2587.93017578	61.58495712	99.80153656	4376.66552734
12.230000	88.47534180	229.14421082	2612.81884766	62.59996033	98.00862885	5379.22998047
12.240000	90.90412140	254.43647766	2648.23242188	63.77791977	219.54570007	5101.88623047
12.250000	93.52474213	280.49176025	2735.72460938	65.07469940	341.11242676	6005.49121094
12.260000	96.47463226	308.16622925	2897.36083984	66.60923004	342.72601318	4356.30664063
12.270000	99.71029663	337.12545776	2939.69213867	77.51558685	362.42828369	-1038.62145996
12.280001	103.19594574	369.59982300	3497.89843750	79.28713989	399.22662354	-3106.13574219
12.290000	107.02561951	403.29931641	4916.08300781	81.40447998	307.62130737	-2257.60961914
12.300000	111.16622925	433.21359253	5182.78613281	83.70459747	189.75727844	-3815.50048828
12.310000	115.81958008	514.98760986	4060.42602539	86.26021576	221.72494507	-5903.95019531
12.320001	120.73360443	606.32580566	3383.75317383	88.31911469	231.54130554	-5786.27490234
12.330000	126.15250397	599.37811279	1159.05676270	89.26611328	141.93197632	-6220.45214844
12.340000	135.61170959	579.65539551	-4226.32763672	93.37666321	0.65027869	-7781.84179688
12.350000	141.94844055	570.69714355	-8776.99414063	93.52433014	-86.84628296	-6895.25097656
12.360001	144.64524841	451.83331299	-11650.03710938	89.90013885	-134.23728943	-3730.06469727
12.370000	149.77581787	254.84045410	-14940.62207031	85.40534973	-157.17689514	117.24837494
12.380000	152.65289307	95.21318817	-16682.70507813	84.13938141	-125.12244415	1858.86730957
12.390000	153.16592407	-80.54720306	-15520.19335938	85.56101227	-96.64497375	-722.62835693
12.400001	150.18809509	-238.36859131	-12729.24609375	86.38345337	-10.53644753	-4002.74145508
12.410000	145.79801941	-364.50653076	-9010.24414063	84.63719177	-84.42980194	-4997.26367188
12.420000	140.84100342	-453.17242432	-5091.08593750	81.46763611	-292.38107300	-8526.87988281
12.430000	138.26707458	-454.07357788	-1219.37731934	84.86286163	-365.63204956	-7184.86181641
12.440001	131.79006958	-427.75704956	3150.52343750	74.64621735	-374.80392456	6092.92285156
12.450000	127.49487305	-399.68521118	6821.13525391	69.63990784	-507.65399170	13212.17773438
12.460000	123.60272217	-320.25347900	8560.80957031	65.73398590	-154.72679138	18568.02343750
12.470000	120.44142151	-193.78013611	10158.20312500	62.23384857	324.79437256	23168.16210938
12.480000	119.45018768	-57.55398941	12016.68164063	59.52996445	303.88049316	12687.69531250
12.490000	119.28098297	26.69137192	11824.57519531	86.17529297	775.00158691	8259.25488281
12.500000	120.76497650	161.21368408	12463.73144531	85.08292389	469.58389282	-12165.95800781
12.510000	124.01467896	295.73599243	13102.88769531	84.99513245	164.16619873	-32591.17187500
12.520000						
12.530001						
12.540000	140.81686401	522.84179688	-10182.62890625	85.58186340	-30.53340912	-503.31939697
12.550000	146.23309326	419.71817017	-9299.43066406	85.29819489	-35.87112427	-47.94378281
12.560000	150.49327087	316.59454346	-8416.23242188	85.01198578	-41.20883942	407.43182373
12.570001	153.34382629	262.52935791	-8432.69238281	84.48301697	-30.57320786	251.92095947
12.580000	155.16911316	162.58201599	-7189.75292969	83.94712830	-19.27483749	495.62527466
12.590000	156.21340942	86.08207703	-6314.69091797	83.82724762	-18.85611153	510.80706787
12.600000	156.61923218	27.48145866	-5158.57324219	84.01205444	-18.64128113	116.65145874
12.610001	156.63667297	-12.44010925	-3409.45874023	84.23532104	-11.90573311	-24.64977074
12.620000	156.10430908	-35.75859070	-2035.65026855	83.36295319	-13.89497089	228.64451599
12.630000	155.46098328	-47.62471390	-1039.37719727	83.26969147	-21.11956215	324.05593872
12.640000	154.94776917	-49.20209122	-495.70370483	83.20626831	-14.31554127	393.94512939
12.650001	154.50607300	-46.99160004	-333.51193237	83.18698883	-1.65875745	743.44879150
12.660000	154.14816284	-49.14372635	-574.11724854	83.12746429	3.41389966	867.68103027
12.670000	153.73313904	-55.08473587	-1066.48254395	83.12503052	13.24602699	477.83050537
12.680000	153.07754517	-67.93772125	-1348.38098145	83.26355743	22.75524139	-39.29758453
12.690001	152.34877014	-89.86549377	-1237.90222168	83.60122681	21.40610886	-623.41729736
12.700000	151.48638916	-110.02997589	-747.23748779	84.09838867	7.76678705	-1278.57690430
12.710000	150.25123596	-114.85353851	274.06716919	84.33035278	-11.12887001	-1486.31909180
12.720000	148.67825317	-106.62993622	1712.33361816	83.87702179	-34.71768570	-928.29736328
12.730000	147.35339355	-82.94283295	2916.34667969	83.19265747	-50.16530228	16.40277672
12.740000	146.81040955	-41.66551971	3397.08789063	82.50579834	-43.09476089	876.05517578
12.750000	146.61637878	9.43883228	3197.41967773	81.85929871	-14.42794704	1493.72302246
12.760000	147.09494019	46.43300247	2387.15136719	81.89035034	11.90090179	1639.85437012
12.770000	147.79888916	60.64948654	953.88409424	82.31815338	25.78677940	1155.15112305
12.780001	148.97372437	59.29743195	-755.93579102	83.29647827	31.13593864	379.58520508
12.790000	149.49012756	45.23404312	-2140.08081055	83.41725922	30.28157425	187.52770996
12.800000	149.73600769	13.84747791	-3018.11499023	83.38488770	23.89793396	611.54949951
12.810000	149.67967224	-28.98025322	-3294.99975586	83.37387848	19.42450142	888.75195313
12.820001	149.47120667	-69.72084045	-2523.10546875	83.78859711	45.60572052	1182.44824219
12.830000	148.51307678	-101.54774475	-683.74517822	84.27955627	71.69119263	1431.79125977
12.840000	147.07817078	-106.99221039	1422.43884277	84.77003479	78.44759369	804.89794922
12.850000	145.34413147	-70.28236389	3080.33203125	86.61097717	91.87679291	-331.39309692
12.860001	144.34614563	-8.76464844	3803.94165039	87.07934570	82.41449738	-1396.24291992
12.870000	144.73318481	45.35268021	3106.30639648	87.94183350	55.14691544	-2814.75048828
12.880000	146.59996033	76.14288330	1283.91455078	88.99577332	28.49197197	-3633.91284180
12.890000	148.02355957	73.94218445	-483.05560303	88.02481079	-21.31271362	-3230.79736328
12.900001	148.56687927	42.65416336	-1388.00268555	88.80629730	-80.63551331	-2703.51367188
12.910000	148.22482300	6.85729933	-1400.63659668	87.42593384	-91.44439697	-1650.99658203
12.920000	147.81207275	-6.02111816	-743.83886719	85.38504791	-89.34351349	210.52381897
12.930000	147.71527100	2.77684522	211.98582458	84.11639404	-88.96261597	1370.70288086
12.940001	147.91218567	17.94306374	889.66876221	84.00657654	-58.96059418	1497.28491211
12.950000	148.40130615	28.85373306	997.74829102	83.94660950	-31.26443100	1537.12695313
12.960000	148.78302002	37.92978668	829.71246338	83.76573944	-18.24188232	1396.88806152
12.970000	149.00508118	43.69087219	659.17120361	83.14186859	-16.10228157	989.61535645
12.980000	149.37332153	48.26736450	412.39389038	83.02893066	-11.59839630	699.86730957
12.990000	149.99894714	54.63930511	-32.21139908	83.11083984	-0.20122527	549.19110107
13.000000	150.66412354	56.62167740	-739.28900146	83.25260162	10.22650337	536.30670166
13.010000	151.35762024	48.18585587	-1874.16662598	83.38670349	12.37684822	437.38397217
13.020000	151.81976318	25.72631645	-3320.63647461	83.48537445	9.98560524	-90.22066498
13.030001	152.05227661	-14.13319874	-4554.88378906	83.59480286	14.34230709	-901.96191406
13.040000	151.90667725	-74.59907532	-4952.17041016	83.71943665	11.59617043	-1277.07983398
13.050000	151.04440308	-142.38624573	-4034.66772461	83.70401001	-14.12506008	-1026.33471680
13.060000	149.25871277	-194.75579834	-1754.17297363	84.24942780	-47.31063843	-559.05926514
13.070001	146.36183167	-205.75192261	1436.39831543	83.47029114	-48.90797806	123.12403107
13.080000	143.53363037	-164.76223755	4531.93408203	82.11906433	-25.12575722	973.87603760
13.090000	141.60061646	-85.60752869	6261.82275391	80.89595795	-1.44704175	1248.49328613
13.100000	141.58248901	10.13310719	5924.09277344	82.01134491	12.62518501	359.62170410
13.110001	142.85260010	84.61010742	3933.97167969	83.45721436	14.23219013	-998.41088867
13.120000	144.44929504	109.29310608	1222.57434082	83.97494507	-2.13890076	-1726.11755371
13.130000	146.12963867	86.50118256	-1231.97277832	82.66682434	-42.78863144	-1589.61193848
13.140000	146.71087646	44.72986603	-2568.87670898	81.47985840	-75.01945496	-1103.55944824
13.150001	146.67303467	5.91049194	-2584.32739258	80.88907623	-73.74439240	-439.17639160
13.160000	146.08689880	-17.39451027	-1844.17028809	80.42423248	-52.02833557	278.17221069
13.170000	145.71243286	-25.45127678	-1139.09033203	79.97731018	-43.20996475	446.28082275
13.180000	145.68388367	-25.19340324	-884.90643311	79.58631134	-45.60457611	-64.56416321
13.190001	145.65216064	-27.74174881	-1084.27221680	79.21228790	-52.46225739	-658.03045654
13.200000	145.31489563	-42.00630188	-1542.81591797	78.66709900	-61.38788605	-940.36907959
13.210000	144.88562012	-64.96454620	-2002.74279785	78.00384521	-72.58503723	-1045.88952637
13.220000	143.97119141	-90.44367218	-2264.00073242	77.11103821	-84.43012238	-1102.84875488
13.230000	143.08900452	-114.65033722	-2287.05175781	76.27892303	-95.58073425	-1141.96398926
13.240000	141.70407104	-135.62748718	-2104.79052734	75.24973297	-106.05811310	-1133.59313965
13.250000	140.23410034	-156.76663208	-1806.98828125	74.19484711	-117.63788605	-1100.90478516
13.260000	138.54476929	-175.62980652	-1473.97875977	72.92575073	-129.82057190	-1023.78692627
13.270000	136.75779724	-188.30654907	-1095.66210938	71.56974792	-140.05450439	-824.40289307
13.280001	134.66661072	-196.71299744	-685.89739990	70.05054474	-149.19419861	-506.15335083
13.290000	132.65519714	-200.24845886	-311.44357300	68.52309418	-152.94468689	-88.00480652
13.300000	130.52668762	-201.30207825	-26.20760536	66.94332123	-151.24174500	519.72680664
13.310000	128.65661621	-200.26422119	73.79022980	65.33971405	-144.99882507	1207.98767090
13.320001	126.66610718	-196.33552551	101.40812683	63.95018768	-130.95066833	1703.75451660
13.330000	124.66462708	-193.95491028	207.12686157	62.62984848	-105.30859375	2015.23669434
13.340000	122.66878510	-196.78547668	193.05889893	61.57245255	-78.67660522	2206.74658203
13.350000	120.85755920	-193.99909973	30.63862991	60.96283340	-58.06185150	2136.69897461
13.360001	118.87064362	-188.50523376	19.83184814	60.81272888	-39.00095367	1900.52502441
13.370000	116.84006500	-190.64146423	26.41843033	60.53346252	-20.11607361	1859.15881348
13.380000	115.12094879	-194.92218018	-246.51348877	60.21012115	-4.70930719	2057.46069336
13.390000	113.26635742	-193.84002686	-486.82452393	60.08113861	13.34311104	2229.85180664
13.400001	111.16391754	-197.74519348	-444.85116577	60.40288162	39.12159348	2237.18798828
13.410000	109.12670135	-208.99403381	-464.66546631	60.94344330	69.32659149	2017.20300293
13.420000	107.13291931	-215.32273865	-645.13647461	61.84573746	91.96472168	1429.69824219
13.430000	104.96083832	-215.27117920	-592.81549072	62.86507797	103.05451965	524.92663574
13.440001	102.58666992	-221.65266418	-333.06857300	64.24820709	101.61517334	-469.37991333
13.450000	100.38910675	-231.39590454	-207.92134094	65.24889374	88.97008514	-1290.20507813
13.460000	98.29917145	-231.80693054	-51.99699020	66.20108795	70.58785248	-1717.06555176
13.470000	95.75904846	-227.06616211	372.00048828	66.57134247	46.50510025	-1805.28771973
13.480000	93.31726074	-223.67311096	740.59265137	66.93260193	25.44530106	-1666.00488281
13.490001	91.12947845	-215.10491943	859.76354980	67.16056061	12.99508381	-1292.42529297
13.500000	89.14199829	-201.43392944	937.05084229	67.02964020	1.06391907	-721.50640869
13.510000	87.25249481	-191.03787231	1003.81872559	67.08196259	-4.31410456	-169.54627991
13.520000	85.36363983	-182.85267639	964.05432129	67.02325439	-4.92871571	108.54572296
13.530001	83.53280640	-174.61547852	909.24731445	66.68424988	4.45632935	590.88110352
13.540000	81.77775574	-165.20677185	888.59527588	67.06620026	13.84137440	1073.21643066
13.550000	80.20700073	-155.24826050	847.53106689			
13.560000	78.74131775	-145.94178772	794.17724609			
13.570001	77.36141968	-139.32762146	720.10321045			
13.580000	75.99832916	-133.61027527	622.19439697			
13.590000	74.68104553	-127.10964966	583.27117920			
13.600000	73.35591888	-121.56403351	636.09344482			
13.610001	72.23783875	-116.53918457	686.03332520			
13.620000	71.14234161	-109.13314056	724.14935303			
13.630000	70.05708313	-100.07769012	819.39941406			
13.640000	69.00058746	-92.07852173	936.38995361			
13.650001	68.14661407	-83.43244934	1010.53527832			
13.660000	67.43051910	-72.42259979	1102.74267578			
13.670000	66.75302887	-60.06685638	1286.27246094			
13.680000	66.13684082	-47.76318741	1511.06689453			
13.690001	65.70047760	-32.85064697	1730.43090820			
13.700000	65.44738007	-13.34756184	1992.13232422			
13.710000	65.39547729	8.68873596	2281.54199219			
13.720000	65.57114410	32.43865967	2485.61425781			
13.730000	66.02822113	59.21121979	2593.25000000			
13.740001	66.71042633	87.11808014	2682.77807617			
13.750000	67.72541046	113.82369232	2719.99194336			
13.760000	69.05665588	140.32566833	2653.98461914			
13.770000	70.60866547	168.17765808	2564.16918945			
13.780001	72.37052917	194.00468445	2478.33935547			
13.790000	74.41374207	217.21342468	2278.28344727			
13.800000	76.81140137	239.91552734	1932.21313477			
13.810000	79.33272552	260.34048462	1538.00781250	68.04376984	-59.18312073	1187.31542969
13.820001	82.03731537	273.82577515	1077.69470215	67.50403595	-48.12431335	970.87365723
13.830000	84.88972473	280.58325195	582.61920166	66.96266174	-37.06550598	754.43182373
13.840000	87.82312012	283.45648193	254.07536316	66.41963196	-28.67959213	470.80560303
13.850000	90.67845154	281.21438599	230.93769836	66.47631073	-25.77571678	2.50666928
13.860001	93.45330048	279.93881226	463.56198120	66.40444946	-26.66002846	-387.52868652
13.870000	96.19139862	284.29156494	854.88531494	66.19228363	-35.86260223	-499.82180786
13.880000	98.87129974	297.28894043	1202.73559570	65.62440491	-47.84870148	-279.92767334
13.890000	101.92369843	315.49572754	1250.19604492	64.97434998	-52.35716248	268.92922974
13.900001	105.13617706	333.82604980	848.67120361	64.29949951	-46.74568176	1059.72460938
13.910000	108.80494690	342.85931396	11.49164772	63.90592957	-28.51651382	1546.82604980
13.920000	112.38311005	339.33523560	-1070.14636230	63.61917114	-4.01350641	1383.56335449
13.930000	115.91959381	320.30880737	-2104.62963867	63.71374512	21.71204758	953.36840820
13.940001	118.95625305	289.81823730	-2791.58081055	64.13401794	23.53350258	681.09002686
13.950000	121.79454803	253.28393555	-2978.10351563	64.72577667	11.46952248	608.96752930
13.960000	123.99185944	218.38995361	-2612.46459961	65.32604980	10.52576637	1074.84460449
13.970000	126.08251190	192.70935059	-1691.42675781	64.35700989	28.87713051	2386.48950195
13.980000	127.57491302	178.13192749	-396.12017822	64.27319336	58.37325668	3686.80541992
13.990001	129.28195190	179.53089905	832.11462402	64.91334534	105.97368622	4082.89453125
14.000000	130.92877197	200.13916016	1875.01989746	67.04359436	167.38191223	3715.15795898
14.010000	132.93090820	231.39775085	2559.33276367	69.11982727	210.43872070	2931.86279297
14.020000	135.39027405	259.71017456	2365.00000000	71.33502960	225.13096619	1596.16418457
14.030001	138.44912720	292.06884766	1264.66589355	73.77369690	225.89135742	7.01433802
14.040000	141.53375244	308.07519531	137.50762939	76.03987885	223.36972046	-1005.22467041
14.050000	144.66490173	294.90661621	-643.00561523	78.19181061	206.40943909	-1335.97192383
14.060000	148.14541626	261.64321899	-1523.94812012	80.46393585	180.18696594	-1458.83935547
14.070001	150.55183411	247.45710754	-1587.88940430	82.11972809	164.95742798	-1252.54663086
14.080000	152.50021362	240.74349976	-906.82519531	83.50524902	157.02183533	-554.45373535
14.090000	153.86380005	218.58468628	-681.05810547	84.46353149	151.90269470	157.05108643
14.100000	157.18550110	235.81846619	-321.92776489	86.38113403	159.53094482	552.67321777
14.110001	159.57431030	225.65155029	-588.59790039	88.04899597	172.16606140	985.83142090
14.120000	161.42225647	215.48463440	-855.26806641	89.90388489	184.80117798	1418.98962402
14.130000						
14.140000						
14.150001						
14.160000						
14.170000						
14.180000						
14.190001						
14.200000						
14.210000						
14.220000						
14.230000						
14.240001						
14.250000						
14.260000						
14.270000						
14.280001						
14.290000						
14.300000						
14.310000						
14.320001						
14.330000						
14.340000						
14.350000						
14.360001						
14.370000						
14.380000						
14.390000						
14.400001						
14.410000	127.92443848	-274.01837158	2205.86523438	65.63787079	-155.81156921	3450.17187500
14.420000	124.83847809	-252.93350220	1460.84130859	63.87627029	-120.33138275	3258.61328125
14.430000	122.66091156	-231.84864807	715.81738281	62.89135742	-84.85119629	3067.05468750
14.440001	120.59244537	-236.15003967	415.77096558	62.08595657	-65.13188171	3317.25000000
14.450000	118.31257629	-229.05711365	-400.15194702	61.66477585	-27.07048988	3297.99023438
14.460000	115.80960083	-238.19648743	-849.04461670	61.50117111	7.61702824	3356.71435547
14.470000	113.41674805	-252.47566223	-1105.65173340	61.70603943	45.25782013	3144.08178711
14.480000	110.97225189	-268.01330566	-1371.36645508	62.34159088	79.46306610	2457.28320313
14.490001	108.36858368	-281.82937622	-1279.82080078	63.42498779	101.96955872	1509.00305176
14.500000	105.26438904	-292.99627686	-745.21075439	64.78974915	113.22145081	396.15209961
14.510000	102.07949829	-305.97000122	46.18962479	66.14437103	108.60735321	-592.82153320
14.520000	99.00077057	-305.96432495	774.65588379	67.06620026	92.76211548	-1397.93420410
14.530001	96.09564972	-285.01705933	1590.58947754	68.05851746	73.23143768	-1795.30078125
14.540000	92.84854126	-260.37738037	2368.29589844	68.38877106	52.19688034	-1837.85791016
14.550000	90.48546600	-236.08366394	2570.44116211	69.03002167	29.38003349	-1842.13684082
14.560000	88.44205475	-205.20660400	2370.49267578	69.19833374	18.30069160	-1687.61279297
14.570001	86.61651611	-178.03858948	2158.40966797	69.22321320	0.67863464	-1683.29931641
14.580000	84.94885254	-162.08406067	1833.59301758	68.97705078	-16.94342232	-1678.98583984
14.590000	83.41896057	-147.39341736	1433.76025391			
14.600000	81.95918274	-134.88623047	1204.45935059			
14.610001	80.72071838	-123.91592407	1065.55786133			
14.620000	79.56308746	-113.76164246	879.77160645			
14.630000	78.48804474	-104.56484985	689.51641846			
14.640000	77.47225952	-98.78666687	505.26483154			
14.650001	76.50947571	-95.61595917	322.60595703			
14.660000	75.66338348	-94.15912628	172.39785767			
14.670000	74.69934082	-92.88851166	114.67436981			
14.680000	73.76255798	-92.58460999	140.19869995			
14.690001	72.77451324	-92.13358307	207.18763733			
14.700000	71.90586853	-89.49438477	298.85964966			
14.710000	71.01264954	-85.52112579	424.07281494			
14.720000	70.16747284	-80.34362793	560.54431152			
14.730000	69.36791229	-74.73875427	699.96099854			
14.740001	68.63636780	-67.35248566	868.28802490			
14.750000	68.02088165	-58.09427643	1100.79541016			
14.760000	67.45142365	-46.42499161	1396.47326660			
14.770000	67.02540588	-31.62784386	1706.65844727			
14.780001	66.74129486	-12.42834663	2004.51623535			
14.790000	66.67326355	10.25759315	2259.37109375			
14.800000	66.88983917	34.74953842	2427.77001953			
14.810000	67.39577484	60.44692612	2491.30517578			
14.820001	68.13881683	86.06236267	2486.99194336			
14.830000	69.12191010	111.04017639	2472.88989258			
14.840000	70.33742523	134.83467102	2453.87158203			
14.850000	71.82192993	158.59533691	2409.87255859			
14.860001	73.55158234	183.74372864	2329.33642578			
14.870000	75.46592712	207.74967957	2218.01293945			
14.880000	77.66956329	229.76028442	2046.38037109			
14.890000	80.14762878	248.46617126	1778.54370117			
14.900001	82.75354767	265.76690674	1482.25268555			
14.910000	85.54679108	279.83676147	1238.08666992	66.47024536	16.56379700	-1199.70312500
14.920000	88.28705597	289.14178467	1618.77819824	67.00939178	6.16760254	-859.71893311
14.930000	91.37252045	297.85772705	522.55590820	66.48753357	-4.22859192	-519.73480225
14.940001	94.36087799	309.44873047	-3311.01293945	66.46911621	-9.06314850	-323.01748657
14.950000	97.44391632	345.08328247	-3101.50805664	66.53171539	-12.59256935	19.85676003
14.960000	100.68405914	222.56373596	1407.33740234	66.43301392	-3.30880475	-953.50708008
14.970000	104.15273285	68.92769623	1652.50402832	66.18410492	-7.05521870	-3513.92187500
14.980000	108.03363037	262.73950195	2646.77416992	66.19855499	-8.09513664	-4837.92236328
14.990001	99.86106110	440.30206299	9594.75976563	66.26199341	-120.73014069	-4284.46435547
15.000000	103.16903687	391.04040527	8494.44238281	65.86930084	-236.00018311	-3360.86767578
15.010000	121.24355316	503.85186768	-1008.50213623	64.86821747	-236.61129761	-21.54305649
15.020000	125.00132751	640.72851563	-3793.28784180	55.65782547	-189.60528564	6493.37695313
15.030001	127.98384094	431.54937744	-3465.46191406	54.66173172	-124.97676086	9832.60156250
15.040000	130.26855469	246.62176514	-6367.13964844	54.98543167	33.07154846	9065.72558594
15.050000	132.51353455	250.24890137	-5492.07617188	58.66882706	217.91632080	10900.16503906
15.060000	135.12052917	269.71359253	-414.20440674	60.82907104	238.27133179	6702.22802734
15.070001	138.21444702	289.17828369	4663.66748047	63.24305344	258.62634277	2504.29101563
15.080000						
15.090000						
15.100000						
15.110001						
15.120000						
15.130000						
15.140000						
15.150001						
15.160000						
15.170000						
15.180000						
15.190001						
15.200000						
15.210000						
15.220000						
15.230000						
15.240001						
15.250000						
15.260000						
15.270000						
15.280001						
15.290000						
15.300000						
15.310000						
15.320001						
15.330000						
15.340000						
15.350000						
15.360001						
15.370000						
15.380000						
15.390000						
15.400001						
15.410000						
15.420000						
15.430000						
15.440001						
15.450001						
15.460000						
15.470000						
15.480000						
15.490001						
15.500000						
15.510000						
15.520000						
15.530001						
15.540000						
15.550000						
15.560000						
15.570001						
15.580000						
15.590000						
15.600000						
15.610001						
15.620000						
15.630000						
15.640000						
15.650001						
15.660000						
15.670000						
15.680000						
15.690001						
15.700001						
15.710000						
15.720000						
15.730000						
15.740001						
15.750000						
15.760000						
15.770000						
15.780001						
15.790000						
15.800000						
15.810000						
15.820001						
15.830000						
15.840000						
15.850000						
15.860001						
15.870000						
15.880000						
15.890000						
15.900001						
15.910000						
15.920000						
15.930000						
15.940001						
15.950001						
15.960000						
15.970000						
15.980000						
15.990001						
16.000000						
16.010000						
16.020000						
16.030001						
16.040001						
16.050001						
16.059999						
16.070000						
16.080000						
16.090000						
16.100000						
16.110001						
16.120001						
16.130001						
16.139999						
16.150000						
16.160000						
16.170000						
16.180000						
16.190001						
16.200001						
16.210001						
16.220001						
16.230000	161.77708435	-7.70009375	444.93804932	84.18109894	1.72055578	168.55895996
16.240000	161.74430847	-3.65905762	442.45147705	84.24430847	2.63442993	131.59306335
16.250000	161.70178223	0.38197833	439.96490479	84.27688599	3.54830408	94.62716675
16.260000	161.63832092	6.70839930	356.73141479	84.15207672	8.40326881	-63.08778000
16.270000	161.65805054	10.01345253	316.78393555	84.31457520	5.45552540	-153.25257874
16.280001	162.02481079	11.28565407	199.22700500	84.57467651	1.15598035	-322.65322876
16.290001	162.12899780	13.33681679	101.20633698	84.59454346	-2.53372192	-382.42053223
16.300001	162.28874207	14.17452431	127.55378723	84.44358063	-7.31805134	-211.81762695
16.309999	162.18373108	13.17125893	150.03146362	84.10363007	-11.32214832	-34.25129700
16.320000	162.42906189	15.26921558	89.21403503	84.09852600	-9.92679596	70.38391876
16.330000	162.65083313	18.79971695	5.93502522	84.07691956	-4.27951813	162.28948975
16.340000	162.85852051	19.73050308	-91.63228607	84.03711700	-1.44246411	180.64698792
16.350000	163.10408020	16.25416946	-203.29096985	84.06694031	-1.79462421	63.29039383
16.360001	163.21028137	11.44218445	-240.88858032	84.01898193	-1.81420636	-27.37733650
16.370001	163.31297302	7.76850367	-171.46084595	83.99444580	-3.17217493	31.67015076
16.380001	163.36991882	7.09088612	-29.07011414	83.99806213	-4.35320520	84.55487823
16.389999	163.30055237	8.96733570	109.97557831	83.91813660	-2.15810132	183.07347107
16.400000	163.48327637	10.98403931	187.41265869	83.87472534	2.35188794	404.03799438
16.410000	163.57859802	13.79445362	221.59222412	83.82273865	3.27351880	452.16833496
16.420000	163.84910583	15.54870605	199.17292786	84.00593567	11.45019531	635.89984131
16.430000	163.94160461	17.30295944	176.75363159	84.19165039	19.62687111	819.63134766
